fecha,seccion,apartado,referencia,empresa,texto,url
20260821,A,BARCELONA,387297,IMPRINTER SL,"Revocaciones. ADMINISTR.: TREVEJO PORTILLO ANDRES. LIQUIDADOR: TREVEJO PORTILLO ANDRES. Nombramientos. LIQUIDADOR: TREVEJO PORTILLO ANDRES. Extinción.  Datos registrales. S 8 , H B 51753, I/A 5 (15.08.26).",https://www.boe.es/diario_borme/xml.php?id=BORME-A-2026-161-08
20260821,A,BARCELONA,387355,COLORES RUZ SL,"Revocaciones. ADM.UNICO: RUZ CONDE FRANCISCO. LIQUIDADOR: RUZ CONDE FRANCISCO. Nombramientos. LIQUIDADOR: RUZ CONDE FRANCISCO. Extinción.  Datos registrales. S 8 , H B 255019, I/A 5 (14.08.26).",https://www.boe.es/diario_borme/xml.php?id=BORME-A-2026-161-08
20260821,A,BARCELONA,387367,"BIRDSTICK CORPORATE FINANCE SP, S.L","Revocaciones. ADM.UNICO: IL LUGRACIA SL. REPR.143 RRM: GRACIA ABIAN CASIMIRO. LIQUIDADOR: GRACIA ABIAN CASIMIRO. Nombramientos. LIQUIDADOR: GRACIA ABIAN CASIMIRO. Extinción.  Datos registrales. S 8 , H B 297257, I/A 15 (14.08.26).",https://www.boe.es/diario_borme/xml.php?id=BORME-A-2026-161-08
20260821,A,BARCELONA,387371,VMWARE INTERNATIONAL SPAIN S.L,"Disolución. Fusion.  Datos registrales. S 8 , H B 540794, I/A 32 (14.08.26).",https://www.boe.es/diario_borme/xml.php?id=BORME-A-2026-161-08
20260821,A,BARCELONA,387400,SPEED DOOR ESPAÑA SL,"Revocaciones. ADM.UNICO: VAZQUEZ AGUILERA JORGE. Nombramientos. ADM.CONCURS.: BAIGORRI PUERTO MARIA JESUS. Otros conceptos: JUZGADO DE LO MERCANTIL NUMERO 1 DE BARCELONA, PROCEDIMIENTO CONCURSO VOLUNTARIO 1351/2022, AUTO FIRME 16/11/2022, DECLARACION DE CONCURSO VOLUNTARIO;AUTO FIRME 10/01/2023: APERTURA DE LA FASE DE LIQUIDACION. Disolución. Judicial.  Datos registrales. S 8 , H B 240664, I/A 16 (14.08.26).",https://www.boe.es/diario_borme/xml.php?id=BORME-A-2026-161-08
20260821,A,BARCELONA,387410,VEON WELLNESS S.L,"Revocaciones. ADM.UNICO: VELEZ CAÑAVERAS JORGE. LIQUIDADOR: VELEZ CAÑAVERAS JORGE. Nombramientos. LIQUIDADOR: VELEZ CAÑAVERAS JORGE. Extinción.  Datos registrales. S 8 , H B 636607, I/A 3 (14.08.26).",https://www.boe.es/diario_borme/xml.php?id=BORME-A-2026-161-08
20260821,A,BARCELONA,387413,SANIK 5000 S.L,"Revocaciones. ADM.UNICO: SURESH KUMAR ASWANI DEVI. LIQUIDADOR: MARTINEZ BORRAS SANTIAGO;SURESH GARCIA ALBERTO. Nombramientos. LIQUIDADOR: MARTINEZ BORRAS SANTIAGO;SURESH GARCIA ALBERTO. Extinción.  Datos registrales. S 8 , H B 570870, I/A 3 (14.08.26).",https://www.boe.es/diario_borme/xml.php?id=BORME-A-2026-161-08
20260821,A,BARCELONA,387414,LLOPART EUROCONSEJO SL,"Reducción de capital. Importe reducción: 12.026,01 Euros. Resultante Suscrito: 108.234,09 Euros. Reducción de capital. Importe reducción: 12.026,01 Euros. Resultante Suscrito: 96.208,08 Euros. Reducción de capital. Importe reducción: 12.026,01 Euros. Resultante Suscrito: 84.182,07 Euros.  Datos registrales. S 8 , H B 81740, I/A 12 (14.08.26).",https://www.boe.es/diario_borme/xml.php?id=BORME-A-2026-161-08
20260821,A,BARCELONA,387417,HADI INVESTMENTS AND ASSETS SL,"Reducción de capital. Importe reducción: 3.265.929,00 Euros. Resultante Suscrito: 1.537.071,00 Euros.  Datos registrales. S 8 , H B 436502, I/A 12 (14.08.26).",https://www.boe.es/diario_borme/xml.php?id=BORME-A-2026-161-08
20260821,A,BARCELONA,387422,PROMOTORA NAVESA SA,"Nombramientos. LIQUIDADOR: ENSEÑAT ROCAFORT ALEX. Disolución. Voluntaria.  Datos registrales. S 8 , H B 25412, I/A 16 (14.08.26).",https://www.boe.es/diario_borme/xml.php?id=BORME-A-2026-161-08
20260821,A,BARCELONA,387425,DISEÑO Y PROYECTOS SA,"Revocaciones. APODERADO: FERRER ORTIZ MARIA JOSE;FERRER ORTIZ YVONNE;FERRER ORTIZ YVONNE;ORTIZ GARCIA MARIA ASUNCION;FERRER ORTIZ YVONNE;FERRER ORTIZ MARIA ASUNCION;FERRER ORTIZ MARIA JOSE. Extinción.  Datos registrales. S 8 , H B 30709, I/A 32 (14.08.26).",https://www.boe.es/diario_borme/xml.php?id=BORME-A-2026-161-08
20260821,A,BARCELONA,387427,GESIMFER SL,"Revocaciones. ADM.UNICO: LAMIONI SL. REPR.143 RRM: FERRER ORTIZ MARIA JOSE. Nombramientos. ADM.UNICO: FERRER ORTIZ MARIA JOSE. Otros conceptos: DECLARACION DE LA PERDIDA DEL CARACTER DE UNIPERSONAL. Fusión por absorción. Sociedades absorbidas: DISEÑO Y PROYECTOS SA. LAMIONI SL.  Datos registrales. S 8 , H B 122580, I/A 24 (14.08.26).",https://www.boe.es/diario_borme/xml.php?id=BORME-A-2026-161-08
20260821,A,BARCELONA,387428,LAMIONI SL,"Revocaciones. APODERADO: FERRER ORTIZ JOSE MARIA;FERRER ORTIZ YVONNE;FERRER ORTIZ MARIA JOSE;ORTIZ GARCIA MARIA ASUNCION;FERRER ORTIZ JOSE MARIA;FERRER ORTIZ YVONNE;FERRER ORTIZ MARIA ASUNCION;FERRER ORTIZ MARIA JOSE. Extinción.  Datos registrales. S 8 , H B 264596, I/A 11 (14.08.26).",https://www.boe.es/diario_borme/xml.php?id=BORME-A-2026-161-08
20260821,A,BARCELONA,387484,EAJ TERMOSISTEMAS S.L,"Revocaciones. ADM.UNICO: PINDADO GONZALEZ ENRIQUE. LIQUIDADOR: PINDADO GONZALEZ ENRIQUE. Nombramientos. LIQUIDADOR: PINDADO GONZALEZ ENRIQUE. Extinción.  Datos registrales. S 8 , H B 546156, I/A 3 (14.08.26).",https://www.boe.es/diario_borme/xml.php?id=BORME-A-2026-161-08
20260821,A,BARCELONA,387490,YACHTING VENTURE S.L,"Revocaciones. ADM.UNICO: ROSA DEL GAUDIO. LIQUIDADOR: ROSA DEL GAUDIO. Nombramientos. LIQUIDADOR: ROSA DEL GAUDIO. Extinción.  Datos registrales. S 8 , H B 548268, I/A 2 (14.08.26).",https://www.boe.es/diario_borme/xml.php?id=BORME-A-2026-161-08
20260821,A,BARCELONA,387492,BEMACAL DE TOT SL,"Revocaciones. ADM.UNICO: DE LUIS JIMENEZ JOSE ALEJANDRO. Otros conceptos: SECCION MERCANTIL TI BARCELONA.P.2,PROCEDIMIENTO ESPECIAL DE LIQUIDACION 323/2024, AUTOS FIRMES 03/09/2024 Y 23/07/2026, APERTURA Y CONCLUSION DEL PROCEDIMIENTO ESPECIAL DE LIQUIDACION PARA MICROEMPRESAS PREVISTO EN LA LEY CONCURSAL. Extinción.  Datos registrales. S 8 , H B 427290, I/A 4 (14.08.26).",https://www.boe.es/diario_borme/xml.php?id=BORME-A-2026-161-08
20260821,A,BARCELONA,387493,GROC LLAR SL,"Otros conceptos: SECCION MERCANTIL TI BARCELONA.PLAZA 2.CONCURSO VOLUNTARIO 1619/2025, AUTO FIRME DE FECHA 16/04/2026, DECLARACION DE CONCURSO VOLUNTARIO;AUTO FIRME 20/07/2026,CONCLUSION DE CONCURSO Y CIERRE PROVISIONAL DE LA HOJA REGISTRAL.  Datos registrales. S 8 , H B 401051, I/A 10 (14.08.26).",https://www.boe.es/diario_borme/xml.php?id=BORME-A-2026-161-08
20260821,A,BARCELONA,387496,DOOFITS S.L,"Revocaciones. ADM.SOLIDAR.: GOMEZ PORRAS PABLO;MORAN CARRO ISMAEL;MORALES PRIETO AURELIO ANTONIO. LIQUIDADOR: MORAN CARRO ISMAEL. Nombramientos. LIQUIDADOR: MORAN CARRO ISMAEL. Extinción.  Datos registrales. S 8 , H B 529635, I/A 5 (14.08.26).",https://www.boe.es/diario_borme/xml.php?id=BORME-A-2026-161-08
20260821,A,BARCELONA,387501,CVC GRUPO CONSEJEROS SL,"Revocaciones. ADM.UNICO: VILARRUBI CARRIO CARLES. LIQUIDADOR: VILARRUBI I JORDA EDUARD. Nombramientos. LIQUIDADOR: VILARRUBI I JORDA EDUARD. Extinción.  Datos registrales. S 8 , H B 43061, I/A 31 (14.08.26).",https://www.boe.es/diario_borme/xml.php?id=BORME-A-2026-161-08
20260821,A,BARCELONA,387508,GINARPRADOS SL,"Revocaciones. ADM.SOLIDAR.: PRATS ESTRADERA NARCISO. Fusión por absorción. Sociedades absorbidas: JORNARPRADOS SL.  Datos registrales. S 8 , H B 186010, I/A 16 (14.08.26).",https://www.boe.es/diario_borme/xml.php?id=BORME-A-2026-161-08
20260821,A,BARCELONA,387509,JORNARPRADOS SL,"Revocaciones. ADM.SOLIDAR.: PRATS ESTRADERA NARCISO. Extinción.  Datos registrales. S 8 , H B 337028, I/A 8 (14.08.26).",https://www.boe.es/diario_borme/xml.php?id=BORME-A-2026-161-08
20260821,A,BARCELONA,387516,"MY HOME, MY KINGDOM S.L","Revocaciones. ADM.SOLIDAR.: DE MARCOS HIDALGO LAURA;JIMENEZ DE MARCOS RAUL. LIQUIDADOR: DE MARCOS HIDALGO LAURA. Nombramientos. LIQUIDADOR: DE MARCOS HIDALGO LAURA. Extinción.  Datos registrales. S 8 , H B 566127, I/A 2 (14.08.26).",https://www.boe.es/diario_borme/xml.php?id=BORME-A-2026-161-08
20260821,A,BARCELONA,387522,GOLDEN PANTONE S.L,"Revocaciones. ADM.SOLIDAR.: ZAMORA CASTILLO CRISTIAN;BALSA FERNANDEZ GONZALO. LIQUIDADOR: BALSA FERNANDEZ GONZALO;ZAMORA CASTILLO CRISTIAN. Nombramientos. LIQUIDADOR: BALSA FERNANDEZ GONZALO;ZAMORA CASTILLO CRISTIAN. Extinción.  Datos registrales. S 8 , H B 630419, I/A 2 (14.08.26).",https://www.boe.es/diario_borme/xml.php?id=BORME-A-2026-161-08
20260821,A,BARCELONA,387524,CITRIC MULTIMEDIA SL,"Revocaciones. ADM.UNICO: VILA MASSAGUE ANA. Nombramientos. LIQUIDADOR: MARTORI RIGOL MARTI. Disolución. Voluntaria.  Datos registrales. S 8 , H B 189548, I/A 8 (15.08.26).",https://www.boe.es/diario_borme/xml.php?id=BORME-A-2026-161-08
20260821,C,FUSIONES Y ABSORCIONES DE EMPRESAS,BORME-C-2026-4794,"CLASSTRUCKS SPAIN, S.L.U. 
(SOCIEDAD ABSORBENTE) 
CLASS TRUCKS IBERIA, S.L.U. 
(SOCIEDAD ABSORBIDA)",,https://www.boe.es/diario_borme/xml.php?id=BORME-C-2026-4794
20260821,A,BARCELONA,387291,SRJ CAPITAL INVEST S.L,"Constitución. Comienzo de operaciones: 7.08.26. Objeto social: ACTIVIDAD PRINCIPAL: 6811 / COMPRAVENTA DE BIENES INMOBILIARIOS POR CUENTA PROPIA. OTRAS ACTIVIDADES: 4618 / ACTIVIDADES DE INTERMEDIARIOS DEL COMERCIO AL POR MAYOR DE OTROS PRODUCTOS ESPECIFICOS. Domicilio: PS MARE NOSTRUM NUM.19 (BADALONA). Capital: 3.000,00 Euros. Nombramientos. ADM.UNICO: SARAIVA SOARES SILVIO.  Datos registrales. S 8 , H B 662092, I/A 1 (10.08.26).",https://www.boe.es/diario_borme/xml.php?id=BORME-A-2026-161-08
20260821,A,BARCELONA,387292,PIGASSA SL,"Cambio de domicilio social. CL CISTERNA Num.18 (TERRASSA).  Datos registrales. S 8 , H B 107207, I/A 10 (14.08.26).",https://www.boe.es/diario_borme/xml.php?id=BORME-A-2026-161-08
20260821,A,BARCELONA,387293,ENCOFRADOS HISPALIS S.L,"Revocaciones. ADM.SOLIDAR.: PROAÑO ZAMBRANO JOSE MIGUEL.  Datos registrales. S 8 , H B 630253, I/A 3 (14.08.26).",https://www.boe.es/diario_borme/xml.php?id=BORME-A-2026-161-08
20260821,A,BARCELONA,387294,VAGOCAR 2026 S.L,"Constitución. Comienzo de operaciones: 14.08.26. Objeto social: ACTIVIDAD PRINCIPAL: 8240 / ACTIVIDADES DE INTERMEDIACION PARA SERVICIOS DE APOYO A LAS EMPRESAS N.C.O.P. Domicilio: CL MATARO NUM.27 P.1 PTA.3 (PRAT DE LLOBREGAT (EL)). Capital: 3.000,00 Euros. Nombramientos. ADM.UNICO: LUNA BARRAGAN RUBEN.  Datos registrales. S 8 , H B 662319, I/A 1 (14.08.26).",https://www.boe.es/diario_borme/xml.php?id=BORME-A-2026-161-08
20260821,A,BARCELONA,387295,BKSTAY SOLUTIONS S.L,"Constitución. Comienzo de operaciones: 12.08.26. Objeto social: ACTIVIDAD PRINCIPAL: 5540 / ACTIVIDADES DE INTERMEDIACION PARA LOS SERVICIOS DE ALOJAMIENTO. OTRAS ACTIVIDADES: 4791 / ACTIVIDADES DE SERVICIOS DE INTERMEDIACION PARA EL COMERCIO AL POR MENOR NO ESPECIALIZADO. ETC. Domicilio: CL DOCTOR CADEVALL NUM.17 P.5 PTA.2 (BARCELONA). Capital: 3.000,00 Euros. Nombramientos. ADM.UNICO: BARBARA MARZENA KLIMKOWICZ. Otros conceptos: DECLARACION DE SOCIEDAD UNIPERSONAL, SIENDO SOCIO UNICO BARBARA MARZENA KLIMKOWICZ.  Datos registrales. S 8 , H B 662318, I/A 1 (14.08.26).",https://www.boe.es/diario_borme/xml.php?id=BORME-A-2026-161-08
20260821,A,BARCELONA,387296,MOVAL GO S.L,"Constitución. Comienzo de operaciones: 14.08.26. Objeto social: ACTIVIDAD PRINCIPAL: 7711 ALQUILER DE AUTOMOVILES Y VEHICULOS DE MOTOR LIGEROS. OTRAS ACTIVIDADES: 47.81 COMERCIO AL POR MENOR DE VEHICULOS DE MOTOR. 46.71 COMERCIO AL POR MAYOR DE VEHICULOS DE MOTOR, ETC. Domicilio: CL RIERA DE SANT PERE NUM.70 (PREMIA DE DALT). Capital: 60.000,00 Euros. Nombramientos. ADM.SOLIDAR.: MOLINERO MONSO MIQUEL;VALDES ALVAREZ JOSE MANUEL.  Datos registrales. S 8 , H B 662322, I/A 1 (14.08.26).",https://www.boe.es/diario_borme/xml.php?id=BORME-A-2026-161-08
20260821,A,BARCELONA,387297,IMPRINTER SL,"Revocaciones. ADMINISTR.: TREVEJO PORTILLO ANDRES. LIQUIDADOR: TREVEJO PORTILLO ANDRES. Nombramientos. LIQUIDADOR: TREVEJO PORTILLO ANDRES. Extinción.  Datos registrales. S 8 , H B 51753, I/A 5 (15.08.26).",https://www.boe.es/diario_borme/xml.php?id=BORME-A-2026-161-08
20260821,A,BARCELONA,387298,AZ SERVICIOS JURIDICOS S.L.P,"Cambio de domicilio social. CL TUSET Num.32 P.6 PTA.2 (BARCELONA).  Datos registrales. S 8 , H B 647842, I/A 3 (14.08.26).",https://www.boe.es/diario_borme/xml.php?id=BORME-A-2026-161-08
20260821,A,BARCELONA,387299,BLIXMA DENTAL S.L,"Otros conceptos: DECLARACION DE UNIPERSONALIDAD. SOCIO UNICO: BLIXMA CAPITAL GROUP S.L.  Datos registrales. S 8 , H B 661062, I/A 2 (14.08.26).",https://www.boe.es/diario_borme/xml.php?id=BORME-A-2026-161-08
20260821,A,BARCELONA,387300,BARBARE 2024 S.L,"Otros conceptos: No aprobacion de las cuentas anuales correspondientes al ejercicio 2025 (Art. 378.5 del Reglamento del Registro Mercantil).  Datos registrales. S 8 , H B 625425, I/A 2 (14.08.26).",https://www.boe.es/diario_borme/xml.php?id=BORME-A-2026-161-08
20260821,A,BARCELONA,387301,CRAFTFUSION SOLUTIONS S.L,"Constitución. Comienzo de operaciones: 14.08.26. Objeto social: ACTIVIDAD PRINCIPAL: 6920 / ACTIVIDADES DE CONTABILIDAD, TENEDURIA DE LIBROS, AUDITORIA Y ASESORIA FISCAL. OTRAS ACTIVIDADES: 4321 / INSTALACIONES ELECTRICAS. 4650 / COMERCIO AL POR MAYOR DE EQUIPOS PARA LAS TECNOLOGIAS . ETC. Domicilio: CL PUIG I CADAFALCH NUM.1514 (CARME). Capital: 3.000,00 Euros. Nombramientos. ADM.SOLIDAR.: CORRETJA MURILLO GEMMA;PERET SANDOVAL ROBERT.  Datos registrales. S 8 , H B 662338, I/A 1 (14.08.26).",https://www.boe.es/diario_borme/xml.php?id=BORME-A-2026-161-08
20260821,A,BARCELONA,387302,BLIXMA ASSETS S.L,"Otros conceptos: DECLARACION DE UNIPERSONALIDAD, SIENDO EL SOCIO UNICO:BLIXMA CAPITAL GROUP, S.L. Datos registrales. S 8 , H B 661075, I/A 2 (15.08.26).",https://www.boe.es/diario_borme/xml.php?id=BORME-A-2026-161-08
20260821,A,BARCELONA,387303,ESA WATER TECHNOLOGIES S.L,"Revocaciones. ADM.UNICO: PLA PUIGBO JORDI. Nombramientos. ADM.UNICO: VILARIÑO REHERMANN MICAELA. Otros conceptos: DECLARACION DE LA UNIPERSONALIDAD. SOCIO UNICO, DON LUCAS VALENTIN VILARIÑO REHERMANN. Cambio de domicilio social. CL BAGES Num.22 (SANT CUGAT DEL VALLES). Cambio de objeto social. AMPLIAR EN: ""- EL DISEÑO, FABRICACION, PERSONALIZACION, ESTAMPACION, BORDADO,IMPRESION DIGITAL, SERIGRAFIA, SUBLIMACION Y COMERCIALIZACION, AL POR MAYOR Y AL POR MENOR, DE PRENDAS TEXTILES, ROPA DEPORTIVA, UNIFORMES, ETC"".  Datos registrales. S 8 , H B 645748, I/A 2 (14.08.26).",https://www.boe.es/diario_borme/xml.php?id=BORME-A-2026-161-08
20260821,A,BARCELONA,387304,ERBECEDO S.L,"Ampliación de capital. Capital: 2.520.000,00 Euros. Resultante Suscrito: 10.653.520,00 Euros.  Datos registrales. S 8 , H B 600929, I/A 5 (14.08.26).",https://www.boe.es/diario_borme/xml.php?id=BORME-A-2026-161-08
20260821,A,BARCELONA,387305,ROSAL INSTALACIONES AGROINDUSTRIALES SA,"Nombramientos. CONSEJERO: ROSAL CEBALLOS ISABEL MARIA;ROSAL VALLEJO CARMEN;RC SIGMA SL. CONS.SUPLENT: RUIZ ROSAL ALEJANDRO;DAMIA LOPEZ JORDI. REPR.143 RRM: ROSAL CEBALLOS JAIME.  Datos registrales. S 8 , H B 51054, I/A 76 (14.08.26).",https://www.boe.es/diario_borme/xml.php?id=BORME-A-2026-161-08
20260821,A,BARCELONA,387306,GAMISAN S.L,"Revocaciones. ADM.SOLIDAR.: SANTIAGO ALEJANDRO SANTINI. Nombramientos. ADM.SOLIDAR.: HACHUEL DUBOIS LAURENCE.  Datos registrales. S 8 , H B 620502, I/A 2 (14.08.26).",https://www.boe.es/diario_borme/xml.php?id=BORME-A-2026-161-08
20260821,A,BARCELONA,387307,GM INTEGRA RRHH SL,"Nombramientos. CONSEJERO: JOHN ALEXANDER OP DE BEECK.  Datos registrales. S 8 , H B 7186, I/A 41 (14.08.26).",https://www.boe.es/diario_borme/xml.php?id=BORME-A-2026-161-08
20260821,A,BARCELONA,387308,SAMIMA SA,"Revocaciones. CONSEJERO: MIRALPEIX SANTIAGO ADOLFO. PRESIDENTE: MIRALPEIX SANTIAGO ADOLFO. CONS. DELEG.: MIRALPEIX SANTIAGO ADOLFO. CONSEJERO: MIRALPEIX SANTIAGO ANTONIO. SECRETARIO: MIRALPEIX SANTIAGO ANTONIO. CONSEJERO: SANTIAGO GOMEZ CARMEN. VICEPRESIDEN: SANTIAGO GOMEZ CARMEN. Nombramientos. CONSEJERO: MIRALPEIX SANTIAGO ADOLFO;MIRALPEIX SANTIAGO ANTONIO;SANTIAGO GOMEZ CARMEN. PRESIDENTE: MIRALPEIX SANTIAGO ADOLFO. VICEPRESIDEN: SANTIAGO GOMEZ CARMEN. SECRETARIO: MIRALPEIX SANTIAGO ANTONIO. CONS.DEL.SOL: MIRALPEIX SANTIAGO ADOLFO. Modificaciones estatutarias. ARTICULO 7.- PRORROGA DEL PLAZO PARA EL DESEMBOLSO DE LOS DIVIDENDOS PASIVOS.  Datos registrales. S 8 , H B 95297, I/A 21 (14.08.26).",https://www.boe.es/diario_borme/xml.php?id=BORME-A-2026-161-08
20260821,A,BARCELONA,387309,OUT OF GREEN S.L,"Otros conceptos: ADQUISICION DE NACIONALIDAD ESPAÑOLA Y DNI POR PARTE DE WEI SHAN (ACTUALMENTE WEI SHAN CHEN),SOCIA UNICA DE LA SOCIEDAD.  Datos registrales. S 8 , H B 570652, I/A 5 (14.08.26).",https://www.boe.es/diario_borme/xml.php?id=BORME-A-2026-161-08
20260821,A,BARCELONA,387310,RIDEON BARCELONA S.L,"Constitución. Comienzo de operaciones: 14.08.26. Objeto social: ACTIVIDAD PRINCIPAL: 4933 / SERVICIOS DE TRANSPORTE DE PASAJEROS BAJO DEMANDA EN VEHICULOS CON CONDUCTOR. OTRAS ACTIVIDADES: 4781 / COMERCIO AL POR MENOR DE VEHICULOS DE MOTOR. ETC. Domicilio: CL CALABRIA NUM.149 ESC.EN PTA.1 (BARCELONA). Capital: 3.000,00 Euros. Nombramientos. ADM.UNICO: IOAN LAURENTIU CONSTANTIN. Otros conceptos: DECLARACION DE SOCIEDAD UNIPERSONAL, SIENDO SOCIO UNICO IOAN LAURENTIU CONSTANTIN.  Datos registrales. S 8 , H B 662347, I/A 1 (14.08.26).",https://www.boe.es/diario_borme/xml.php?id=BORME-A-2026-161-08
20260821,A,BARCELONA,387311,FUSTE RAFA SL,"Revocaciones. ADM.UNICO: SAEZ PLAZA RAFAEL. Nombramientos. ADM.UNICO: GALAN FERNANDEZ PEDRO EMILIO. Otros conceptos: DECLARACION DE UNIPERSONALIDAD. SOCIO UNICO: PEDRO EMILIO GALAN FERNANDEZ. Cambio de domicilio social. PS MARITIM DE LES BOTIGUES DE SITGES Num.22 ESC.D (SITGES).  Datos registrales. S 8 , H B 480601, I/A 2 (14.08.26).",https://www.boe.es/diario_borme/xml.php?id=BORME-A-2026-161-08
20260821,A,BARCELONA,387312,EMPOWERLIFT S.L,"Ampliación de capital. Capital: 12.300,00 Euros. Resultante Suscrito: 15.300,00 Euros. Ampliación de capital. Capital: 5.100,00 Euros. Resultante Suscrito: 20.400,00 Euros. Otros conceptos: DECLARACION DE PERDIDA DE UNIPERSONAL.  Datos registrales. S 8 , H B 626096, I/A 3 (14.08.26).",https://www.boe.es/diario_borme/xml.php?id=BORME-A-2026-161-08
20260821,A,BARCELONA,387313,DUOVIA SERVICIOS DIGITALES S.L,"Constitución. Comienzo de operaciones: 15.09.26. Objeto social: ACTIVIDAD PRINCIPAL: 6220 / ACTIVIDADES DE CONSULTORIA INFORMATICA Y GESTION DE INSTALACIONES INFORMATICAS. OTRAS ACTIVIDADES: 5829 / EDICION DE OTROS PROGRAMAS INFORMATICOS. ETC. Domicilio: CL FRANCESC LAYRET NUM.18 P.4 PTA.A (ESPLUGUES DE LLOBREGAT). Capital: 1,00 Euros. Nombramientos. ADM.UNICO: COSANO PUERTA RAUL. Otros conceptos: DECLARACION DE SOCIEDAD UNIPERSONAL, SIENDO SOCIO UNICO RAUL COSANO PUERTA.  Datos registrales. S 8 , H B 662351, I/A 1 (14.08.26).",https://www.boe.es/diario_borme/xml.php?id=BORME-A-2026-161-08
20260821,A,BARCELONA,387314,EQUITY BORDALLO S.L,"Revocaciones. ADM.UNICO: BORDALLO CORDERO SERGI. Nombramientos. ADM.UNICO: HIDROTECH BORDALLO SL. REPR.143 RRM: BORDALLO CORDERO SERGI.  Datos registrales. S 8 , H B 606265, I/A 2 (14.08.26).",https://www.boe.es/diario_borme/xml.php?id=BORME-A-2026-161-08
20260821,A,BARCELONA,387315,REFORMAS A M 90 SL,"Cambio de denominación social. RAMU CUINES S.L. Cambio de domicilio social. PS COMERCIO Num.137 (SABADELL).  Datos registrales. S 8 , H B 168683, I/A 7 (15.08.26).",https://www.boe.es/diario_borme/xml.php?id=BORME-A-2026-161-08
20260821,A,BARCELONA,387316,ALEMANY ZARAGOZA Y ASOCIADOS SL,"Cambio de domicilio social. CL TUSET Num.32 P.6 PTA.2 (BARCELONA).  Datos registrales. S 8 , H B 183438, I/A 8 (14.08.26).",https://www.boe.es/diario_borme/xml.php?id=BORME-A-2026-161-08
20260821,A,BARCELONA,387317,CHEMIPOL SA,"Nombramientos. ADM.SOLIDAR.: HIPPOCAMPUS GESTIO SL. REPR.143 RRM: BROTO ROMEO ELIAS.  Datos registrales. S 8 , H B 55358, I/A 50 (14.08.26).",https://www.boe.es/diario_borme/xml.php?id=BORME-A-2026-161-08
20260821,A,BARCELONA,387318,XORVIRAP S.L,"Otros conceptos: ADQUISICION DE NACIONALIDAD ESPAÑOLA Y DE DNI POR PARTE DE ARSEN HOVHANNISYAN (ACTUALMENTE ARSEN HOVHANNISYAN KHANDILYAN),ADMINISTRADOR UNICO Y SOCIO UNICO DE LA SOCIEDAD.  Datos registrales. S 8 , H B 640900, I/A 2 (14.08.26).",https://www.boe.es/diario_borme/xml.php?id=BORME-A-2026-161-08
20260821,A,BARCELONA,387319,BLIXMA CAPITAL GROUP S.L,"Nombramientos. APODERAD.SOL: GUIMARAES MAZPULE IRMA CARLOTTA.  Datos registrales. S 8 , H B 661047, I/A 2 (17.08.26).",https://www.boe.es/diario_borme/xml.php?id=BORME-A-2026-161-08
20260821,A,BARCELONA,387320,17 BAGES BUS S.A,"Nombramientos. APOD.SOL/MAN: SAGALES ORTEU RAMON;SAGALES ORTEU ANNA.  Datos registrales. S 8 , H B 77975, I/A 33 (14.08.26).",https://www.boe.es/diario_borme/xml.php?id=BORME-A-2026-161-08
20260821,A,BARCELONA,387321,CENTER VILLAGE S.L,"Revocaciones. ADM.UNICO: MARIO TACINELLI. Nombramientos. ADM.UNICO: MORROS VAZQUEZ FRANCESC XAVIER.  Datos registrales. S 8 , H B 597642, I/A 8 (14.08.26).",https://www.boe.es/diario_borme/xml.php?id=BORME-A-2026-161-08
20260821,A,BARCELONA,387322,VALLESANA DE MANTENIMENTS I SERVEIS SL,"Nombramientos. APODERAD.SOL: HERRUZO CASTELO TEODORO.  Datos registrales. S 8 , H B 104586, I/A 9 (14.08.26).",https://www.boe.es/diario_borme/xml.php?id=BORME-A-2026-161-08
20260821,A,BARCELONA,387323,HOTEL ABBOT S.L,"Nombramientos. APODERAD.SOL: AINUR OSPANOVA.  Datos registrales. S 8 , H B 449241, I/A 7 (14.08.26).",https://www.boe.es/diario_borme/xml.php?id=BORME-A-2026-161-08
20260821,A,BARCELONA,387324,RENTING-RIBS SL,"Cambio de denominación social. PROASAIL S.L.  Datos registrales. S 8 , H B 435049, I/A 6 (14.08.26).",https://www.boe.es/diario_borme/xml.php?id=BORME-A-2026-161-08
20260821,A,BARCELONA,387325,MONARC CONCEPT S.L,"Cambio de domicilio social. RB GARRAF, NUMERO 48, LOCAL 6F (SANT PERE DE RIBES).  Datos registrales. S 8 , H B 662306, I/A 6 (14.08.26).",https://www.boe.es/diario_borme/xml.php?id=BORME-A-2026-161-08
20260821,A,BARCELONA,387326,OPTINUIT SL,"Revocaciones. CONSEJERO: GONZALEZ ORTIGOSA ULPIANO. PRESIDENTE: GONZALEZ ORTIGOSA ULPIANO. CONS. DELEG.: GONZALEZ ORTIGOSA ULPIANO. CONSEJERO: ROLDAN FERNANDEZ PEDRO LUIS. SECRETARIO: ROLDAN FERNANDEZ PEDRO LUIS. CONSEJERO: ORTIGOSA GIRON TERESA.  Datos registrales. S 8 , H B 425523, I/A 2 (13.08.26).",https://www.boe.es/diario_borme/xml.php?id=BORME-A-2026-161-08
20260821,A,BARCELONA,387327,SANDMAN PARTNERS SGEIC SA,"Nombramientos. CONSEJERO: MARSAL PERIZ CRISTINA. PRESIDENTE: MARSAL PERIZ CRISTINA. CONS.DEL.SOL: MARSAL PERIZ CRISTINA. CONSEJERO: EHLIS GUNTHER BEATRIZ;DIEZ QUINTANILLA ALBERTO.  Datos registrales. S 8 , H B 549969, I/A 11 (14.08.26).",https://www.boe.es/diario_borme/xml.php?id=BORME-A-2026-161-08
20260821,A,BARCELONA,387328,DISBUS 21 SL,"Nombramientos. APOD.SOL/MAN: SAGALES ORTEU ANNA;SAGALES ORTEU RAMON.  Datos registrales. S 8 , H B 134755, I/A 25 (14.08.26).",https://www.boe.es/diario_borme/xml.php?id=BORME-A-2026-161-08
20260821,A,BARCELONA,387329,WEBCLICK DIGITAL SERVICES S.L,"Constitución. Comienzo de operaciones: 24.07.26. Objeto social: EL DESARROLLO, EXPLOTACION Y COMERCIALIZACION DE PLATAFORMAS DIGITALES, LA CREACION, GESTION Y MANTENIMIENTO DE PAGINAS WEB PARA EMPRESAS, AUTONOMOS Y PROFESIONALES, Y LA PRESTACION DE SERVICIOS DIGITALES ASOCIADOS, ETC. Domicilio: CL POMPEU FABRA, 7-13 P.2 PTA.14 (MANRESA). Capital: 76.085,00 Euros. Nombramientos. ADM.UNICO: SERRACANTA ESPINALT ANDREU.  Datos registrales. S 8 , H B 662329, I/A 1 (14.08.26).",https://www.boe.es/diario_borme/xml.php?id=BORME-A-2026-161-08
20260821,A,BARCELONA,387330,SERTRANS GLOBAL HOLDING S.L,"Nombramientos. APODERAD.SOL: BOSQUET RODRIGUEZ ANNA.  Datos registrales. S 8 , H B 657631, I/A 2 (14.08.26).",https://www.boe.es/diario_borme/xml.php?id=BORME-A-2026-161-08
20260821,A,BARCELONA,387331,DARE PARTNERS S.L,"Constitución. Comienzo de operaciones: 17.07.26. Objeto social: ACTIVIDAD INMOBILIARIA LA ADQUISICION, PROMOCION, CONSTRUCCION, REHABILITACION, REFORMA, URBANIZACION, PARCELACION, EXPLOTACION, ADMINISTRACION, GESTION, CONSERVACION, MANTENIMIENTO, TENENCIA DE BIENES INMUEBLES, ETC. Domicilio: CL TENOR VIÑAS NUM.4 P.2 PTA.1 (BARCELONA). Capital: 3.000,00 Euros. Nombramientos. ADM.SOLIDAR.: ALEDRA INVEST SL. REPR.143 RRM: DE MANUEL ROCAMORA RICARDO. ADM.SOLIDAR.: DRIVEN CAPITAL SL. REPR.143 RRM: CELAYA TOSAL ANTONIO.  Datos registrales. S 8 , H B 662328, I/A 1 (14.08.26).",https://www.boe.es/diario_borme/xml.php?id=BORME-A-2026-161-08
20260821,A,BARCELONA,387332,ANOIA PET SERVICES GROUP S.L,"Nombramientos. APODERAD.SOL: CLEMENTE COLLADO ANTONIO;MANZANO TOMAS BELEN VERONICA.  Datos registrales. S 8 , H B 611966, I/A 3 (14.08.26).",https://www.boe.es/diario_borme/xml.php?id=BORME-A-2026-161-08
20260821,A,BARCELONA,387333,PONENT OEST 26 S.L,"Constitución. Comienzo de operaciones: 30.07.26. Objeto social: LA ADQUISICION, ENAJENACION, TENENCIA, GESTION Y ADMINISTRACION DE TODA CLASE DE BIENES INMUEBLES, TANTO RUSTICOS COMO URBANOS, ASI COO LA EXPLOTACION EN REGIMEN DE ALQUILER O CUALQUIER OTRA FORMA DE CESION DE USO,ETC. Domicilio: CL SANTIAGO RUSIÑOL NUM.25 P.EN PTA.1 (SITGES). Capital: 132.250,00 Euros. Nombramientos. ADM.UNICO: FONTANET GRAO JOSEFA.  Datos registrales. S 8 , H B 662326, I/A 1 (14.08.26).",https://www.boe.es/diario_borme/xml.php?id=BORME-A-2026-161-08
20260821,A,BARCELONA,387334,INDESIGN TEXTILES AND APPARELS S.L,"Nombramientos. APODERAD.SOL: IMRAN AFZAL KHATTON.  Datos registrales. S 8 , H B 562162, I/A 2 (14.08.26).",https://www.boe.es/diario_borme/xml.php?id=BORME-A-2026-161-08
20260821,A,BARCELONA,387335,PANLAB SL,"Revocaciones. APOD.SOL/MAN: CANALIS ELBAILE CARME;JENNIFER SIONY COTE.  Datos registrales. S 8 , H B 41350, I/A 47 (14.08.26).",https://www.boe.es/diario_borme/xml.php?id=BORME-A-2026-161-08
20260821,A,BARCELONA,387336,ESTYOFI SL,"Nombramientos. APOD.SOL/MAN: SAGALES ORTEU ANNA;SAGALES ORTEU RAMON.  Datos registrales. S 8 , H B 86108, I/A 26 (14.08.26).",https://www.boe.es/diario_borme/xml.php?id=BORME-A-2026-161-08
20260821,A,BARCELONA,387337,PUCRE INVERSIONES S.L,"Constitución. Comienzo de operaciones: 30.07.26. Objeto social: ADQUISICION, SUSCRIPCION, TENENCIA, DIFRUTE, ADMINISTRACION, GESTION Y TRANSMISION DE ACCIONES, PARTICIPACIONES SOCIALES, VALORES MOBILIARIOS Y CUALESQUIERA OTROS TITULOS REPRESENTATIVOS DE LOS FONDOS DE ENTIDADES, ETC. Domicilio: AV PEDRALBES,66, 5-1. LES CORTS (BARCELONA). Capital: 3.000,00 Euros. Nombramientos. ADM.UNICO: CREHUERAS MARTI GUILLERMO. Otros conceptos: DECLARACION DE SOCIEDAD UNIPERSONAL, SIENDO SOCIO UNICO GUILLERMO CREUHERAS MARTI.  Datos registrales. S 8 , H B 662297, I/A 1 (14.08.26).",https://www.boe.es/diario_borme/xml.php?id=BORME-A-2026-161-08
20260821,A,BARCELONA,387338,GRUPO PRIM PESCADOR CAMINO S.L,"Constitución. Comienzo de operaciones: 29.07.26. Objeto social: EL EJERCICIO DE ACTIVIDADES DE HOSTELERIA Y RESTAURACION EN GENERAL Y, ENTRE ELLAS, PARTICULARMENTE, LA EXPLOTACION DE BARES, RESTAURANTES, CAFETERIAS, BUFETES ABIERTOS, AUTOSERVICIOS (SELF-SERVIES), CHARCUTERIAS, ETC. Domicilio: CL JOAN PRIM, NUMERO 87, BAJOS (PREMIA DE MAR). Capital: 3.000,00 Euros. Nombramientos. ADM.UNICO: DE PAULA RAMIREZ FERNANDO.  Datos registrales. S 8 , H B 662340, I/A 1 (14.08.26).",https://www.boe.es/diario_borme/xml.php?id=BORME-A-2026-161-08
20260821,A,BARCELONA,387339,OLIVER 2015 MOTOS SL,"Cambio de domicilio social. CL JOAQUIM MONTMANY NUM.15 SOTANO B (SANT FELIU DE LLOBREGAT).  Datos registrales. S 8 , H B 473150, I/A 2 (14.08.26).",https://www.boe.es/diario_borme/xml.php?id=BORME-A-2026-161-08
20260821,A,BARCELONA,387340,NOVATERRA BADOSA 2026 S.L,"Constitución. Comienzo de operaciones: 29.07.26. Objeto social: LA IMPORTACION, EXPORTACION, COMPRA Y VENTA, COMERCIALIZACION, DISTRIBUCION Y REPRESENTACION AL POR MAYOR Y AL DETALLE, DE TODO TIPO DE PRODUCTOS AGRICOLAS Y DEL RAMO DE LA ALIMENTACION EN GENERAL, ETC. Domicilio: CL BIOMARKET MERCABARNA LLOC 6 (BARCELONA). Capital: 6.000,00 Euros. Nombramientos. ADM.CONJUNTO: NETFRUIT GROUP SL;BADOSA FRUITS SL. REPR.143 RRM: BADOSA GUARDIA JOAN;ESPONA MIGUEL JOAN.  Datos registrales. S 8 , H B 662305, I/A 1 (14.08.26).",https://www.boe.es/diario_borme/xml.php?id=BORME-A-2026-161-08
20260821,A,BARCELONA,387341,SERTEC FARMA S.L,"Modificaciones estatutarias. ARTICULO 14: COMPETENCIA PARA CONVOCAR. Página web de la sociedad. Creación de la página web corporativa: https://sertecfarma.com.  Datos registrales. S 8 , H B 548372, I/A 8 (14.08.26).",https://www.boe.es/diario_borme/xml.php?id=BORME-A-2026-161-08
20260821,A,BARCELONA,387342,KRUPENIA SOFTWARE S.L,"Revocaciones. ADM.UNICO: OLEH KRUPENIA. Nombramientos. ADM.UNICO: MARRERO ALVAREZ CHRISTIAN. Otros conceptos: CAMBIO DE SOCIO UNICO, SIENDO EL NUEVO SOCIO UNICO CHRISTIAN MARRERO ALVAREZ. Cambio de denominación social. ASSETS LIQUIDATION STUDIO S.L. Cambio de domicilio social. RB DE CATALUNYA Num.38 P.8 PTA.1 (BARCELONA). Cambio de objeto social. PRESTACION DE SERVICIOS DE ASESORAMIENTO FISCAL, LABORAL, CONTABLE, COMERCIAL Y JURIDICO PARA TODA CLASE DE PERSONAS FISICAS Y JURIDICAS, EN LA GESTION Y ADMINISTRACION DE TODO TIPO DE ACTIVIDADES Y NEGOCIOS, ASI COMO EN...  Datos registrales. S 8 , H B 630846, I/A 2 (14.08.26).",https://www.boe.es/diario_borme/xml.php?id=BORME-A-2026-161-08
20260821,A,BARCELONA,387343,SERVEIS INTEGRALS MUNT VALLES S.L,"Constitución. Comienzo de operaciones: 29.07.26. Objeto social: LA ADQUISICION, TENENCIA, ADMINISTRACION, GESTION Y TRANSMISION DE PARTICIPACIONES SOCIALES, ACCIONES Y CUALQUIER OTRO VALOR REPRESENTATIVO DE LOS FONDOS PROPIOS DE ENTIDADES, ETC. Domicilio: CL BERGUEDA NUM.20 (LLICA D'AMUNT). Capital: 3.100,00 Euros. Nombramientos. ADM.UNICO: SORLI RUBIAL JUAN MARCOS. Otros conceptos: DECLARACION DE SOCIEDAD UNIPERSONAL, SIENDO SOCIO UNICO DON JUAN MARCOS SORLI RUBIAL.  Datos registrales. S 8 , H B 662307, I/A 1 (14.08.26).",https://www.boe.es/diario_borme/xml.php?id=BORME-A-2026-161-08
20260821,A,BARCELONA,387344,ODISEA INGENIERIA S.L,"Otros conceptos: DECLARACION DE LA UNIPERSONALIDAD. SOCIO UNICO, DON ELMER CARRASCO FERNANDEZ.  Datos registrales. S 8 , H B 593233, I/A 4 (14.08.26).",https://www.boe.es/diario_borme/xml.php?id=BORME-A-2026-161-08
20260821,A,BARCELONA,387345,MANO DE SANTA GROUP 2026 S.L,"Constitución. Comienzo de operaciones: 1.08.26. Objeto social: LA ADQUISICION, TENENCIA, ADMINISTRACION, GESTION Y TRANSMISION DE ACCIONES, PARTICIPACIONES SOCIALES Y CUALESQUIERA VALORES REPRESENTATIVOS DE FONDOS PROPIOS DE ENTIDADES. ETC. Domicilio: CL FRANCESC MORAGAS, 36-64, LOCAL A2 (MANRESA). Capital: 890.000,00 Euros. Nombramientos. ADM.UNICO: PARCERISA SERRA MERCE. Otros conceptos: DECLARACION DE SOCIEDAD UNIPERSONAL, SIENDO SOCIO UNICO MERCE PARCERISA SERRA.  Datos registrales. S 8 , H B 662334, I/A 1 (14.08.26).",https://www.boe.es/diario_borme/xml.php?id=BORME-A-2026-161-08
20260821,A,BARCELONA,387346,AGRICOLA FONT SALTADOR S.L,"Cambio de objeto social. AMPLIAR A: LA ACTIVIDAD, EL NEGOCIO Y LA PROMOCION INMOBILIARIA. LA CONTRATACION, GESTION, PROYECCION, CONSTRUCCION Y EJECUCION DE TODA CLASE DE OBRAS, PUBLICAS Y PRIVADAS. LA GESTION, ADMINISTRACION, ADQUISICION, ETC.  Datos registrales. S 8 , H B 309055, I/A 4 (14.08.26).",https://www.boe.es/diario_borme/xml.php?id=BORME-A-2026-161-08
20260821,A,BARCELONA,387347,BARBERAN SA,"Modificaciones estatutarias. ART.14.-JUNTA GENERAL DE ACCIONISTAS.  Datos registrales. S 8 , H B 68130, I/A 31 (14.08.26).",https://www.boe.es/diario_borme/xml.php?id=BORME-A-2026-161-08
20260821,A,BARCELONA,387348,SENSOFAR TECH SL,"Revocaciones. CONSEJERO: LAGUARTA BERTRAN FERRAN. Nombramientos. CONSEJERO: SENSOPONT HOLDING SL. REPR.143 RRM: LAGUARTA ALAPONT ROGER. PRES.HONORI.: LAGUARTA BERTRAN FERRAN. Modificaciones estatutarias. ARTICULO 14. COMPETENCIAS DE LA JUNTA GENERAL.  Datos registrales. S 8 , H B 227504, I/A 31 (14.08.26).",https://www.boe.es/diario_borme/xml.php?id=BORME-A-2026-161-08
20260821,A,BARCELONA,387349,TAPAMOOD S.L,"Constitución. Comienzo de operaciones: 24.07.26. Objeto social: CONSTRUCCION, INSTALACIONES Y MANTENIMIENTO. IMPORTACION, EXPORTACION, COMERCIO AL POR MENOR Y MAYOR, INCLUYENDO EL COMERCIO POR INTERNET, FABRICACION, DISTRIBUCION, E INTERMEDIACION COMERCIAL DE EQUIPOS INFORMATICOS. ETC. Domicilio: CL BALUARD NUM.6 P.2 PTA.3 (SANT PERE DE RIBES). Capital: 3.000,00 Euros. Nombramientos. ADM.UNICO: ESMORIS LLORCA ALBERTO.  Datos registrales. S 8 , H B 662316, I/A 1 (14.08.26).",https://www.boe.es/diario_borme/xml.php?id=BORME-A-2026-161-08
20260821,A,BARCELONA,387350,RADITEC RX SL,"Otros conceptos: CAMBIO DE SOCIO UNICO: RADIOLOGIA S.A.  Datos registrales. S 8 , H B 107133, I/A 18 (14.08.26).",https://www.boe.es/diario_borme/xml.php?id=BORME-A-2026-161-08
20260821,A,BARCELONA,387351,LERASIUM XXI S.L,"Revocaciones. ADM.UNICO: AZERILA SL. REPR.143 RRM: GABERNET LLORCA ESTHER. Nombramientos. ADM.SOLIDAR.: PUJOL ARTIGAS FRANCISCO JAVIER;SERRA PERMANYER JOSE MARIA. Otros conceptos: DECLARACION DE PERDIDA DE UNIPERSONALIDAD.- Cambio de domicilio social. CL GRAN VIA DE CARLES III,84-98 TORRE SUR P.9 PTA. (BARCELONA). Cambio de objeto social. LA CONSTITUCION,PARTICIPACION POR SI MISMA O DE FORMA INDIRECTA EN LA GESTION Y CONTROL DE OTRAS EMPRESAS Y SOCIEDADES,LA ADQUISICION,ENAJENACION,TENENCIA,PERMUTA DE ACCIONES,PARTICIPACIONES Y VALORES MOBILIARIOS, ETC.  Datos registrales. S 8 , H B 657732, I/A 2 (14.08.26).",https://www.boe.es/diario_borme/xml.php?id=BORME-A-2026-161-08
20260821,A,BARCELONA,387352,PRIMOVENT ESTATES S.L,"Constitución. Comienzo de operaciones: 24.07.26. Objeto social: CONSTRUCCION, INSTALACIONES Y MANTENIMIENTO. IMPORTACION, EXPORTACION, COMERCIO AL POR MENOR Y MAYOR, INCLUYENDO EL COMERCIO POR INTERNET, FABRICACION, DISTRIBUCION, E INTERMEDIACION COMERCIAL DE EQUIPOS INFORMATICOS. ETC. Domicilio: CL BALUARD NUM.6 P.2 PTA.3 (SANT PERE DE RIBES). Capital: 3.000,00 Euros. Nombramientos. ADM.UNICO: ESMORIS LLORCA ALBERTO.  Datos registrales. S 8 , H B 662315, I/A 1 (14.08.26).",https://www.boe.es/diario_borme/xml.php?id=BORME-A-2026-161-08
20260821,A,BARCELONA,387353,RADITEC RX SL,"Revocaciones. ADM.UNICO: GINE RUBIES JOSE MARIA. Nombramientos. ADM.UNICO: MARTINEZ ALVAREZ MANUEL ALFREDO. Modificaciones estatutarias. ART. 5 : FIJACION DEL INICIO Y CIERRE DEL EJERCICIO SOCIAL, INICIANDOSE EL DIA 1 DE ENERO Y FINALIZANDO EL 31 DE DICIEMBRE DE CADA AÑO.  Datos registrales. S 8 , H B 107133, I/A 19 (14.08.26).",https://www.boe.es/diario_borme/xml.php?id=BORME-A-2026-161-08
20260821,A,BARCELONA,387354,NEXALURE TECHNOLOGIES S.L,"Constitución. Comienzo de operaciones: 24.07.26. Objeto social: CONSTRUCCION, INSTALACIONES Y MANTENIMIENTO. IMPORTACION, EXPORTACION, COMERCIO AL POR MENOR Y MAYOR, INCLUYENDO EL COMERCIO POR INTERNET, FABRICACION, DISTRIBUCION, E INTERMEDIACION COMERCIAL DE EQUIPOS INFORMATICOS. ETC. Domicilio: CL BALUARD NUM.6 P.2 PTA.3 (SANT PERE DE RIBES). Capital: 3.000,00 Euros. Nombramientos. ADM.UNICO: ESMORIS LLORCA ALBERTO.  Datos registrales. S 8 , H B 662314, I/A 1 (14.08.26).",https://www.boe.es/diario_borme/xml.php?id=BORME-A-2026-161-08
20260821,A,BARCELONA,387355,COLORES RUZ SL,"Revocaciones. ADM.UNICO: RUZ CONDE FRANCISCO. LIQUIDADOR: RUZ CONDE FRANCISCO. Nombramientos. LIQUIDADOR: RUZ CONDE FRANCISCO. Extinción.  Datos registrales. S 8 , H B 255019, I/A 5 (14.08.26).",https://www.boe.es/diario_borme/xml.php?id=BORME-A-2026-161-08
20260821,A,BARCELONA,387356,CARMUS SERVEIS I REFORMES S.L,"Cambio de domicilio social. CL RIERA CANALS NUM.9 LOCAL (SANT ANDREU DE LA BARCA). Cambio de objeto social. AMPLIAR A:COMERCIO AL POR MENOR DE FERRETERIA,MATERIALES DE CONSTRUCCION,PINTURAS Y VIDRIO.CNAE 4752.  Datos registrales. S 8 , H B 640803, I/A 2 (14.08.26).",https://www.boe.es/diario_borme/xml.php?id=BORME-A-2026-161-08
20260821,A,BARCELONA,387357,SPARKLYT TECHNOLOGIES S.L,"Constitución. Comienzo de operaciones: 24.07.26. Objeto social: CONSTRUCCION, INSTALACIONES Y MANTENIMIENTO. IMPORTACION, EXPORTACION, COMERCIO AL POR MENOR Y MAYOR, INCLUYENDO EL COMERCIO POR INTERNET, FABRICACION, DISTRIBUCION, E INTERMEDIACION COMERCIAL DE EQUIPOS INFORMATICOS. ETC. Domicilio: CL BALUARD NUM.6 P.2 PTA.3 (SANT PERE DE RIBES). Capital: 3.000,00 Euros. Nombramientos. ADM.UNICO: ESMORIS LLORCA ALBERTO.  Datos registrales. S 8 , H B 662313, I/A 1 (14.08.26).",https://www.boe.es/diario_borme/xml.php?id=BORME-A-2026-161-08
20260821,A,BARCELONA,387358,DPC ET CUIDEM S.L,"Cambio de domicilio social. CL MOLI, NUMERO 29, LOCAL 3 (ESPLUGUES DE LLOBREGAT).  Datos registrales. S 8 , H B 652846, I/A 2 (14.08.26).",https://www.boe.es/diario_borme/xml.php?id=BORME-A-2026-161-08
20260821,A,BARCELONA,387359,NEXOVANT S.L,"Constitución. Comienzo de operaciones: 24.07.26. Objeto social: CONSTRUCCION, INSTALACIONES Y MANTENIMIENTO. IMPORTACION, EXPORTACION, COMERCIO AL POR MENOR Y MAYOR, INCLUYENDO EL COMERCIO POR INTERNET, FABRICACION, DISTRIBUCION, E INTERMEDIACION COMERCIAL DE EQUIPOS INFORMATICOS. ETC. Domicilio: CL BALUARD NUM.6 P.2 PTA.3 (SANT PERE DE RIBES). Capital: 3.000,00 Euros. Nombramientos. ADM.UNICO: ESMORIS LLORCA ALBERTO.  Datos registrales. S 8 , H B 662312, I/A 1 (14.08.26).",https://www.boe.es/diario_borme/xml.php?id=BORME-A-2026-161-08
20260821,A,BARCELONA,387360,EXELADE SL,"Cambio de domicilio social. PS SAN JUAN Num.2 P.EN PTA.2 (BARCELONA).  Datos registrales. S 8 , H B 420660, I/A 3 (14.08.26).",https://www.boe.es/diario_borme/xml.php?id=BORME-A-2026-161-08
20260821,A,BARCELONA,387361,LAP HERITAGE PARTNERS S.L,"Constitución. Comienzo de operaciones: 29.07.26. Objeto social: LA ADQUISICION Y ENAJENACION DE ACCIONES Y PARTICIPACIONES REPRESENTATIVAS DEL CAPITAL SOCIAL DE CUALQUIER TIPO DE SOCIEDADES, INCLUSO DE AQUELLAS DE IDENTICO O ANALOGO OBJETO SOCIAL, ETC. Domicilio: CL MURALLA SANT FRANCESC NUM.49 P.3 (MANRESA). Capital: 3.000,00 Euros. Nombramientos. ADM.UNICO: INMO LAU DREAMS SL. REPR.143 RRM: TOUS ORIOL LAURA.  Datos registrales. S 8 , H B 662308, I/A 1 (14.08.26).",https://www.boe.es/diario_borme/xml.php?id=BORME-A-2026-161-08
20260821,A,BARCELONA,387362,AXIS CORPORATE FINANCE SP SL,"Cambio de denominación social. BIRDSTICK CORPORATE FINANCE SP, S.L.  Datos registrales. S 8 , H B 297257, I/A 14 (14.08.26).",https://www.boe.es/diario_borme/xml.php?id=BORME-A-2026-161-08
20260821,A,BARCELONA,387363,ARGENGILA S.L,"Modificaciones estatutarias. ARTICULO 24.- SISTEMA RETRIBUTIVO DEL ORGANO DE ADMINISTRACION SOCIAL.  Datos registrales. S 8 , H B 631405, I/A 2 (14.08.26).",https://www.boe.es/diario_borme/xml.php?id=BORME-A-2026-161-08
20260821,A,BARCELONA,387364,XENOVARA TECHNOLOGIES S.L,"Constitución. Comienzo de operaciones: 24.07.26. Objeto social: CONSTRUCCION, INSTALACIONES Y MANTENIMIENTO. IMPORTACION, EXPORTACION, COMERCIO AL POR MENOR Y MAYOR, INCLUYENDO EL COMERCIO POR INTERNET, FABRICACION, DISTRIBUCION, E INTERMEDIACION COMERCIAL DE EQUIPOS INFORMATICOS. ETC. Domicilio: CL BALUARD NUM.6 P.2 PTA.3 (SANT PERE DE RIBES). Capital: 3.000,00 Euros. Nombramientos. ADM.UNICO: ESMORIS LLORCA ALBERTO.  Datos registrales. S 8 , H B 662311, I/A 1 (14.08.26).",https://www.boe.es/diario_borme/xml.php?id=BORME-A-2026-161-08
20260821,A,BARCELONA,387365,AKTUAL CATERING SL,"Cambio de domicilio social. CM DE LA CREU Num.5 P.2 PTA.10 (SANT CUGAT DEL VALLES).  Datos registrales. S 8 , H B 413569, I/A 8 (14.08.26).",https://www.boe.es/diario_borme/xml.php?id=BORME-A-2026-161-08
20260821,A,BARCELONA,387366,KRYNTAL SOLUTIONS S.L,"Constitución. Comienzo de operaciones: 24.07.26. Objeto social: CONSTRUCCION, INSTALACIONES Y MANTENIMIENTO. IMPORTACION, EXPORTACION, COMERCIO AL POR MENOR Y MAYOR, INCLUYENDO EL COMERCIO POR INTERNET, FABRICACION, DISTRIBUCION, E INTERMEDIACION COMERCIAL DE EQUIPOS INFORMATICOS. ETC. Domicilio: CL BALUARD NUM.6 P.2 PTA.3 (SANT PERE DE RIBES). Capital: 3.000,00 Euros. Nombramientos. ADM.UNICO: ESMORIS LLORCA ALBERTO.  Datos registrales. S 8 , H B 662309, I/A 1 (14.08.26).",https://www.boe.es/diario_borme/xml.php?id=BORME-A-2026-161-08
20260821,A,BARCELONA,387367,"BIRDSTICK CORPORATE FINANCE SP, S.L","Revocaciones. ADM.UNICO: IL LUGRACIA SL. REPR.143 RRM: GRACIA ABIAN CASIMIRO. LIQUIDADOR: GRACIA ABIAN CASIMIRO. Nombramientos. LIQUIDADOR: GRACIA ABIAN CASIMIRO. Extinción.  Datos registrales. S 8 , H B 297257, I/A 15 (14.08.26).",https://www.boe.es/diario_borme/xml.php?id=BORME-A-2026-161-08
20260821,A,BARCELONA,387368,MEXICANOS SABORES AUTENTICOS S.L,"Revocaciones. ADM.UNICO: SOLARTE SOLARTE JESUS ERNEY. Nombramientos. ADM.UNICO: CASTILLO HENAO NESTOR DARIO. Otros conceptos: CAMBIO DE SOCIO UNICO. NUEVO SOCIO UNICO: NESTOR DARIO CASTILLO HENAO. Cambio de domicilio social. AV JOSEP TARRADELLAS I JOAN,S/N,LOC. G5,CC.FARGA (HOSPITALET DE LLOBREGAT (L'.  Datos registrales. S 8 , H B 647384, I/A 3 (14.08.26).",https://www.boe.es/diario_borme/xml.php?id=BORME-A-2026-161-08
20260821,A,BARCELONA,387369,JACAGUS HLDG S.L,"Constitución. Comienzo de operaciones: 22.07.26. Objeto social: ACTIVIDADES DE SOCIEDADES HOLDING: LA ADQUISICION, TENENCIA, ADMINISTRACION Y GESTION DE PARTICIPACIONES SOCIALES, ACCIONES O CUALQUIER OTRO TITULO REPRESENTATIVO DE CAPITAL EN SOCIEDADES MERCANTILES, ETC. Domicilio: CL ECUADOR, 21, SOTANO (BARCELONA). Capital: 3.000,00 Euros. Nombramientos. ADM.UNICO: LASAOSA HUCH JACOBO FERNANDO.  Datos registrales. S 8 , H B 662325, I/A 1 (14.08.26).",https://www.boe.es/diario_borme/xml.php?id=BORME-A-2026-161-08
20260821,A,BARCELONA,387370,AISF-AKTEON S.L,"Constitución. Comienzo de operaciones: 29.07.26. Objeto social: INTERMEDIACION EN LA CELEBRACION DE CONTRATOS DE PRESTAMO Y/O CREDITO CON CUALQUIER FINALIDAD, TANTO PARA FINANCIACION DE PARTICULARES COMO PARA FINANCIACION DE EMPRESAS DE CUALQUIER TIPO, SECTOR O ACTIVIDAD ECONOMICA, ETC. Domicilio: CL VIA EUROPA NUM.131 P.1 PTA.2 (MATARO). Capital: 60.000,00 Euros. Nombramientos. ADM.CONJUNTO: SALAVEDRA FANES INMACULADA;PUERTA SANCHEZ JOSE MARIA.  Datos registrales. S 8 , H B 662327, I/A 1 (14.08.26).",https://www.boe.es/diario_borme/xml.php?id=BORME-A-2026-161-08
20260821,A,BARCELONA,387371,VMWARE INTERNATIONAL SPAIN S.L,"Disolución. Fusion.  Datos registrales. S 8 , H B 540794, I/A 32 (14.08.26).",https://www.boe.es/diario_borme/xml.php?id=BORME-A-2026-161-08
20260821,A,BARCELONA,387372,THE SWEET COLLECTION S.L,"Constitución. Comienzo de operaciones: 22.07.26. Objeto social: FABRICACION DE PAN Y DE PRODUCTOS FRESCOS DE PANADERIA Y PASTELERIA. SERVICIOS DE HOSTELERIA Y RESTAURACION: BARES, RESTAURANTES Y PUESTOS DE COMIDAS. ESTABLECIMIENTOS DE BEBIDAS. ETC. Domicilio: CL ECUADOR, 21, SOTANO (BARCELONA). Capital: 3.000,00 Euros. Nombramientos. ADM.UNICO: LASAOSA HUCH JACOBO FERNANDO.  Datos registrales. S 8 , H B 662331, I/A 1 (14.08.26).",https://www.boe.es/diario_borme/xml.php?id=BORME-A-2026-161-08
20260821,A,BARCELONA,387373,RODMIFRUITS S.L,"Constitución. Comienzo de operaciones: 30.07.26. Objeto social: ACTIVIDAD PRINCIPAL: 4639 COMERCIO AL POR MAYOR DE PRODUCTOS ALIMENTICIOS, BEBIDAS Y TABACO. Domicilio: CL ISAAC PERAL, NUMERO 8D (CANOVELLES). Capital: 10.000,00 Euros. Nombramientos. ADM.UNICO: GARCIA AHUFINGER MIQUEL.  Datos registrales. S 8 , H B 662294, I/A 1 (14.08.26).",https://www.boe.es/diario_borme/xml.php?id=BORME-A-2026-161-08
20260821,A,BARCELONA,387374,OWNIO TECH S.L,"Constitución. Comienzo de operaciones: 16.07.26. Objeto social: ACTIVIDADES DE PROGRAMACION INFORMATICA (CNAE 6201). ACTIVIDADES DE CONSULTORIA INFORMATICA (CNAE 6202). OTROS SERVICIOS RELACIONADOS CON LAS TECNOLOGIAS DE LA INFORMACION Y LA INFORMATICA (CNAE 6209). Domicilio: CL VIOLANT D'HONGRIA 46-48 P.BJ PTA.3 (BARCELONA). Capital: 3.000,00 Euros. Nombramientos. ADM.UNICO: LOPEZ MOLLER EDMON.  Datos registrales. S 8 , H B 662330, I/A 1 (14.08.26).",https://www.boe.es/diario_borme/xml.php?id=BORME-A-2026-161-08
20260821,A,BARCELONA,387375,SESROVIRES ASSEGURANCES SL,"Cambio de denominación social. LOPEZ AMAT GESTION S.L. Cambio de domicilio social. AV CATALUNYA Num.10 (SANT ESTEVE SESROVIRES). Cambio de objeto social. LA AGENCIA DE SEGUROS AFECTO A UNA UNICA COMPAÑIA DE SEGUROS.CNAE PRINCIPAL 6622: ACTIVIDADES DE AGENTES Y CORREDORES DE SEGUROS. Y LA MEDIACION E INTERMEDIACION EN LA COMPRAVENTA, ALQUILER, PERMUTA Y CESION DE BIENES...  Datos registrales. S 8 , H B 288994, I/A 3 (14.08.26).",https://www.boe.es/diario_borme/xml.php?id=BORME-A-2026-161-08
20260821,A,BARCELONA,387376,ROYAL CUP SPORT HORSES S.L,"Constitución. Comienzo de operaciones: 23.07.26. Objeto social: LA COMPRAVENTA, IMPORTACION Y EXPORTACION DE CABALLOS Y DEMAS EQUIDOS. LA COMERCIALIZACION INTEGRAL DE EQUIDOS, ASI COMO DE PRODUCTOS, COMPLEMENTOS Y SERVICIOS RELACIONADOS CON EL MUNDO ECUESTRE, A TRAVES DE PLATAFORMAS, ETC. Domicilio: PZ MAGDALENA TRIAS NUM.7 P.1 PTA.1 (GAVA). Capital: 3.000,00 Euros. Nombramientos. ADM.UNICO: COLLADO RUIZ OSCAR. Otros conceptos: DECLARACION DE SOCIEDAD UNIPERSONAL, SIENDO SOCIO UNICO SILVIA ROVIRA RABINAL.  Datos registrales. S 8 , H B 662321, I/A 1 (14.08.26).",https://www.boe.es/diario_borme/xml.php?id=BORME-A-2026-161-08
20260821,A,BARCELONA,387377,KNOWLEDGE INNOVATION MARKET SL,"Revocaciones. REPR.143 RRM: RODRIGUEZ RIPOLLES JORDI. Nombramientos. REPR.143 RRM: ARTIGAS BARCELO SERGI.  Datos registrales. S 8 , H B 371718, I/A 6 (14.08.26).",https://www.boe.es/diario_borme/xml.php?id=BORME-A-2026-161-08
20260821,A,BARCELONA,387378,ENSINGER SA,"Revocaciones. SECR.NO CONS: DEL VALLE GOMEZ IÑIGO DE LOYOLA. CONSEJERO: PAOLO CARLO SENATORE. PRESIDENTE: PAOLO CARLO SENATORE. CONS.DEL.SOL: PAOLO CARLO SENATORE. CONSEJERO: RALPH PERNIZSAK. CONS.DEL.SOL: RALPH PERNIZSAK. CONSEJERO: PETER KAMPS. CONS.DEL.SOL: PETER KAMPS. Nombramientos. CONSEJERO: PAOLO CARLO SENATORE;GARCIA CALVO ORIOL;DEL VALLE GOMEZ IÑIGO DE LOYOLA. PRESIDENTE: PAOLO CARLO SENATORE. SECRETARIO: DEL VALLE GOMEZ IÑIGO DE LOYOLA. CONS.DEL.SOL: PAOLO CARLO SENATORE. Modificaciones estatutarias. ARTICULO 31.- SISTEMA RETRIBUTIVO DEL ORGANO DE ADMINISTRACION SOCIAL.  Datos registrales. S 8 , H B 162329, I/A 44 (14.08.26).",https://www.boe.es/diario_borme/xml.php?id=BORME-A-2026-161-08
20260821,A,BARCELONA,387379,SOFIWAGA ESPAÑA 3 S.L,"Nombramientos. APODERAD.SOL: VIRGINIE MOLINIER;AMBROS BIERN CLAUDIA;FRANCO ANTA CLARA;LACROIX ALVAREZ LYDIA;CARLA SASHA DANA ADDI;ROBIN BERNARD PIERRE BOUNASSER LECONTEMAYOR.  Datos registrales. S 8 , H B 661906, I/A 2 (14.08.26).",https://www.boe.es/diario_borme/xml.php?id=BORME-A-2026-161-08
20260821,A,BARCELONA,387380,SOFIWAGA ESPAÑA 3 S.L,"Nombramientos. APODERAD.SOL: MARIE AMELIE RICHEL;MATHIEU LEFEBVRE.  Datos registrales. S 8 , H B 661906, I/A 3 (14.08.26).",https://www.boe.es/diario_borme/xml.php?id=BORME-A-2026-161-08
20260821,A,BARCELONA,387381,PUBLITESACOMUNICACIO SL,"Nombramientos. APODERAD.SOL: GALLARDO RUDA LOLA;PARES PERERA MARIA DOLORES.  Datos registrales. S 8 , H B 275265, I/A 3 (14.08.26).",https://www.boe.es/diario_borme/xml.php?id=BORME-A-2026-161-08
20260821,A,BARCELONA,387382,JOSE LLINAS E HIJOS SL,"Nombramientos. APODERAD.SOL: LLINAS VERA MARIA DEL CARMEN.  Datos registrales. S 8 , H B 445495, I/A 11 (14.08.26).",https://www.boe.es/diario_borme/xml.php?id=BORME-A-2026-161-08
20260821,A,BARCELONA,387383,PEIX I MARISC BOVIMAR S.L,"Nombramientos. APODERAD.SOL: BOSCH CARRERA CARLOS.  Datos registrales. S 8 , H B 661997, I/A 2 (14.08.26).",https://www.boe.es/diario_borme/xml.php?id=BORME-A-2026-161-08
20260821,A,BARCELONA,387384,TEKNIATEST SOLUTIONS S.A,"Nombramientos. APOD.SOL/MAN: RAJA DELGADO JUDIT.  Datos registrales. S 8 , H B 518012, I/A 7 (14.08.26).",https://www.boe.es/diario_borme/xml.php?id=BORME-A-2026-161-08
20260821,A,BARCELONA,387385,TEKNIATEST SOLUTIONS S.A,"Nombramientos. APOD.SOL/MAN: VILAMITJANA BRUNET NOEMI.  Datos registrales. S 8 , H B 518012, I/A 8 (14.08.26).",https://www.boe.es/diario_borme/xml.php?id=BORME-A-2026-161-08
20260821,A,BARCELONA,387386,TRANSPORTS LA MUNTANYESA SL,"Nombramientos. APOD.SOL/MAN: SAGALES ORTEU RAMON;SAGALES ORTEU ANNA.  Datos registrales. S 8 , H B 56235, I/A 18 (14.08.26).",https://www.boe.es/diario_borme/xml.php?id=BORME-A-2026-161-08
20260821,A,BARCELONA,387387,BLUE MOBILITY & HEALTHCARE SERVICES S.L,"Nombramientos. APOD.SOL/MAN: SAGALES ORTEU RAMON;SAGALES ORTEU ANNA.  Datos registrales. S 8 , H B 78325, I/A 30 (14.08.26).",https://www.boe.es/diario_borme/xml.php?id=BORME-A-2026-161-08
20260821,A,BARCELONA,387388,GRANOLLERS TRANSPORT SL,"Nombramientos. APOD.SOL/MAN: SAGALES ORTEU RAMON;SAGALES ORTEU ANNA.  Datos registrales. S 8 , H B 61529, I/A 26 (14.08.26).",https://www.boe.es/diario_borme/xml.php?id=BORME-A-2026-161-08
20260821,A,BARCELONA,387389,LLINAS E HIJOS GRUP SL,"Nombramientos. APODERAD.SOL: LLINAS VERA MARIA DEL CARMEN.  Datos registrales. S 8 , H B 445496, I/A 7 (14.08.26).",https://www.boe.es/diario_borme/xml.php?id=BORME-A-2026-161-08
20260821,A,BARCELONA,387390,BPLUSD WORLD S.L,"Nombramientos. APODERAD.SOL: MARTIN JOSE CROM;MARIA CLAUDIA GONZALEZ PASTORE.  Datos registrales. S 8 , H B 554433, I/A 2 (14.08.26).",https://www.boe.es/diario_borme/xml.php?id=BORME-A-2026-161-08
20260821,A,BARCELONA,387391,RAJAPACK SA,"Nombramientos. APODERAD.SOL: GUTIERREZ MELLADO NADIA.  Datos registrales. S 8 , H B 268587, I/A 28 (14.08.26).",https://www.boe.es/diario_borme/xml.php?id=BORME-A-2026-161-08
20260821,A,BARCELONA,387392,RAJAPACK SA,"Nombramientos. APODERAD.SOL: ORTEGA FERNANDEZ CLEMENTE.  Datos registrales. S 8 , H B 268587, I/A 29 (14.08.26).",https://www.boe.es/diario_borme/xml.php?id=BORME-A-2026-161-08
20260821,A,BARCELONA,387393,DIRECAUTO SL,"Nombramientos. APODERAD.SOL: VIDAL INSENSE LLUIS.  Datos registrales. S 8 , H B 96913, I/A 21 (14.08.26).",https://www.boe.es/diario_borme/xml.php?id=BORME-A-2026-161-08
20260821,A,BARCELONA,387394,ELEMOSA XXI S.L,"Nombramientos. APODERAD.SOL: PELAEZ VALENCIA ELVA;MARTIN BORREGON GAMAZO MARTA MARIA.  Datos registrales. S 8 , H B 652859, I/A 2 (14.08.26).",https://www.boe.es/diario_borme/xml.php?id=BORME-A-2026-161-08
20260821,A,BARCELONA,387395,MAS CURRO SL,"Nombramientos. APOD.SOL/MAN: SAGALES ORTEU RAMON;SAGALES ORTEU ANNA.  Datos registrales. S 8 , H B 82089, I/A 27 (14.08.26).",https://www.boe.es/diario_borme/xml.php?id=BORME-A-2026-161-08
20260821,A,BARCELONA,387396,MANYCHAT S.L,"Revocaciones. APODERAD.SOL: ANNA KONDARTYEVA.  Datos registrales. S 8 , H B 581380, I/A 11 (14.08.26).",https://www.boe.es/diario_borme/xml.php?id=BORME-A-2026-161-08
20260821,A,BARCELONA,387397,TRES KNITTING FABRICS SL,"Nombramientos. APODERAD.SOL: SANZ DIAZ MARIA PILAR.  Datos registrales. S 8 , H B 433535, I/A 13 (14.08.26).",https://www.boe.es/diario_borme/xml.php?id=BORME-A-2026-161-08
20260821,A,BARCELONA,387398,ZAISAN KANRI SL,"Nombramientos. APODERAD.SOL: SANZ DIAZ MARIA PILAR.  Datos registrales. S 8 , H B 15125, I/A 16 (14.08.26).",https://www.boe.es/diario_borme/xml.php?id=BORME-A-2026-161-08
20260821,A,BARCELONA,387399,PIBASA SERVEIS SL,"Nombramientos. APODERAD.SOL: SANZ DIAZ MARIA PILAR.  Datos registrales. S 8 , H B 460343, I/A 8 (14.08.26).",https://www.boe.es/diario_borme/xml.php?id=BORME-A-2026-161-08
20260821,A,BARCELONA,387400,SPEED DOOR ESPAÑA SL,"Revocaciones. ADM.UNICO: VAZQUEZ AGUILERA JORGE. Nombramientos. ADM.CONCURS.: BAIGORRI PUERTO MARIA JESUS. Otros conceptos: JUZGADO DE LO MERCANTIL NUMERO 1 DE BARCELONA, PROCEDIMIENTO CONCURSO VOLUNTARIO 1351/2022, AUTO FIRME 16/11/2022, DECLARACION DE CONCURSO VOLUNTARIO;AUTO FIRME 10/01/2023: APERTURA DE LA FASE DE LIQUIDACION. Disolución. Judicial.  Datos registrales. S 8 , H B 240664, I/A 16 (14.08.26).",https://www.boe.es/diario_borme/xml.php?id=BORME-A-2026-161-08
20260821,A,BARCELONA,387401,MESTRAL RESEARCH A.I.E,"Nombramientos. APODERAD.SOL: JUBERT DI MONTAPERTO DANIELA.  Datos registrales. S 8 , H B 602325, I/A 4 ( 4.08.26).",https://www.boe.es/diario_borme/xml.php?id=BORME-A-2026-161-08
20260821,A,BARCELONA,387402,ENERHOLD SL,"Nombramientos. APOD.SOL/MAN: PASTOR LOPEZ JOSE JUAN.  Datos registrales. S 8 , H B 346583, I/A 27 ( 4.08.26).",https://www.boe.es/diario_borme/xml.php?id=BORME-A-2026-161-08
20260821,A,BARCELONA,387403,LEVIPA PATRIMONIAL S.L,"Constitución. Comienzo de operaciones: 22.07.26. Objeto social: ADMINISTRACIN, COMPRA, VENTA, COMERCIALIZACION Y EXPLOTACION, INCLUIDO EL ARRENDAMIENTO, EXCEPTO EL FINANCIERO ACTIVO, DE PARCELAS Y TODA CLASE DE FINCAS Y CONSTRUCCIONES RUSTICAS, SOLARES, URBANIZACIONES ETC. Domicilio: CL AMIGO NUM.76 P.4 PTA.2 (BARCELONA). Capital: 1.789.600,00 Euros. Nombramientos. ADM.UNICO: EHLIS PIRRETAS LAURA.  Datos registrales. S 8 , H B 662260, I/A 1 (14.08.26).",https://www.boe.es/diario_borme/xml.php?id=BORME-A-2026-161-08
20260821,A,BARCELONA,387404,AKATSUKI INVESTMENTS S.L,"Constitución. Comienzo de operaciones: 24.07.26. Objeto social: LA COMPRA, SUSCRIPCION, TENENCIA, PERMUTA Y VENTA DE VALORES MOBILIARIOS NACIONALES Y EXTRANJEROS, ACCIONES O PARTICIPACIONES SOCIALES, POR CUENTA PROPIA Y SIN ACTIVIDAD DE INTERMEDIACION, ETC. Domicilio: PS DE SANT GERVASI NUM.3 P.4 PTA.2 (BARCELONA). Capital: 3.000,00 Euros. Nombramientos. ADM.UNICO: BOGAZ GOL HOLDING SL. REPR.143 RRM: NADAL HERRERO BORJA. Otros conceptos: DECLARACION DE SOCIEDAD UNIPERSONAL, SIENDO SOCIO UNICO BOGAZ GOL HOLDING S.L.  Datos registrales. S 8 , H B 662254, I/A 1 (14.08.26).",https://www.boe.es/diario_borme/xml.php?id=BORME-A-2026-161-08
20260821,A,BARCELONA,387405,CODING GIANTS S.L,"Revocaciones. ADM.SOLIDAR.: KAMILA ANNA PURYMSKA.  Datos registrales. S 8 , H B 543850, I/A 7 (11.08.26).",https://www.boe.es/diario_borme/xml.php?id=BORME-A-2026-161-08
20260821,A,BARCELONA,387406,LUXLU S.L,"Revocaciones. ADM.UNICO: ELWIS GRIDLEY MIRANDA RODRIGUES.  Datos registrales. S 8 , H B 560800, I/A 2 (14.08.26).",https://www.boe.es/diario_borme/xml.php?id=BORME-A-2026-161-08
20260821,A,BARCELONA,387407,PENYA 203 SL,"Revocaciones. ADMINISTR.: LEGIDO TORRES JOSE RAMON;LEGIDO TORRES GERMAN.  Datos registrales. S 8 , H B 218390, I/A 2 (14.08.26).",https://www.boe.es/diario_borme/xml.php?id=BORME-A-2026-161-08
20260821,A,BARCELONA,387408,PROMOCIONES Y CONTROL OKOTEC SL,"Revocaciones. ADM.UNICO: LOPEZ SANCHEZ XENIA. Nombramientos. ADM.UNICO: LOPEZ SANCHEZ CARLOS ELIAS.  Datos registrales. S 8 , H B 327812, I/A 7 (14.08.26).",https://www.boe.es/diario_borme/xml.php?id=BORME-A-2026-161-08
20260821,A,BARCELONA,387409,PIDERITMO S.L,"Ampliación de capital. Capital: 1.256,00 Euros. Resultante Suscrito: 10.231,00 Euros.  Datos registrales. S 8 , H B 608633, I/A 5 (14.08.26).",https://www.boe.es/diario_borme/xml.php?id=BORME-A-2026-161-08
20260821,A,BARCELONA,387410,VEON WELLNESS S.L,"Revocaciones. ADM.UNICO: VELEZ CAÑAVERAS JORGE. LIQUIDADOR: VELEZ CAÑAVERAS JORGE. Nombramientos. LIQUIDADOR: VELEZ CAÑAVERAS JORGE. Extinción.  Datos registrales. S 8 , H B 636607, I/A 3 (14.08.26).",https://www.boe.es/diario_borme/xml.php?id=BORME-A-2026-161-08
20260821,A,BARCELONA,387411,SUBMER TECHNOLOGIES SL,"Revocaciones. V-SEC NO CON: PERALTA VALDIVIESO ISMAEL. Nombramientos. V-SEC NO CON: CARMONA ESCUDERO JORGE. APODERAD.SOL: CARMONA ESCUDERO JORGE;DURAN LOZANO JESUS MARIA;MORALES SANCHEZ MARIA;GUTIERREZ GIL MARTIN GONZALO;EGEZ PEREZ CARASA LUZ.  Datos registrales. S 8 , H B 475173, I/A 42 (14.08.26).",https://www.boe.es/diario_borme/xml.php?id=BORME-A-2026-161-08
20260821,A,BARCELONA,387412,SUBMER TECHNOLOGIES SL,"Revocaciones. SECR.NO CONS: MANYA TORRES RAMON. Nombramientos. SECR.NO CONS: THOMAS EUGENE BOHAN.  Datos registrales. S 8 , H B 475173, I/A 43 (14.08.26).",https://www.boe.es/diario_borme/xml.php?id=BORME-A-2026-161-08
20260821,A,BARCELONA,387413,SANIK 5000 S.L,"Revocaciones. ADM.UNICO: SURESH KUMAR ASWANI DEVI. LIQUIDADOR: MARTINEZ BORRAS SANTIAGO;SURESH GARCIA ALBERTO. Nombramientos. LIQUIDADOR: MARTINEZ BORRAS SANTIAGO;SURESH GARCIA ALBERTO. Extinción.  Datos registrales. S 8 , H B 570870, I/A 3 (14.08.26).",https://www.boe.es/diario_borme/xml.php?id=BORME-A-2026-161-08
20260821,A,BARCELONA,387414,LLOPART EUROCONSEJO SL,"Reducción de capital. Importe reducción: 12.026,01 Euros. Resultante Suscrito: 108.234,09 Euros. Reducción de capital. Importe reducción: 12.026,01 Euros. Resultante Suscrito: 96.208,08 Euros. Reducción de capital. Importe reducción: 12.026,01 Euros. Resultante Suscrito: 84.182,07 Euros.  Datos registrales. S 8 , H B 81740, I/A 12 (14.08.26).",https://www.boe.es/diario_borme/xml.php?id=BORME-A-2026-161-08
20260821,A,BARCELONA,387415,INVARSO SL,"Nombramientos. ADM.SUPLENTE: SORNI HUBRECHT MARIA DOLORES.  Datos registrales. S 8 , H B 11289, I/A 9 (14.08.26).",https://www.boe.es/diario_borme/xml.php?id=BORME-A-2026-161-08
20260821,A,BARCELONA,387416,SERTRANS CATALUNYA SA,"Revocaciones. ADM.UNICO: BOSQUET FORNOS SANTIAGO. Nombramientos. ADM.UNICO: SERTRANS GLOBAL HOLDING SL. REPR.143 RRM: BOSQUET FORNOS SANTIAGO. Otros conceptos: DECLARACION DE SOCIEDAD UNIPERSONAL. SIENDO EL SOCIO UNICO: LA COMPAÑIA ""SERTRANS GLOBAL HOLDING, S.L."".  Datos registrales. S 8 , H B 4474, I/A 42 (14.08.26).",https://www.boe.es/diario_borme/xml.php?id=BORME-A-2026-161-08
20260821,A,BARCELONA,387417,HADI INVESTMENTS AND ASSETS SL,"Reducción de capital. Importe reducción: 3.265.929,00 Euros. Resultante Suscrito: 1.537.071,00 Euros.  Datos registrales. S 8 , H B 436502, I/A 12 (14.08.26).",https://www.boe.es/diario_borme/xml.php?id=BORME-A-2026-161-08
20260821,A,BARCELONA,387418,DAUTE SA,"Ampliación de capital. Suscrito: 64.682,45 Euros. Desembolsado: 64.682,45 Euros. Resultante Suscrito: 391.356,00 Euros. Resultante Desembolsado: 391.356,00 Euros. Modificaciones estatutarias. ARTICULO 5: MODIFICACION DEL VALOR NOMINAL, NUMERO Y NUMERACION DE LAS ACCIONES. Datos registrales. S 8 , H B 110882, I/A 49 (14.08.26).",https://www.boe.es/diario_borme/xml.php?id=BORME-A-2026-161-08
20260821,A,BARCELONA,387419,WENDIGO FIN S.L,"Ampliación de capital. Capital: 5.797,00 Euros. Resultante Suscrito: 15.797,00 Euros.  Datos registrales. S 8 , H B 608762, I/A 2 (14.08.26).",https://www.boe.es/diario_borme/xml.php?id=BORME-A-2026-161-08
20260821,A,BARCELONA,387420,LOCATOR CONDUCTOR SL,"Ampliación de capital. Capital: 1.300.000,00 Euros. Resultante Suscrito: 3.164.657,00 Euros.  Datos registrales. S 8 , H B 415379, I/A 8 (14.08.26).",https://www.boe.es/diario_borme/xml.php?id=BORME-A-2026-161-08
20260821,A,BARCELONA,387421,BERAR CAPITAL 1012 S.L,"Ampliación de capital. Capital: 3.000,00 Euros. Resultante Suscrito: 6.000,00 Euros. Otros conceptos: DECLARACION DE LA PERDIDA DE LA SITUACION DE UNIPERSONALIDAD. Cambio de domicilio social. CL CHARLES DARWIN Num.44 (TEIA).  Datos registrales. S 8 , H B 590398, I/A 2 (14.08.26).",https://www.boe.es/diario_borme/xml.php?id=BORME-A-2026-161-08
20260821,A,BARCELONA,387422,PROMOTORA NAVESA SA,"Nombramientos. LIQUIDADOR: ENSEÑAT ROCAFORT ALEX. Disolución. Voluntaria.  Datos registrales. S 8 , H B 25412, I/A 16 (14.08.26).",https://www.boe.es/diario_borme/xml.php?id=BORME-A-2026-161-08
20260821,A,BARCELONA,387423,TOURS TRAVEL FINDER S.L,"Modificaciones estatutarias. ARTICULO 7: NOMBRAMIENTO, DURACION Y PROHIBICION DE COMPETENCIA.  Datos registrales. S 8 , H B 645221, I/A 2 (14.08.26).",https://www.boe.es/diario_borme/xml.php?id=BORME-A-2026-161-08
20260821,A,BARCELONA,387424,BETA'90 GESTION Y PROMOCION INMOBILIARIA SL,"Otros conceptos: DEPOSITADO EL ANUNCIO QUE INFORMA A SOCIOS, ACREEDORES Y REPRESENTANTES DE TRABAJADORES/TRABAJADORES QUE PUEDEN PRESENTAR A LA SOCIEDAD, A MAS TARDAR 5 DIAS LABORABLES ANTES DE LA JUNTA GENERAL, OBSERVACIONES SOBRE EL PROYECTO.  Datos registrales. S 8 , H B 7057, I/A 24 N (14.08.26).",https://www.boe.es/diario_borme/xml.php?id=BORME-A-2026-161-08
20260821,A,BARCELONA,387425,DISEÑO Y PROYECTOS SA,"Revocaciones. APODERADO: FERRER ORTIZ MARIA JOSE;FERRER ORTIZ YVONNE;FERRER ORTIZ YVONNE;ORTIZ GARCIA MARIA ASUNCION;FERRER ORTIZ YVONNE;FERRER ORTIZ MARIA ASUNCION;FERRER ORTIZ MARIA JOSE. Extinción.  Datos registrales. S 8 , H B 30709, I/A 32 (14.08.26).",https://www.boe.es/diario_borme/xml.php?id=BORME-A-2026-161-08
20260821,A,BARCELONA,387426,WITKEI 2006 SL,"Otros conceptos: DEPOSITADO EL ANUNCIO QUE INFORMA A SOCIOS, ACREEDORES Y REPRESENTANTES DE TRABAJADORES/TRABAJADORES QUE PUEDEN PRESENTAR A LA SOCIEDAD, A MAS TARDAR 5 DIAS LABORABLES ANTES DE LA JUNTA GENERAL, OBSERVACIONES SOBRE EL PROYECTO.  Datos registrales. S 8 , H B 331512, I/A 4 N (14.08.26).",https://www.boe.es/diario_borme/xml.php?id=BORME-A-2026-161-08
20260821,A,BARCELONA,387427,GESIMFER SL,"Revocaciones. ADM.UNICO: LAMIONI SL. REPR.143 RRM: FERRER ORTIZ MARIA JOSE. Nombramientos. ADM.UNICO: FERRER ORTIZ MARIA JOSE. Otros conceptos: DECLARACION DE LA PERDIDA DEL CARACTER DE UNIPERSONAL. Fusión por absorción. Sociedades absorbidas: DISEÑO Y PROYECTOS SA. LAMIONI SL.  Datos registrales. S 8 , H B 122580, I/A 24 (14.08.26).",https://www.boe.es/diario_borme/xml.php?id=BORME-A-2026-161-08
20260821,A,BARCELONA,387428,LAMIONI SL,"Revocaciones. APODERADO: FERRER ORTIZ JOSE MARIA;FERRER ORTIZ YVONNE;FERRER ORTIZ MARIA JOSE;ORTIZ GARCIA MARIA ASUNCION;FERRER ORTIZ JOSE MARIA;FERRER ORTIZ YVONNE;FERRER ORTIZ MARIA ASUNCION;FERRER ORTIZ MARIA JOSE. Extinción.  Datos registrales. S 8 , H B 264596, I/A 11 (14.08.26).",https://www.boe.es/diario_borme/xml.php?id=BORME-A-2026-161-08
20260821,A,BARCELONA,387429,TESLEIN S.L,"Revocaciones. ADM.UNICO: MALDONADO DEVESA THALIA. Nombramientos. ADM.UNICO: BORRAS AVILES ALEX.  Datos registrales. S 8 , H B 512336, I/A 4 (14.08.26).",https://www.boe.es/diario_borme/xml.php?id=BORME-A-2026-161-08
20260821,A,BARCELONA,387430,CEMENTOS MOLINS SA,"Revocaciones. M.COM.NOM.RE: MOLINS LOPEZ RODO JOAQUIN MARIA. CONS.INDEPEN: VILLASECA MARCO RAFAEL. M.COM.NOM.RE: FERNANDEZ LARREA SOCORRO. CONS.DOMINIC: MOLINS LOPEZ RODO JOAQUIN MARIA. CONS.INDEPEN: VILLASECA MARCO RAFAEL;FERNANDEZ LARREA SOCORRO. CONS.DOMINIC: MOLINS GIL JOAQUIN MARIA;RIVERA MOLINS CARLES. VICEPRESID.1: MOLINS GIL JOAQUIN MARIA. VICEPRESID.2: MOLINS LOPEZ RODO JOAQUIN. MBRO.COM.AUD: VILLASECA MARCO RAFAEL. PRE.COM.AUD.: VILLASECA MARCO RAFAEL. M.COM.NOM.RE: MOLINS GIL JOAQUIN MARIA. MBRO.COM.AUD: FERNANDEZ LARREA SOCORRO;VILLASECA MARCO RAFAEL;VILLASECA MARCO RAFAEL. PRE.COM.AUD.: VILLASECA MARCO RAFAEL. Nombramientos. CONS.DOMINIC: RIVERA MOLINS CARLES;MOLINS AMAT PABLO. VICEPRESID.2: MOLINS AMAT PABLO. CONS.DOMINIC: MONFORT GUASCH IGNACIO. CONS.INDEPEN: VILLASECA MARCO RAFAEL. PRE.COMS.AUD: VILLASECA MARCO RAFAEL. CONS.INDEPEN: GOMEZ DE BARREDA TOUS DE MONSALVE CARMEN. MBRO.COM.AUD: GOMEZ DE BARREDA TOUS DE MONSALVE CARMEN. CONS.INDEPEN: SANTAMARIA MARTIN ANGELES. M.COM.NOM.RE: SANTAMARIA MARTIN ANGELES. VICEPRESID.1: MOLINS DOMINGO BEATRIZ. MBRO.COM.AUD: VILLASECA MARCO RAFAEL.  Datos registrales. S 8 , H B 4224, I/A 378 (14.08.26).",https://www.boe.es/diario_borme/xml.php?id=BORME-A-2026-161-08
20260821,A,BARCELONA,387431,LABORATORIO DIGITAL HIGH TEETH SL,"Revocaciones. ADM.UNICO: CORUS DENTAL INSTITUTE SL. Nombramientos. ADM.SOLIDAR.: CORUS DENTAL INSTITUTE SL;CORUS EUROPE BV. REPR.143 RRM: ROMA VIVES JUAN.  Datos registrales. S 8 , H B 472658, I/A 16 (14.08.26).",https://www.boe.es/diario_borme/xml.php?id=BORME-A-2026-161-08
20260821,A,BARCELONA,387432,INFOCITY1520 BCN S.L,"Revocaciones. ADM.UNICO: GONZALEZ GARCIA JORGE. Nombramientos. ADM.UNICO: ALBERDI SEWELL POL MIQUEL. Otros conceptos: DECLARACION DE CAMBIO DE SOCIO UNICO,SIENDO EL NUEVO SOCIO UNICO LA MERCANTIL ""GLOBAL BUSINESS FORUM SL"".  Datos registrales. S 8 , H B 586463, I/A 2 (14.08.26).",https://www.boe.es/diario_borme/xml.php?id=BORME-A-2026-161-08
20260821,A,BARCELONA,387433,FST BARCELONA NEWCO S.L,"Revocaciones. ADM.UNICO: CERES BIDCO SL. REPR.143 RRM: FREDERIC JOSENHANS. Nombramientos. ADM.UNICO: CRESCO HOTELS INVEST SL. REPR.143 RRM: MATTHIEU JEAN GUY DRACS. Otros conceptos: DECLARACION DE CAMBIO DE SOCIO UNICO. SIENDO EL NUEVO SOCIO: LA COMPAÑIA ""CRESCO HOTELS INVEST, S.L."".  Datos registrales. S 8 , H B 629161, I/A 13 (14.08.26).",https://www.boe.es/diario_borme/xml.php?id=BORME-A-2026-161-08
20260821,A,BARCELONA,387434,FABRINET SL,"Revocaciones. ADMINISTR.: ROCA VALLEJO REMEI. Nombramientos. ADM.UNICO: BADENES CACICEDO ALBERT. Otros conceptos: PERDIDA DE LA CONDICION DE SOCIEDAD UNIPERSONAL.  Datos registrales. S 8 , H B 131624, I/A 6 (14.08.26).",https://www.boe.es/diario_borme/xml.php?id=BORME-A-2026-161-08
20260821,A,BARCELONA,387435,SCMGROUP ESPAÑA SA,"Nombramientos. CONSEJERO: PIETRO GHELLER.  Datos registrales. S 8 , H B 40166, I/A 71 (14.08.26).",https://www.boe.es/diario_borme/xml.php?id=BORME-A-2026-161-08
20260821,A,BARCELONA,387436,HABITATGE METROPOLIS BARCELONA S.A,"Nombramientos. CONSEJERO: ANTONELL MASSUET BEGOÑA. CONS.INDEPEN: MONTSERRAT MIRO JOSEP RAMON.  Datos registrales. S 8 , H B 517889, I/A 21 (14.08.26).",https://www.boe.es/diario_borme/xml.php?id=BORME-A-2026-161-08
20260821,A,BARCELONA,387437,PRENSA IBERICA MEDIA SL,"Revocaciones. CONSEJERO: VIÑALS CAÑELLAS JUAN. SECRETARIO: VIÑALS CAÑELLAS JUAN. CONSEJERO: PUJADO VIUSA PEDRO. Nombramientos. CONSEJERO: ALCOLEA VELAZQUEZ ALVARO;GUILLOT PICHOT SERGI;SAEZ CASAS ALBERT. SECR.NO CONS: VIÑALS CAÑELLAS JUAN.  Datos registrales. S 8 , H B 474347, I/A 18 (14.08.26).",https://www.boe.es/diario_borme/xml.php?id=BORME-A-2026-161-08
20260821,A,BARCELONA,387438,MARMEDSA D.M.C. S.L,"Nombramientos. APOD.SOL/MAN: JOAO CARLOS VENDEIRINHO ALMEIDA;MORA ACEVES RAQUEL.  Datos registrales. S 8 , H B 577452, I/A 19 (15.08.26).",https://www.boe.es/diario_borme/xml.php?id=BORME-A-2026-161-08
20260821,A,BARCELONA,387439,FARHI VENTURES S.L,"Revocaciones. ADM.UNICO: FARHI RODRIG DAN. Nombramientos. ADM.SOLIDAR.: FARHI RODRIG DAN;RADO FARHI SHIRA. Otros conceptos: DECLARACION DE LA PERDIDA DE LA CONDICION DE UNIPERSONAL.  Datos registrales. S 8 , H B 572445, I/A 11 (14.08.26).",https://www.boe.es/diario_borme/xml.php?id=BORME-A-2026-161-08
20260821,A,BARCELONA,387440,SANCHEZ ROTULOS Y APLICACION S.L,"Revocaciones. ADM.UNICO: SANCHEZ LOPEZ MARIA. Nombramientos. ADM.UNICO: SANCHEZ NUÑEZ FRANCISCO DAVID.  Datos registrales. S 8 , H B 594111, I/A 3 (14.08.26).",https://www.boe.es/diario_borme/xml.php?id=BORME-A-2026-161-08
20260821,A,BARCELONA,387441,COMBALIA AGENCIA MARITIMA SA,"Nombramientos. APOD.SOL/MAN: JOAO CARLOS VENDEIRINHO ALMEIDA;MORA ACEVES RAQUEL.  Datos registrales. S 8 , H B 69476, I/A 307 (15.08.26).",https://www.boe.es/diario_borme/xml.php?id=BORME-A-2026-161-08
20260821,A,BARCELONA,387442,MANIPULATS DEL PAPER I FILLS SL,"Revocaciones. ADM.SOLIDAR.: CASADO PASARELL ALBERT;CASADO PASARELL CARLOS. Nombramientos. ADM.UNICO: CASADO PASARELL ALBERT.  Datos registrales. S 8 , H B 405827, I/A 6 (14.08.26).",https://www.boe.es/diario_borme/xml.php?id=BORME-A-2026-161-08
20260821,A,BARCELONA,387443,APM TERMINALS BARCELONA S.L,"Nombramientos. AUDIT.CUENT.: PRICEWATERHOUSECOOPERS AUDITORES SL.  Datos registrales. S 8 , H B 201783, I/A 96 (14.08.26).",https://www.boe.es/diario_borme/xml.php?id=BORME-A-2026-161-08
20260821,A,BARCELONA,387444,LOGIX NEXON S.L,"Constitución. Comienzo de operaciones: 23.07.26. Objeto social: LA PROGRAMACION INFORMATICA PARA EL CONTROL DE SALAS BLANCAS, EL DESARROLLO, DISEÑO, IMPLANTACION, COMERCIALIZACION Y MANTENIMIENTO DE SOFTWARE Y SISTEMAS DE CONTROL, ETC. Domicilio: CL CLAUDIA NUM.11 (GURB). Capital: 3.000,00 Euros. Nombramientos. ADM.UNICO: GRAU VILLAESCUSA JORDI.  Datos registrales. S 8 , H B 662323, I/A 1 (14.08.26).",https://www.boe.es/diario_borme/xml.php?id=BORME-A-2026-161-08
20260821,A,BARCELONA,387445,OBRAS OLMO SL,"Nombramientos. ADM.UNICO: VARGAS FERNANDEZ NICOLAS.  Datos registrales. S 8 , H B 31178, I/A 9 (14.08.26).",https://www.boe.es/diario_borme/xml.php?id=BORME-A-2026-161-08
20260821,A,BARCELONA,387446,ETRI GLOBAL S.L,"Constitución. Comienzo de operaciones: 23.07.26. Objeto social: 8299 OTRAS ACTIVIDADES DE APOYO A LAS EMPRESAS OTRAS ACTIVIDADES 4791 COMERCIO AL POR MENOR POR CORRESPONDENCIA O INTERNET SERVICIOS DE PUBLICIDAD, RELACIONES PUBLICAS O SIMILARES. Domicilio: CL LEPANT NUM.270 P.BJ (BARCELONA). Capital: 3.005,00 Euros. Nombramientos. ADM.UNICO: MERYEM ETTAYAA RIZKI. Otros conceptos: DECLARACION DE SOCIEDAD UNIPERSONAL, SIENDO SOCIO UNICO MERYEM ETTAYAA RIZKI.  Datos registrales. S 8 , H B 662317, I/A 1 (14.08.26).",https://www.boe.es/diario_borme/xml.php?id=BORME-A-2026-161-08
20260821,A,BARCELONA,387447,THE FAR EYE S.L,"Constitución. Comienzo de operaciones: 29.07.26. Objeto social: CREAR Y COMERCIALIZAR PRODUCTOS DIGITALES PROPIOS. PRESTAR SERVICIOS TECNOLOGICOS A TERCEROS. EXPLORAR CONTENIDOS Y ACTIVOS DIGITALES. CREAR Y GESTIONAR PROYECTOS DE SOFTWARE E INTELIGENCIA ARTIFICIAL.ETC. Domicilio: LG PUERTO DEPORTIVO MASNOU, LOCAL NUM. 49 (MASNOU (EL)). Capital: 3.000,00 Euros. Nombramientos. ADM.UNICO: JORGE SENTIES TAMBORERO.  Datos registrales. S 8 , H B 662310, I/A 1 (14.08.26).",https://www.boe.es/diario_borme/xml.php?id=BORME-A-2026-161-08
20260821,A,BARCELONA,387448,MC 9396 S.L,"Constitución. Comienzo de operaciones: 29.06.26. Objeto social: 55.10 HOTELES Y ALOJAMIENTOS SIMILARES -55.20 ALOJAMIENTOS TURISTICOS Y OTROS ALOJAMIENTOS DE CORTA ESTANCIA -55.40 ACTIVIDADES DE INTERMEDIACION PARA LOS SERVICIOS DE ALOJAMIENTO. ETC.-55.90 OTROS SERVICIOS DE ALOJAMIENTO. Domicilio: CL GRAN VIA DE CARLES III NUM.98 P.10 (BARCELONA). Capital: 1.001.000,00 Euros. Nombramientos. ADM.SOLIDAR.: DE ESPONA PLANA MIGUEL;DE ESPONA PLANA CARLOS. Otros conceptos: DECLARACION DE SOCIEDAD UNIPERSONAL, SIENDO SOCIO UNICO MIGUEL DE ESPONA VILARRUBIA.  Datos registrales. S 8 , H B 662278, I/A 1 (14.08.26).",https://www.boe.es/diario_borme/xml.php?id=BORME-A-2026-161-08
20260821,A,BARCELONA,387449,PAMAME 25 S.L,"Constitución. Comienzo de operaciones: 29.06.26. Objeto social: 55.90 OTROS SERVICIOS DE ALOJAMIENTO -68.20 ALQUILERES DE BIENES INMOBILIARIOS POR CUENTA PROPIA -55.10 HOTELESY ALOJAMIENTOS SIMILARES 55.40ACTIVIDADES DE INTERRNEDIADON PARA LOS SERVICIOS DE ALOJAMIENTO ,ETC. Domicilio: CL ROSSELLO NUM.242 (BARCELONA). Capital: 1.001.000,00 Euros. Nombramientos. ADM.UNICO: DE ESPONA VILARRUBIA PEDRO. Otros conceptos: DECLARACION DE SOCIEDAD UNIPERSONAL, SIENDO SOCIO UNICO PEDRO DE ESPONA VILARRUBIA.  Datos registrales. S 8 , H B 662279, I/A 1 (14.08.26).",https://www.boe.es/diario_borme/xml.php?id=BORME-A-2026-161-08
20260821,A,BARCELONA,387450,MAMUJUD S.L,"Constitución. Comienzo de operaciones: 29.07.26. Objeto social: EL COMERCIO AL POR MENOR DE TODA CLASE DE PRODUCTOS ALIMENTICIOS EN ESTABLECIMIENTOS NO ESPECIALIZADOS, CON PREDOMINIO EN PRODUCTOS ALIMENTICIOS, BEBIDAS Y TABACO. ETC. Domicilio: CL DE LA MARE DE DEU DEL PORT NUM.389 P.3 PTA.1 (BARCELONA). Capital: 3.000,00 Euros. Nombramientos. ADM.UNICO: LAKROUNI AMJOUN BOUCHRA.  Datos registrales. S 8 , H B 662320, I/A 1 (14.08.26).",https://www.boe.es/diario_borme/xml.php?id=BORME-A-2026-161-08
20260821,A,BARCELONA,387451,XUAN LY NAILS S.L,"Constitución. Comienzo de operaciones: 30.07.26. Objeto social: ACTIVIDADES DE CUIDADOS DE BELLEZA Y OTRAS ACTIVIDADES DE TRATAMIENTO DE BELLEZA (CNAE 9622). CNAE CORRESPONDIENTE A LA ACTIVIDAD PRINCIPAL 9622. OTRAS ACTIVIDADES: PELUQUERIAS Y BARBERIAS. BARES,RESTAURANTES,ETC. Domicilio: CM RAL DE LA MERCE, 428 LOAL (MATARO). Capital: 3.000,00 Euros. Nombramientos. ADM.UNICO: XUAN LY DANG. Otros conceptos: DECLARACION DE SOCIEDAD UNIPERSONAL, SIENDO SOCIO UNICO XUAN LY DANG.  Datos registrales. S 8 , H B 662213, I/A 1 (15.08.26).",https://www.boe.es/diario_borme/xml.php?id=BORME-A-2026-161-08
20260821,A,BARCELONA,387452,LA ACADEMIA DE LLIÇA S.L,"Constitución. Comienzo de operaciones: 30.07.26. Objeto social: LOS SERVICIOS DE ORIENTACION ACADEMICA, FORMATIVA Y PEDAGOGICA. ORGANIZACION, GESTION Y DESARROLLO DE ACTIVIDADES DE APOYO ESCOLAR, REFUERZO EDUCATIVO, SERVICIOS DE TUTORIA Y SEGUIMIENTO. ETC. Domicilio: AV MONTSERRAT, 29-31 (LLISSA DE VALL). Capital: 3.000,00 Euros. Nombramientos. ADM.UNICO: OMS BALAGUER EVA.  Datos registrales. S 8 , H B 662345, I/A 1 (14.08.26).",https://www.boe.es/diario_borme/xml.php?id=BORME-A-2026-161-08
20260821,A,BARCELONA,387453,MAISON MALET S.L,"Constitución. Comienzo de operaciones: 28.07.26. Objeto social: ACTUAR COMO SOCIEDAD HOLDING MEDIANTE LA PARTICIPACION EN EL CAPITAL DE SOCIEDADES Y ENTIDADES RESIDENTES Y NO RESIDENTES EN TERRITORIO ESPAÑOL, DIRIGIENDO Y GESTIONANDO DICHAS PARTICIPACINES Y ACCIONES SOCIALES.ETC. Domicilio: CL BALMES NUM.345 P.4 PTA.1 (BARCELONA). Capital: 1,00 Euros. Nombramientos. ADM.UNICO: MALET CAMIN JORGE AMADO. Otros conceptos: DECLARACION DE SOCIEDAD UNIPERSONAL, SIENDO SOCIO UNICO JORGE AMADO MALET CAMIN. Datos registrales. S 8 , H B 662339, I/A 1 (14.08.26).",https://www.boe.es/diario_borme/xml.php?id=BORME-A-2026-161-08
20260821,A,BARCELONA,387454,RUTA TIR SL,"Otros conceptos: DECLARCION DE SOCIEDAD UNIPERSONAL, SIENDO EL SOCIO UNICO: SERTRANS CATALUNYA S.A.  Datos registrales. S 8 , H B 186154, I/A 7 (14.08.26).",https://www.boe.es/diario_borme/xml.php?id=BORME-A-2026-161-08
20260821,A,BARCELONA,387455,INMOPRILER SL,"Modificaciones estatutarias. MODIFICACION DEL ARTICULO 15 DE LOS ESTATUTOS SOCIALES Y ADICION DE LOS ARTICULOS 12 BIS Y 12 TER A LOS MISMOS.  Datos registrales. S 8 , H B 108885, I/A 12 (14.08.26).",https://www.boe.es/diario_borme/xml.php?id=BORME-A-2026-161-08
20260821,A,BARCELONA,387456,GESTIO AIGUA CALELLA SL,"Nombramientos. CONSEJERO: BUCH RIGOLA MARC.  Datos registrales. S 8 , H B 446767, I/A 41 (14.08.26).",https://www.boe.es/diario_borme/xml.php?id=BORME-A-2026-161-08
20260821,A,BARCELONA,387457,SANYU GAMES S.L,"Constitución. Comienzo de operaciones: 30.07.26. Objeto social: EL COMERCIO DE JUEGOS Y JUGUETES, DE CUALQUIER MATERIAL. EL COMERCIO DE JUEGOS DE MESA Y CARTAS SELECCIONABLES O DE ROL. LA ORGANIZACION DE TORNEOS DE JUEGOS DE MESA Y CARTAS SIN APUESTAS. LUDOTECA. RESTAURACION.ETC. Domicilio: CL MAJOR, NUM. 56, BAJOS (SANT JOAN DE VILATORRADA). Capital: 3.000,00 Euros. Nombramientos. ADM.SOLIDAR.: SAUL MUÑOZ REINA;AXEL LLULL CASAS;DANIEL ZAMORA RUIZ.  Datos registrales. S 8 , H B 662337, I/A 1 (14.08.26).",https://www.boe.es/diario_borme/xml.php?id=BORME-A-2026-161-08
20260821,A,BARCELONA,387458,FLRG 1 INVEST S.L,"Otros conceptos: DECLARACION DE CAMBIO DE SOCIO UNICO. NUEVO SOCIO UNICO: POL GAY CALVO.  Datos registrales. S 8 , H B 657628, I/A 2 (15.08.26).",https://www.boe.es/diario_borme/xml.php?id=BORME-A-2026-161-08
20260821,A,BARCELONA,387459,DGS REAL ESTATE BCN 1972 S.L,"Cambio de domicilio social. CL JOSEP CASTELLA NUM.24 BAJOS PTA.1 (MATARO).  Datos registrales. S 8 , H B 632963, I/A 3 (14.08.26).",https://www.boe.es/diario_borme/xml.php?id=BORME-A-2026-161-08
20260821,A,BARCELONA,387460,KATEC 26 S.L,"Constitución. Comienzo de operaciones: 28.07.26. Objeto social: LA REALIZACION DE MANIPULACIONES, EMPAQUETADO, EMBALAJE Y PREPARACION DE PRODUCTOS DE PULPA, PAPEL Y CARTON, ASI COMO DE ENVASES Y EMBALAJES DE TODA CLASE, ETC.Domicilio: CR RIPOLLET B-141, KM 3,9, P.I. SANTIGA (SANTA PERPETUA DE MOGODA). Capital: 10.000,00 Euros. Nombramientos. CONSEJERO: PINOSA VILALTA XAVIER;PETIT VILARO CARLOS;PASCUAL GALAN JULIO JESUS. PRESIDENTE: PINOSA VILALTA XAVIER. SECRETARIO: PETIT VILARO CARLOS.  Datos registrales. S 8 , H B 662257, I/A 1 (14.08.26).",https://www.boe.es/diario_borme/xml.php?id=BORME-A-2026-161-08
20260821,A,BARCELONA,387461,JCF PROCESS TECHNOLOGY S.L,"Revocaciones. ADM.UNICO: ROVIRA GINESTA MARGARITA. Nombramientos. ADM.UNICO: CLOSA FERRER JOSE. Otros conceptos: PERDIDA DE LA CONDICION DE SOCIEDAD UNIPERSONAL.  Datos registrales. S 8 , H B 619340, I/A 3 (14.08.26).",https://www.boe.es/diario_borme/xml.php?id=BORME-A-2026-161-08
20260821,A,BARCELONA,387462,COVERENT VALLES S.L,"Revocaciones. ADM.UNICO: GIRA S. XXI RECUPERACIONES S.L. REPR.143 RRM: PUIGANTELL ULLES MARCEL. Nombramientos. ADM.UNICO: BUINA EXPERT SL. REPR.143 RRM: MORELL GARCIA ANDREU. Otros conceptos: DECLARACION DE UNIPERSONALIDAD. SOCIO UNICO: BUINA EXPERT S.L. Cambio de domicilio social. CL CAMI DE LES ARENES Num.63 (SANTPEDOR).  Datos registrales. S 8 , H B 638485, I/A 2 (15.08.26).",https://www.boe.es/diario_borme/xml.php?id=BORME-A-2026-161-08
20260821,A,BARCELONA,387463,SUMED XXI SL,"Otros conceptos: DECLARACION DE UNIPERSONALIDAD. SOCIO UNICO: MANUELA CORONA CORONA.  Datos registrales. S 8 , H B 182081, I/A 8 (14.08.26).",https://www.boe.es/diario_borme/xml.php?id=BORME-A-2026-161-08
20260821,A,BARCELONA,387464,ESTUDI RAMBLA PRIM 2026 S.L,"Constitución. Comienzo de operaciones: 28.07.26. Objeto social: COMO ACTIVIDAD PRINCIPAL : INTERMEDIACION Y PROMOCION INMOBILIARIA CNAE 68.31. Domicilio: CL BINEFAR 2 LOCAL 3 (BARCELONA). Capital: 3.000,00 Euros. Nombramientos. ADM.UNICO: ALBALA CERVIGON JULIAN. Otros conceptos: DECLARACION DE SOCIEDAD UNIPERSONAL, SIENDO SOCIO UNICO JULIAN ALBALA CERVIGON.  Datos registrales. S 8 , H B 662335, I/A 1 (15.08.26).",https://www.boe.es/diario_borme/xml.php?id=BORME-A-2026-161-08
20260821,A,BARCELONA,387465,OPENERS AND CLOSERS SL,"Nombramientos. AUDIT.CUENT.: M AUDIT SLP.  Datos registrales. S 8 , H B 33637, I/A 13 (14.08.26).",https://www.boe.es/diario_borme/xml.php?id=BORME-A-2026-161-08
20260821,A,BARCELONA,387466,GLOBAL AUTO PARTS S.L,"Constitución. Comienzo de operaciones: 29.07.26. Objeto social: COMERCIO AL POR MAYOR DE REPUESTOS Y ACCESORIOS DE VEHICULOS DE MOTOR. OTRAS ACTIVIDADES DE APOYO A LAS EMPRESAS N.C.O.P.. OTROS SERVICIOS RELACIONADOS CON LAS TECNOLOGIAS DE LA INFORMACION Y LA INFORMATICA, ETC. Domicilio: CL DELS ENAMORATS, 147, LOCAL 1 (BARCELONA). Capital: 3.000,00 Euros. Nombramientos. ADM.UNICO: AHMED CHERGUI. Otros conceptos: DECLARACION DE SOCIEDAD UNIPERSONAL, SIENDO SOCIO UNICO AHMED CHERGUI.  Datos registrales. S 8 , H B 662264, I/A 1 (14.08.26).",https://www.boe.es/diario_borme/xml.php?id=BORME-A-2026-161-08
20260821,A,BARCELONA,387467,CRISTALLERIES I SANITARIS FORN S.A,"Nombramientos. AUDIT.CUENT.: FAURA CASAS AUDITORS CONSULTORS SL.  Datos registrales. S 8 , H B 60558, I/A 60 (14.08.26).",https://www.boe.es/diario_borme/xml.php?id=BORME-A-2026-161-08
20260821,A,BARCELONA,387468,VILANOVA PARK SA,"Nombramientos. AUDIT.CUENT.: FAURA CASAS AUDITORS CONSULTORS SL.  Datos registrales. S 8 , H B 60992, I/A 47 (14.08.26).",https://www.boe.es/diario_borme/xml.php?id=BORME-A-2026-161-08
20260821,A,BARCELONA,387469,CH CHILD BCN SL,"Revocaciones. AUDIT.CUENT.: UNIAUDIT OLIVER CAMPS SL.  Datos registrales. S 8 , H B 439340, I/A 32 (14.08.26).",https://www.boe.es/diario_borme/xml.php?id=BORME-A-2026-161-08
20260821,A,BARCELONA,387470,EXPANSE SL,"Revocaciones. PRESIDENTE: PASCUAL DEL POBIL YSERN JAIME. Nombramientos. PRESIDENTE: RODENAS MARTINEZ ENRIQUE.  Datos registrales. S 8 , H B 63720, I/A 43 (14.08.26).",https://www.boe.es/diario_borme/xml.php?id=BORME-A-2026-161-08
20260821,A,BARCELONA,387471,TECNOTRANS BONFIGLIOLI SA,"Cambio de objeto social. LA COMERCIALIZACION AL POR MAYOR DE COMPONENTES,ACCESORIOS Y SERVICIOS INDUSTRIALES Y EN ESPECIAL, DE MOTORES ELECTRICOS,ETC.  Datos registrales. S 8 , H B 68598, I/A 115 (14.08.26).",https://www.boe.es/diario_borme/xml.php?id=BORME-A-2026-161-08
20260821,A,BARCELONA,387472,DUPRINT SA,"Nombramientos. ADM.UNICO: LLANAS ARMET AGUSTIN.  Datos registrales. S 8 , H B 61684, I/A 17 (14.08.26).",https://www.boe.es/diario_borme/xml.php?id=BORME-A-2026-161-08
20260821,A,BARCELONA,387473,ARCHITECTURE OFFICE CLAUDIA RAURELL S.L.P,"Constitución. Comienzo de operaciones: 30.07.26. Objeto social: EL DESARROLLO DE LA ACTIVIDAD DE LA ARQUITECTURA EN TODAS SUS VERTIENTES. Domicilio: CL VALLIRANA NUM.30 P.2 PTA.2 (BARCELONA). Capital: 3.000,00 Euros. Nombramientos. ADM.UNICO: RAURELL CARULLA CLAUDIA. Otros conceptos: LA SOCIA PROFESIONAL ES CLAUDIA RAURELL CARULLA, Y LA SOCIA NO PROFESIONAL ES MARIA RAURELL CARULLA.  Datos registrales. S 8 , H B 662333, I/A 1 (15.08.26).",https://www.boe.es/diario_borme/xml.php?id=BORME-A-2026-161-08
20260821,A,BARCELONA,387474,GINEBRET CORPORATE S.L,"Revocaciones. ADM.UNICO: MARTIN PASTOR JUAN JOSE. Nombramientos. ADM.UNICO: ZHU DONG YANYAN. Otros conceptos: DECLARACION DE CAMBIO DE SOCIO UNICO SIENDO EL NUEVO SOCIO UNICO DOÑA YANYAN ZHU DONG.  Datos registrales. S 8 , H B 537004, I/A 7 (14.08.26).",https://www.boe.es/diario_borme/xml.php?id=BORME-A-2026-161-08
20260821,A,BARCELONA,387475,ATNORA CAPITAL S.L,"Constitución. Comienzo de operaciones: 30.07.26. Objeto social: TENENCIA, GESTION Y ADMINISTRACION DE PARTICIPACIONES EN EL CAPITAL DE OTRAS SOCIEDADES O ENTIDADES, TANTO NACIONALES COMO EXTRANJERAS,INCLUYENDO DIRECCION,COORDINACION,GESTION OPERATIVA DE DICHAS SOCIEDADES, ETC. Domicilio: PS EUSEBI GUELL NUM.10 P.3 PTA.D (BARCELONA). Capital: 3.000,00 Euros. Nombramientos. ADM.UNICO: NIETO RIERA ALBERT. Otros conceptos: DECLARACION DE SOCIEDAD UNIPERSONAL, SIENDO SOCIO UNICO ALBERT NIETO RIERA.  Datos registrales. S 8 , H B 662298, I/A 1 (14.08.26).",https://www.boe.es/diario_borme/xml.php?id=BORME-A-2026-161-08
20260821,A,BARCELONA,387476,GERMIMACA HOLDING S.L,"Constitución. Comienzo de operaciones: 27.07.26. Objeto social: LA TENENCIA, GESTION Y ADMINISTRACION DE PARTICIPACIONES SOCIALES, ACCIONES Y OTROS VALORES REPRESENTATIVOS DE LOS FONDOS PROPIOS DE OTRAS ENTIDADES, ASI COMO LA DIRECCION Y CONTROL DE LAS ACTIVIDADES EMPRESARIALES , ETC. Domicilio: CL MALLORCA NUM.164 P.1 PTA.2 (BARCELONA). Capital: 3.000,00 Euros. Nombramientos. ADM.UNICO: VARGAS TELLEZ CARLOTA. Otros conceptos: DECLARACION DE SOCIEDAD UNIPERSONAL, SIENDO SOCIO UNICO CARLOTA VARGAS TELLEZ.  Datos registrales. S 8 , H B 662342, I/A 1 (14.08.26).",https://www.boe.es/diario_borme/xml.php?id=BORME-A-2026-161-08
20260821,A,BARCELONA,387477,AXPATH LABS S.L,"Constitución. Comienzo de operaciones: 29.07.26. Objeto social: EL DESARROLLO, DISEÑO, INVESTIGACION, MANTENIMIENTO, ACTUALIZACION, COMERCIALIZACION, CESION, LICENCIA, IMPLANTACION, INTEGRACION Y EXPLOTACION DE PROGRAMAS INFORMATICOS, APLICACIONES, PLATAFORMAS TECNOLOGICAS, ETC. Domicilio: CM DE CAN AMETLLER, 24, EDIF. 2, PLANTA 2 (SANT CUGAT DEL VALLES). Capital: 3.000,00 Euros. Nombramientos. ADM.UNICO: SENI INVESTMENTS S.L. REPR.143 RRM: DEU ESTAPE BERNAT.  Datos registrales. S 8 , H B 662350, I/A 1 (14.08.26).",https://www.boe.es/diario_borme/xml.php?id=BORME-A-2026-161-08
20260821,A,BARCELONA,387478,CUBIK360 S.L,"Constitución. Comienzo de operaciones: 24.07.26. Objeto social: CONSTRUCCION, INSTALACIONES Y MANTENIMIENTO. IMPORTACION, EXPORTACOIN, COMERCIO AL POR MENOR Y MAYOR, INCLUYENDO EL COMERCIO POR INTERNET, FABRICACION, DISTRIBUCION, E INTERMEDIACION COMERCIAL DE EQUIPOS INFORMATICOS, ETC. Domicilio: CL BALUARD NUM.6 P.2 PTA.3 (SANT PERE DE RIBES). Capital: 3.000,00 Euros. Nombramientos. ADM.UNICO: ESMORIS LLORCA ALBERTO.  Datos registrales. S 8 , H B 662352, I/A 1 (14.08.26).",https://www.boe.es/diario_borme/xml.php?id=BORME-A-2026-161-08
20260821,A,BARCELONA,387479,SUSHI SUPER JAPON S.L,"Constitución. Comienzo de operaciones: 19.06.26. Objeto social: CNAE 5611 RESTAURANTES Y 5612 PUESTOS DE COMIDAS. Domicilio: AV DRASSANES NUM.29 P.EN PTA.2 (BARCELONA). Capital: 1,00 Euros. Nombramientos. ADM.UNICO: ZAMAN BABLUZ. Otros conceptos: DECLARACION DE SOCIEDAD UNIPERSONAL, SIENDO SOCIO UNICO ZAMAN BABLUZ.  Datos registrales. S 8 , H B 662303, I/A 1 (14.08.26).",https://www.boe.es/diario_borme/xml.php?id=BORME-A-2026-161-08
20260821,A,BARCELONA,387480,FERVIGRAF 2026 S.L,"Constitución. Comienzo de operaciones: 23.07.26. Objeto social: COMERCIALIZACION DE COMBUSTIBLES, ACCESORIOS Y MAQUINARIA, ASI COMO DE TODO TIPO DE PRODUCTOS, DESTINADOS A LAS ARTES GRAFICAS, TANTO DE IMPRESION OFFSET COMO DIGITAL. ETC. Domicilio: CL DEVESA NUM.2 (MARTORELL). Capital: 3.000,00 Euros. Nombramientos. ADM.UNICO: PEREZ VIZCAINO MARCOS. Otros conceptos: DECLARACION DE SOCIEDAD UNIPERSONAL, SIENDO SOCIO UNICO MARCOS PEREZ VIZCAINO.  Datos registrales. S 8 , H B 662348, I/A 1 (14.08.26).",https://www.boe.es/diario_borme/xml.php?id=BORME-A-2026-161-08
20260821,A,BARCELONA,387481,ALQUILERES Y CONTRATOS SL,"Revocaciones. CONSEJERO: FRADERA OHLSEN ENRIQUE. Nombramientos. CONSEJERO: MIRA FRADERA LUCIA;BELLIDO SOLER MARIA BEGOÑA.  Datos registrales. S 8 , H B 27765, I/A 22 (14.08.26).",https://www.boe.es/diario_borme/xml.php?id=BORME-A-2026-161-08
20260821,A,BARCELONA,387482,COETUSPHARMA S.L,"Otros conceptos: DECLARACION DE UNIPERSONALIDAD. SOCIO UNICO: GNS FARMA SL.  Datos registrales. S 8 , H B 625134, I/A 13 (14.08.26).",https://www.boe.es/diario_borme/xml.php?id=BORME-A-2026-161-08
20260821,A,BARCELONA,387483,CARTERA HOLGAZAN S.L,"Ampliación de capital. Capital: 3.400.000,00 Euros. Resultante Suscrito: 3.403.000,00 Euros.  Datos registrales. S 8 , H B 655247, I/A 2 (14.08.26).",https://www.boe.es/diario_borme/xml.php?id=BORME-A-2026-161-08
20260821,A,BARCELONA,387484,EAJ TERMOSISTEMAS S.L,"Revocaciones. ADM.UNICO: PINDADO GONZALEZ ENRIQUE. LIQUIDADOR: PINDADO GONZALEZ ENRIQUE. Nombramientos. LIQUIDADOR: PINDADO GONZALEZ ENRIQUE. Extinción.  Datos registrales. S 8 , H B 546156, I/A 3 (14.08.26).",https://www.boe.es/diario_borme/xml.php?id=BORME-A-2026-161-08
20260821,A,BARCELONA,387485,JUSELA IBERICOS S.L,"Ampliación de capital. Capital: 10.725,00 Euros. Resultante Suscrito: 43.225,00 Euros.  Datos registrales. S 8 , H B 233203, I/A 7 (14.08.26).",https://www.boe.es/diario_borme/xml.php?id=BORME-A-2026-161-08
20260821,A,BARCELONA,387486,SIRIUS CAPITAL INVESTMENTS S.L,"Constitución. Comienzo de operaciones: 15.07.26. Objeto social: LA SOCIEDAD TIENE POR OBJETO PRINCIPAL: LA GESTION Y ADMINISTRACION DE PARTICIPACIONES EN OTRAS SOCIEDADES, YA SEAN NACIONALES O EXTRANJERAS, ASI COMO LA DIRECCION, ASESORAMIENTO Y CONTROL DE LAS MISMAS. ETC. Domicilio: CL SALVADOR ESPRIU, NUM. 85, BJS. LOCAL 1 (BARCELONA). Capital: 3.000,00 Euros. Nombramientos. ADM.CONJUNTO: JOSEP MARIA BALANYA MARTI;SARA PEÑA PISONERO.  Datos registrales. S 8 , H B 662324, I/A 1 (14.08.26).",https://www.boe.es/diario_borme/xml.php?id=BORME-A-2026-161-08
20260821,A,BARCELONA,387487,SCHARA 1955 S.L,"Ampliación de capital. Capital: 3.997.000,00 Euros. Resultante Suscrito: 4.000.000,00 Euros.  Datos registrales. S 8 , H B 658851, I/A 2 (14.08.26).",https://www.boe.es/diario_borme/xml.php?id=BORME-A-2026-161-08
20260821,A,BARCELONA,387488,DICAL VERTICALS S.L,"Constitución. Comienzo de operaciones: 24.07.26. Objeto social: LA CONSTRUCCION, PROMOCION, URBANIZACION, REFORMA, REPARACION, CONSERVACION DE VIVIENDAS, LOCALES Y TODA CLASE DE EDIFICACIONES. REHABILITACION DE INTERIORES O EXTERIORES. CONSTRUCCION DE TODA CLASE DE OBRAS, ETC. Domicilio: CL VIA BARCINO NUM.48 P.3 (BARCELONA). Capital: 3.000,00 Euros. Nombramientos. ADM.UNICO: DIAZ VINDEL JAVIER DE JESUS.  Datos registrales. S 8 , H B 662299, I/A 1 (14.08.26).",https://www.boe.es/diario_borme/xml.php?id=BORME-A-2026-161-08
20260821,A,BARCELONA,387489,APOPA VENTURES S.L,"Constitución. Comienzo de operaciones: 22.07.26. Objeto social: LA ADQUISICION, SUSCRIPCION, TENENCIA, DISFRUTE, ADMINISTRACION, GESTION, DIRECCION, TRANSMISION Y ENAJENACION, POR CUENTA PROPIA, DE TODA CLASE DE ACCIONES, PARTICIPACIONES SOCIALES, VALORES MOBILIARIOS, ETC. Domicilio: CL BEETHOVEN NUM.15 P.1 PTA.5 (BARCELONA). Capital: 1.000.000,00 Euros. Nombramientos. ADM.UNICO: ESTEVE CRUELLA MARTA. Otros conceptos: DECLARACION DE SOCIEDAD UNIPERSONAL, SIENDO SOCIO UNICO MARTA ESTEVE CRUELLA.  Datos registrales. S 8 , H B 662343, I/A 1 (14.08.26).",https://www.boe.es/diario_borme/xml.php?id=BORME-A-2026-161-08
20260821,A,BARCELONA,387490,YACHTING VENTURE S.L,"Revocaciones. ADM.UNICO: ROSA DEL GAUDIO. LIQUIDADOR: ROSA DEL GAUDIO. Nombramientos. LIQUIDADOR: ROSA DEL GAUDIO. Extinción.  Datos registrales. S 8 , H B 548268, I/A 2 (14.08.26).",https://www.boe.es/diario_borme/xml.php?id=BORME-A-2026-161-08
20260821,A,BARCELONA,387491,BRAVA GOLF TRAVEL S.L,"Constitución. Comienzo de operaciones: 22.07.26. Objeto social: LA ORGANIZACION, ELABORACION, PROMOCION, OFERTA, COMERCIALIZACION Y VENTA DE VIAJES, ESTANCIAS, CIRCUITOS, EXCURSIONES, EXPERIENCIAS TURISTICAS, VIAJES COMBINADOS, ETC. Domicilio: VIA AUGUSTA NUM.244 P.6 PTA.D (BARCELONA). Capital: 5.001,00 Euros. Nombramientos. ADM.UNICO: MILLET PI FIGUERAS JORDI.  Datos registrales. S 8 , H B 662349, I/A 1 (14.08.26).",https://www.boe.es/diario_borme/xml.php?id=BORME-A-2026-161-08
20260821,A,BARCELONA,387492,BEMACAL DE TOT SL,"Revocaciones. ADM.UNICO: DE LUIS JIMENEZ JOSE ALEJANDRO. Otros conceptos: SECCION MERCANTIL TI BARCELONA.P.2,PROCEDIMIENTO ESPECIAL DE LIQUIDACION 323/2024, AUTOS FIRMES 03/09/2024 Y 23/07/2026, APERTURA Y CONCLUSION DEL PROCEDIMIENTO ESPECIAL DE LIQUIDACION PARA MICROEMPRESAS PREVISTO EN LA LEY CONCURSAL. Extinción.  Datos registrales. S 8 , H B 427290, I/A 4 (14.08.26).",https://www.boe.es/diario_borme/xml.php?id=BORME-A-2026-161-08
20260821,A,BARCELONA,387493,GROC LLAR SL,"Otros conceptos: SECCION MERCANTIL TI BARCELONA.PLAZA 2.CONCURSO VOLUNTARIO 1619/2025, AUTO FIRME DE FECHA 16/04/2026, DECLARACION DE CONCURSO VOLUNTARIO;AUTO FIRME 20/07/2026,CONCLUSION DE CONCURSO Y CIERRE PROVISIONAL DE LA HOJA REGISTRAL.  Datos registrales. S 8 , H B 401051, I/A 10 (14.08.26).",https://www.boe.es/diario_borme/xml.php?id=BORME-A-2026-161-08
20260821,A,BARCELONA,387494,"MASTERTECH CAPITAL V, SCR, S.A","Constitución. Comienzo de operaciones: INSCRIP.REGISTRO CNMV. Objeto social: TOMA DE PARTICIPACIONES EN OTRAS ENTIDADES DE CAPITAL RIESGO ASI COMO EN LA TOMA DE PARTICIPACIONES TEMPORALES EN EL CAPITAL DE EMPRESAS NO FINANCIERAS Y DE NATURALEZA NO INMOBILIARIA, ETC. Domicilio: PJ DE LA CONCEPCIO, 7-9 P.1 (BARCELONA). Capital suscrito: 1.200.000,00 Euros. Desembolsado: 300.000,00 Euros. Nombramientos. ADM.UNICO: JORDI JOFRE ARAJOL. AUDIT.CUENT.: VIR AUDIT SLP. ENTI.GESTORA: TALENTA GESTION SGIIC SA. ENT.DEPOSIT.: BANKINTER SA. APODERAD.SOL: JORDI JOFRE ARAJOL. Otros conceptos: DECLARACION DE SOCIEDAD UNIPERSONAL, SIENDO SOCIO UNICO JOHOLDING 2006, S.L. Página web de la sociedad. Creación de la página web corporativa: https://talentagestion.es/.  Datos registrales. S 8 , H B 662341, I/A 1 (14.08.26).",https://www.boe.es/diario_borme/xml.php?id=BORME-A-2026-161-08
20260821,A,BARCELONA,387495,VILALBONS RESIDENCIAL S.L,"Ampliación de capital. Capital: 148.000,00 Euros. Resultante Suscrito: 151.000,00 Euros.  Datos registrales. S 8 , H B 636422, I/A 2 (14.08.26).",https://www.boe.es/diario_borme/xml.php?id=BORME-A-2026-161-08
20260821,A,BARCELONA,387496,DOOFITS S.L,"Revocaciones. ADM.SOLIDAR.: GOMEZ PORRAS PABLO;MORAN CARRO ISMAEL;MORALES PRIETO AURELIO ANTONIO. LIQUIDADOR: MORAN CARRO ISMAEL. Nombramientos. LIQUIDADOR: MORAN CARRO ISMAEL. Extinción.  Datos registrales. S 8 , H B 529635, I/A 5 (14.08.26).",https://www.boe.es/diario_borme/xml.php?id=BORME-A-2026-161-08
20260821,A,BARCELONA,387497,MON SABATES I COMPLEMENTS 2000 SL,"Revocaciones. ADM.SOLIDAR.: CUBEDO VICENTE JOSEP;REBOLLO VEGA MARIA. Nombramientos. ADM.UNICO: CUBERO VICENTE JOSEP. Ampliación de capital. Capital: 160.000,00 Euros. Resultante Suscrito: 473.260,00 Euros.  Datos registrales. S 8 , H B 258913, I/A 5 (15.08.26).",https://www.boe.es/diario_borme/xml.php?id=BORME-A-2026-161-08
20260821,A,BARCELONA,387498,OLIFER PATRIMONIAL S.L,"Ampliación de capital. Capital: 200.000,00 Euros. Resultante Suscrito: 205.000,00 Euros. Cambio de domicilio social. CL ALBENIZ, NUMEROS 9-10 TIENDA 1. (HOSPITALET DE LLOBREGAT (L').  Datos registrales. S 8 , H B 579697, I/A 2 (14.08.26).",https://www.boe.es/diario_borme/xml.php?id=BORME-A-2026-161-08
20260821,A,BARCELONA,387499,SINGLA RESTAURACION Y EVENTOS SL,"Ampliación de capital. Capital: 665.434,00 Euros. Resultante Suscrito: 828.688,00 Euros.  Datos registrales. S 8 , H B 473804, I/A 5 (14.08.26).",https://www.boe.es/diario_borme/xml.php?id=BORME-A-2026-161-08
20260821,A,BARCELONA,387500,PILGRIM CAPITAL PARTNERS S.L,"Ampliación de capital. Capital: 934.485,00 Euros. Resultante Suscrito: 937.485,00 Euros.  Datos registrales. S 8 , H B 611928, I/A 3 (14.08.26).",https://www.boe.es/diario_borme/xml.php?id=BORME-A-2026-161-08
20260821,A,BARCELONA,387501,CVC GRUPO CONSEJEROS SL,"Revocaciones. ADM.UNICO: VILARRUBI CARRIO CARLES. LIQUIDADOR: VILARRUBI I JORDA EDUARD. Nombramientos. LIQUIDADOR: VILARRUBI I JORDA EDUARD. Extinción.  Datos registrales. S 8 , H B 43061, I/A 31 (14.08.26).",https://www.boe.es/diario_borme/xml.php?id=BORME-A-2026-161-08
20260821,A,BARCELONA,387502,RO&TI BCN S.L,"Revocaciones. ADM.UNICO: TEIXIDO CASALPRIM ROSA.  Datos registrales. S 8 , H B 599935, I/A 2 (14.08.26).",https://www.boe.es/diario_borme/xml.php?id=BORME-A-2026-161-08
20260821,A,BARCELONA,387503,INTERNATIONAL COMMERCIALIZATION OF SPORTS RIGHTS SPAIN S.L,"Revocaciones. ADM.CONJUNTO: RODRIGUEZ MORATO POL.  Datos registrales. S 8 , H B 523651, I/A 23 (14.08.26).",https://www.boe.es/diario_borme/xml.php?id=BORME-A-2026-161-08
20260821,A,BARCELONA,387504,AGENCY BY SPORTS AND LIFE S.L,"Revocaciones. ADM.CONJUNTO: RODRIGUEZ MORATO POL.  Datos registrales. S 8 , H B 546854, I/A 11 (14.08.26).",https://www.boe.es/diario_borme/xml.php?id=BORME-A-2026-161-08
20260821,A,BARCELONA,387505,LIVE EXPERIENCE ETAL S.L,"Revocaciones. ADM.CONJUNTO: RODRIGUEZ MORATO POL.  Datos registrales. S 8 , H B 585295, I/A 6 (14.08.26).",https://www.boe.es/diario_borme/xml.php?id=BORME-A-2026-161-08
20260821,A,BARCELONA,387506,OMNIFECT IBERICA S.L,"Revocaciones. ADM.UNICO: FERNANDEZ DE LA LASTRA ARIEL.  Datos registrales. S 8 , H B 539067, I/A 4 (14.08.26).",https://www.boe.es/diario_borme/xml.php?id=BORME-A-2026-161-08
20260821,A,BARCELONA,387507,VIFONT CAPITAL S.L,"Ampliación de capital. Capital: 148.000,00 Euros. Resultante Suscrito: 1.478.364,00 Euros.  Datos registrales. S 8 , H B 556336, I/A 5 (14.08.26).",https://www.boe.es/diario_borme/xml.php?id=BORME-A-2026-161-08
20260821,A,BARCELONA,387508,GINARPRADOS SL,"Revocaciones. ADM.SOLIDAR.: PRATS ESTRADERA NARCISO. Fusión por absorción. Sociedades absorbidas: JORNARPRADOS SL.  Datos registrales. S 8 , H B 186010, I/A 16 (14.08.26).",https://www.boe.es/diario_borme/xml.php?id=BORME-A-2026-161-08
20260821,A,BARCELONA,387509,JORNARPRADOS SL,"Revocaciones. ADM.SOLIDAR.: PRATS ESTRADERA NARCISO. Extinción.  Datos registrales. S 8 , H B 337028, I/A 8 (14.08.26).",https://www.boe.es/diario_borme/xml.php?id=BORME-A-2026-161-08
20260821,A,BARCELONA,387510,KILOMETROS EN MARCHA S.L,"Revocaciones. ADM.UNICO: VELEZ FERRERA ANDRES. Nombramientos. ADM.UNICO: MATONS VALERO JAVIER. Cambio de domicilio social. CL LA FONT Num.24 (SANTA MARGARIDA DE MONTBUI). Cambio de objeto social. ACTIVIDAD PRINCIPAL: CNAE 68.20. ALQUILER DE BIENES INMOBILIARIOS POR CUENTA PROPIA. LAS ACTIVIDADES QUE CONSTITUYEN EL OBJETO SOCIAL PODRAN SER DESARROLLADAS DIRECTA O INDIRECTAMENTE A TRAVES DE LA CONSTITUCION, ETC.  Datos registrales. S 8 , H B 650617, I/A 2 (14.08.26).",https://www.boe.es/diario_borme/xml.php?id=BORME-A-2026-161-08
20260821,A,BARCELONA,387511,DHAUZ IAES S.L,"Cambio de denominación social. HAYKA IAES S.L.  Datos registrales. S 8 , H B 661371, I/A 2 (14.08.26).",https://www.boe.es/diario_borme/xml.php?id=BORME-A-2026-161-08
20260821,A,BARCELONA,387512,ERKHO-SIDER SL,"Cambio de domicilio social. LG PORT ESPORTIU PREMIA DE MAR, EDIF.1,ALTILLO 1 (PREMIA DE MAR).  Datos registrales. S 8 , H B 496582, I/A 9 (14.08.26).",https://www.boe.es/diario_borme/xml.php?id=BORME-A-2026-161-08
20260821,A,BARCELONA,387513,SERVEIS ASSISTENCIALS TERCIARIS SL,"Otros conceptos: DECLARACION DE UNIPERSONALIDAD. SOCIO UNICO: JORDI MORIST RIBERA.  Datos registrales. S 8 , H B 130047, I/A 11 (14.08.26).",https://www.boe.es/diario_borme/xml.php?id=BORME-A-2026-161-08
20260821,A,BARCELONA,387514,GRUPO ERKHO SIDER SL,"Cambio de domicilio social. LG PORT ESPORTIU PREMIA DE MAR ED.1 ALTILLO 1 (PREMIA DE MAR).  Datos registrales. S 8 , H B 3054, I/A 12 (14.08.26).",https://www.boe.es/diario_borme/xml.php?id=BORME-A-2026-161-08
20260821,A,BARCELONA,387515,ERKHO ESTATE SL,"Cambio de domicilio social. LG PORT ESPORTIU PREMIA DE MAR ED.1 ALTILLO 1 (PREMIA DE MAR).  Datos registrales. S 8 , H B 490973, I/A 6 (14.08.26).",https://www.boe.es/diario_borme/xml.php?id=BORME-A-2026-161-08
20260821,A,BARCELONA,387516,"MY HOME, MY KINGDOM S.L","Revocaciones. ADM.SOLIDAR.: DE MARCOS HIDALGO LAURA;JIMENEZ DE MARCOS RAUL. LIQUIDADOR: DE MARCOS HIDALGO LAURA. Nombramientos. LIQUIDADOR: DE MARCOS HIDALGO LAURA. Extinción.  Datos registrales. S 8 , H B 566127, I/A 2 (14.08.26).",https://www.boe.es/diario_borme/xml.php?id=BORME-A-2026-161-08
20260821,A,BARCELONA,387517,TALENOM S.L,"Otros conceptos: No aprobacion de las cuentas anuales correspondientes al ejercicio 2024 (Art. 378.5 del Reglamento del Registro Mercantil).  Datos registrales. S 8 , H B 466053, I/A 38 (14.08.26).",https://www.boe.es/diario_borme/xml.php?id=BORME-A-2026-161-08
20260821,A,BARCELONA,387518,TECHNOMEDIA SOLUTIONS SL,"Cambio de domicilio social. CL ARNAU DE MERCADER Num.8 (CORNELLA DE LLOBREGAT). Cambio de objeto social. OTRAS ACTIVIDADES DE IMPRESION Y ARTES GRAFICAS. ESTA CLASE COMPRENDE EXCLUSIVAMENTE LA PRESTACION DE SERVICIOS DE IMPRESION (EXCLUYENDO LA FABRICACION DE BIENES) Y INCLUYE ESPECIFICAMENTE: IMPRESION EDITORIAL I COMERCIAL,ETC.  Datos registrales. S 8 , H B 432785, I/A 4 (14.08.26).",https://www.boe.es/diario_borme/xml.php?id=BORME-A-2026-161-08
20260821,A,BARCELONA,387519,DEXCASELIVA SL,"Otros conceptos: DECLARACION DE UNIPERSONALIDAD. SOCIO UNICO: LLUIS BENEDI PICAÑOL.  Datos registrales. S 8 , H B 337628, I/A 11 (14.08.26).",https://www.boe.es/diario_borme/xml.php?id=BORME-A-2026-161-08
20260821,A,BARCELONA,387520,LVGN S.L,"Cambio de domicilio social. CL EMILIO ALCALA GALIANO Num.25 (CORNELLA DE LLOBREGAT).  Datos registrales. S 8 , H B 622749, I/A 3 (14.08.26).",https://www.boe.es/diario_borme/xml.php?id=BORME-A-2026-161-08
20260821,A,BARCELONA,387521,PEMIFOR CONSTRUCCIONS S.L,"Cambio de domicilio social. CL ALBENIZ NUM.8-10 TIENDA 1 (HOSPITALET DE LLOBREGAT (L').  Datos registrales. S 8 , H B 538522, I/A 3 (14.08.26).",https://www.boe.es/diario_borme/xml.php?id=BORME-A-2026-161-08
20260821,A,BARCELONA,387522,GOLDEN PANTONE S.L,"Revocaciones. ADM.SOLIDAR.: ZAMORA CASTILLO CRISTIAN;BALSA FERNANDEZ GONZALO. LIQUIDADOR: BALSA FERNANDEZ GONZALO;ZAMORA CASTILLO CRISTIAN. Nombramientos. LIQUIDADOR: BALSA FERNANDEZ GONZALO;ZAMORA CASTILLO CRISTIAN. Extinción.  Datos registrales. S 8 , H B 630419, I/A 2 (14.08.26).",https://www.boe.es/diario_borme/xml.php?id=BORME-A-2026-161-08
20260821,A,BARCELONA,387523,DIKEI CONSULTORS S.L,"Cambio de domicilio social. CL MEJIA LEQUERICA, 42 BAJOS, LOCAL 2 (BARCELONA).  Datos registrales. S 8 , H B 641273, I/A 2 (14.08.26).",https://www.boe.es/diario_borme/xml.php?id=BORME-A-2026-161-08
20260821,A,BARCELONA,387524,CITRIC MULTIMEDIA SL,"Revocaciones. ADM.UNICO: VILA MASSAGUE ANA. Nombramientos. LIQUIDADOR: MARTORI RIGOL MARTI. Disolución. Voluntaria.  Datos registrales. S 8 , H B 189548, I/A 8 (15.08.26).",https://www.boe.es/diario_borme/xml.php?id=BORME-A-2026-161-08
20260821,A,BARCELONA,387525,FORMOPACK S.L,"Revocaciones. ADM.UNICO: FORCADA GISPERT FRANCISCO JAVIER. Nombramientos. ADM.SOLIDAR.: MORALES VERAS MANUEL;ORION TRES CAPITAL SL. REPR.143 RRM: GARCIA HINOJOSA ALBERT. Ampliación de capital. Capital: 20.000,00 Euros. Resultante Suscrito: 23.010,00 Euros. Ampliación de capital. Capital: 6.950,00 Euros. Resultante Suscrito: 29.960,00 Euros. Modificaciones estatutarias. ARTICULO 7.- NOMBRAMIENTO, DURACION Y PROHIBICION DE COMPETENCIA. Cambio de domicilio social. VIA EUROPA 13, POLIGONO INDUSTRIAL PLA DE LLERONA (FRANQUESES DEL VALLES (LES).  Datos registrales. S 8 , H B 503767, I/A 2 (14.08.26).",https://www.boe.es/diario_borme/xml.php?id=BORME-A-2026-161-08
20260821,A,BARCELONA,387526,ZEMU SOLUTIONS S.L,"Otros conceptos: PERDIDA DE LA CONDICION DE UNIPERSONALIDAD.  Datos registrales. S 8 , H B 644975, I/A 2 (14.08.26).",https://www.boe.es/diario_borme/xml.php?id=BORME-A-2026-161-08
20260821,A,BARCELONA,387527,STB HOME S.L,"Revocaciones. ADM.UNICO: GUERRERO ROMAN JOSE MANUEL. Nombramientos. ADM.SOLIDAR.: CERVERA TORRES ENRIQUE;GUERRERO ROMAN JOSE MANUEL. Otros conceptos: PERDIDA DE LA CONDICION DE UNIPERSONALIDAD DE LA SOCIEDAD. Cambio de domicilio social. CL OVIEDO Num.1 (SANT BOI DE LLOBREGAT).  Datos registrales. S 8 , H B 657137, I/A 3 (14.08.26).",https://www.boe.es/diario_borme/xml.php?id=BORME-A-2026-161-08
20260821,A,BARCELONA,387528,SHIL CJ S.L,"Cambio de domicilio social. CL SARAGOSSA Num.1 (SITGES).  Datos registrales. S 8 , H B 478733, I/A 6 (15.08.26).",https://www.boe.es/diario_borme/xml.php?id=BORME-A-2026-161-08
20260821,A,BARCELONA,387529,MARMEDSA D.M.C. S.L,"Revocaciones. APOD.SOL/MAN: LERMA SINAI JAVIER;DE LACOUR ZUMALACARREGUI LORETO;GOMEZ LOPEZ MARIA ANGELES;LERMA SINAI JAVIER. APODERAD.SOL: EZIAMAKA OBIAGELI WHETU UMUNNA.  Datos registrales. S 8 , H B 577452, I/A 20 (15.08.26).",https://www.boe.es/diario_borme/xml.php?id=BORME-A-2026-161-08
20260821,A,BARCELONA,387530,LINEA RORO S.L,"Cambio de domicilio social. CL DELS ANGELS Num.14 P.EN PTA.1 (BARCELONA).  Datos registrales. S 8 , H B 532083, I/A 3 (14.08.26).",https://www.boe.es/diario_borme/xml.php?id=BORME-A-2026-161-08
20260821,A,BARCELONA,387531,SUSHILAB S.L,"Otros conceptos: CAMBIO DE SOCIO UNICO, SIENDO EL NUEVO SOCIO UNICO: HARUZAKE SL.  Datos registrales. S 8 , H B 626290, I/A 5 (14.08.26).",https://www.boe.es/diario_borme/xml.php?id=BORME-A-2026-161-08
20260821,A,BARCELONA,387532,COMBALIA AGENCIA MARITIMA SA,"Revocaciones. APOD.SOL/MAN: DE LACOUR ZUMALACARREGUI LORETO;GOMEZ LOPEZ MARIA ANGELES;LERMA SINAI JAVIER;LERMA SINAI JAVIER. APODERAD.SOL: EZIAMAKA OBIAGELI WHETU UMUNNA.  Datos registrales. S 8 , H B 69476, I/A 308 (15.08.26).",https://www.boe.es/diario_borme/xml.php?id=BORME-A-2026-161-08
20260821,A,BARCELONA,387533,HIMSA CONGELATS I GELATS SA,"Cambio de domicilio social. CL SANTA MARTA Num.16 (MATARO).  Datos registrales. S 8 , H B 107652, I/A 28 (14.08.26).",https://www.boe.es/diario_borme/xml.php?id=BORME-A-2026-161-08
20260821,A,BARCELONA,387534,CUSTOM DENTAL SLP,"Otros conceptos: CONSTANCIA DE LA MODIFICACION DE LOS DATOS DE IDENTIDAD DE LOS SOCIOS Y ADMINISTRADORES SOLIDARIOS, SIENDO SU NOMBRE COMPLETO: DONATO JORGE SCHIAVONE NOVOA Y LUCRECIA MABEL MUSSANO SARRAMIDA. Cambio de domicilio social. CL LONDRS NUM.22,BAJOS PRIMERA (BARCELONA).  Datos registrales. S 8 , H B 112013, I/A 4 (14.08.26).",https://www.boe.es/diario_borme/xml.php?id=BORME-A-2026-161-08
20260821,A,BARCELONA,387535,CULLIGAN WATER EUROPE S.L,"Otros conceptos: CAMBIO DE DENOMINACION DEL SOCIO UNICO, SIENDO SU NUEVA DENOMINACION: CULLIGAN NEDERLAND B.V.  Datos registrales. S 8 , H B 565194, I/A 24 (14.08.26).",https://www.boe.es/diario_borme/xml.php?id=BORME-A-2026-161-08
20260821,A,BARCELONA,387536,MERLAS TUC S.L,"Cambio de domicilio social. CL FRANCESC LAYRET Num.13 (HOSPITALET DE LLOBREGAT (L').  Datos registrales. S 8 , H B 527364, I/A 4 (14.08.26).",https://www.boe.es/diario_borme/xml.php?id=BORME-A-2026-161-08
20260821,A,BARCELONA,387537,KENDAL PRIVAT S.L,"Cambio de domicilio social. CL SELVA DE MAR Num.142 P.EN PTA.2 (BARCELONA).  Datos registrales. S 8 , H B 641094, I/A 3 (14.08.26).",https://www.boe.es/diario_borme/xml.php?id=BORME-A-2026-161-08
20260821,A,BARCELONA,387538,INTERLOG PAPER EUROPA S.L,"Cambio de domicilio social. CL MALLORCA NUM.1 P.1 PTA.9B (BARCELONA).  Datos registrales. S 8 , H B 567211, I/A 5 (14.08.26).",https://www.boe.es/diario_borme/xml.php?id=BORME-A-2026-161-08
20260821,A,BARCELONA,387539,EDIVAN ELECTRIC SOLUTION S.L,"Cambio de domicilio social. CL CAN PALOTS NUM.2 ESC.A P.3 PTA.1 (CANOVELLES).  Datos registrales. S 8 , H B 600603, I/A 2 (14.08.26).",https://www.boe.es/diario_borme/xml.php?id=BORME-A-2026-161-08
20260821,A,BARCELONA,387540,METROPOLITAN HOUSE IBERICA RESIDENTIAL S.L,"Modificaciones estatutarias. MODIFICACION DEL ARTICULO 2 DE LOS ESTATUTOS SOCIALES. MODIFICACION DEL CNAE DE LA ACTIVIDAD PRINCIPAL DE LA SOCIEDAD, SIENDO EL NUMERO 7020.- Cambio de denominación social. GESTION INTEGRAL DE PROYECTOS NIVAS S.L. Cambio de domicilio social. CL PAU CLARIS NUM. 190 P.4 PTA 1 DESPACHOS 4 Y 5 (BARCELONA).  Datos registrales. S 8 , H B 638808, I/A 3 (14.08.26).",https://www.boe.es/diario_borme/xml.php?id=BORME-A-2026-161-08
20260821,A,BARCELONA,387541,ACORDIA ACR SL,"Ampliación de capital. Capital: 120,00 Euros. Resultante Suscrito: 4.440,00 Euros.  Datos registrales. S 8 , H B 89788, I/A 31 (14.08.26).",https://www.boe.es/diario_borme/xml.php?id=BORME-A-2026-161-08
20260821,A,BARCELONA,387542,LOOPERGRAM S.L,"Cambio de denominación social. TCGSHOP S.L. Cambio de objeto social. EL COMERCIO AL POR MENOR DE OTROS PRODUCTOS EN PUESTOS DE VENTA Y MERCADILLOS. EL COMERCIO AL POR MENOR POR CORRESPONDENCIA O INTERNET.  Datos registrales. S 8 , H B 550550, I/A 5 (14.08.26).",https://www.boe.es/diario_borme/xml.php?id=BORME-A-2026-161-08
20260821,A,BARCELONA,387543,NUMINTEC COMUNICACIONES SL,"Otros conceptos: DECLARACION DE UNIPERSONALIDAD. SOCIO UNICO: TELAVOX AB.  Datos registrales. S 8 , H B 260483, I/A 17 (14.08.26).",https://www.boe.es/diario_borme/xml.php?id=BORME-A-2026-161-08
20260821,A,BARCELONA,387544,LA BELLA VILA 2022 S.L,"Otros conceptos: ADQUISICION DE NACIONALIDAD ESPAÑOLA Y DE DNI POR PARTE DE WEI SHAN (ACTUALMENTE WEI SHAN CHEN),SOCIA UNICA DE LA SOCIEDAD.  Datos registrales. S 8 , H B 599449, I/A 5 (14.08.26).",https://www.boe.es/diario_borme/xml.php?id=BORME-A-2026-161-08
20260821,A,BARCELONA,387545,AHIDRA AGUA Y ENERGIA SL,"Fe de erratas: En el BORME no.24/2024 y con referencia 56309 COMETIDO ERROR AL EXPRESAR LA DENOMINACION DEL ADMINISTRADOR UNICO DESIGNADO SIENDO LA CORRECTA ""AHIDRA COLSEN TECHNOLOGIES HOLDING IBERIA SL"".  Datos registrales. T 31021 , F 220, S 8, H B 184170, I/A 9 (28.01.24).",https://www.boe.es/diario_borme/xml.php?id=BORME-A-2026-161-08
20260821,A,BARCELONA,387546,ACROSS LEGAL SLP,"Fe de erratas: En el BORME no.84/2026 y con referencia 213410 RECTIFICADA EN CUANTO AL NOMBRE DE PILA DE LA APODERADA SOLIDARIA SEÑORA GARCIA SOARES, SIENDO SU NOMBRE COMPLETO CORRECTO TAMARA MARIA GARCIA SOARES.  Datos registrales. S 8 , H B 355086, I/A 12 (24.04.26).",https://www.boe.es/diario_borme/xml.php?id=BORME-A-2026-161-08
20260821,A,BARCELONA,387547,DIAGNOSIS SA,"Fe de erratas: En el BORME no.134/2026 y con referencia 331661 SE COMETIO ERROR AL INDICAR EL CARGO PARA EL QUE FUE NOMBRADA DOÑA EULALIA ALOMAR SERRALLACH,SIENDO EL CORRECTO EL DE ADMINISTRADORA SOLIDARIA.  Datos registrales. S 8 , H B 12441, I/A 35 ( 8.07.26).",https://www.boe.es/diario_borme/xml.php?id=BORME-A-2026-161-08
20260821,A,BARCELONA,387548,4FH I DELTA S.L,"Fe de erratas: En el BORME no.156/2026 y con referencia 378696 SE HA OMITIDO Y NOMBRAMIENTO DE PRESIDENTE A FAVOR DEL CONSEJERO 4FOUNDERS CAPITAL HOSPITALITY FCRE SA.  Datos registrales. S 8 , H B 662062, I/A 1 ( 7.08.26).",https://www.boe.es/diario_borme/xml.php?id=BORME-A-2026-161-08
20260821,A,BARCELONA,387549,EDIVAN ELECTRIC SOLUTION S.L,"Fe de erratas: En el BORME no.156/2023 y con referencia 369535 SE RECTIFICA EN CUANTO A LA DECLARACION DE SOCIEDAD UNIPERSONAL, POR NO PROCEDER EN SU DIA.  Datos registrales. T 48909 , F 153, S 8, H B 600603, I/A 1 ( 9.08.23).",https://www.boe.es/diario_borme/xml.php?id=BORME-A-2026-161-08
20260821,A,BARCELONA,387550,BENERCA TRADE S.L,"Fe de erratas: En el BORME no.185/2024 y con referencia 410146 SE RECTIFICA EL NOMBRAMIENTO DE ADMINISTRADOR, DONDE SE LEE ""ANTONIO BNEROSO VILLACASTIN"", DEBE LEERSE ""ANTONIO BENEROSO VILLACASTIN"".  Datos registrales. S 8 , H B 621591, I/A 1 (17.09.24).",https://www.boe.es/diario_borme/xml.php?id=BORME-A-2026-161-08
20260821,A,BARCELONA,387551,HEALTH SERVICES GA-LAN S.L,"Fe de erratas: En el BORME no.227/2023 y con referencia 598910 SE RECTIFICA EL NOMBRAMIENTO DE ADMINISTRADOR SOLIDARIO, DONDE SE LEE ""JOSAN GARCIA PEREZ"", DEBE LEERSE ""JOAN GARCIA PEREZ"".  Datos registrales. T 49025 , F 200, S 8, H B 604957, I/A 1 (22.11.23).",https://www.boe.es/diario_borme/xml.php?id=BORME-A-2026-161-08
20260821,A,BARCELONA,387552,FRONTMATEC-AIRA S.L,"Fe de erratas: En el BORME no.227/2025 y con referencia 525447 SE OMITIO EL CESE DE FRANCISCO JAVIER JANE LOPEZ COMO REPRESENTANTE PERMANENTE DEL CONSEJERO ""MAN STREAPS SL"".  Datos registrales. S 8 , H B 526905, I/A 21 (20.11.25).",https://www.boe.es/diario_borme/xml.php?id=BORME-A-2026-161-08
20260821,A,BARCELONA,387553,HARRIER'S TRUCKS SL,"Fe de erratas: En el BORME no.233/2002 y con referencia 487378 SE RECTIFICA LA DESIGNACION DE LA ADMINISTRADORA, DON SE LEE ""ADMINISTRADOR SOLIDARIO"", DEBE LEERSE ""ADMINISTRADOR UNICO"".  Datos registrales. T 35002 , F 125, S 8, H B 257675, I/A 1 (12.11.02).",https://www.boe.es/diario_borme/xml.php?id=BORME-A-2026-161-08
20260821,A,BARCELONA,387554,AGENT STUDIO LABS S.L,"Nombramientos. ADM.SOLIDAR.: VILANOVA ROSSELL FRANCESC. Fe de erratas: En el BORME no.241/2025 y con referencia 562683 SE RECTIFICA EL NOMBRAMIENTO DE ADMINISTRADORES Y SE NOMBRA ADMINISTRADOR SOLIDARIO, POR OMISION EN SU DIA AL D/ FRANCESC VILANOVA ROSSELL.  Datos registrales. S 8 , H B 646783, I/A 1 (11.12.25).",https://www.boe.es/diario_borme/xml.php?id=BORME-A-2026-161-08
20260821,C,CONVOCATORIAS DE JUNTAS,BORME-C-2026-4788,ANTONIO CABRERA E HIJOS S.A.,,https://www.boe.es/diario_borme/xml.php?id=BORME-C-2026-4788
20260821,C,CONVOCATORIAS DE JUNTAS,BORME-C-2026-4789,"HORMIGONES DE PORRIÑO, SOCIEDAD ANÓNIMA",,https://www.boe.es/diario_borme/xml.php?id=BORME-C-2026-4789
20260821,C,CONVOCATORIAS DE JUNTAS,BORME-C-2026-4790,"INVERSIONES JJGB, SOCIEDAD ANÓNIMA",,https://www.boe.es/diario_borme/xml.php?id=BORME-C-2026-4790
20260821,C,CONVOCATORIAS DE JUNTAS,BORME-C-2026-4791,"J.J. GRADÍN, SOCIEDAD LIMITADA",,https://www.boe.es/diario_borme/xml.php?id=BORME-C-2026-4791
20260821,C,CONVOCATORIAS DE JUNTAS,BORME-C-2026-4792,"MERCA CIUDAD REAL, S.A",,https://www.boe.es/diario_borme/xml.php?id=BORME-C-2026-4792
20260821,C,CONVOCATORIAS DE JUNTAS,BORME-C-2026-4793,"TRANSPORTES GRADÍN DAGÁ, SOCIEDAD ANÓNIMA",,https://www.boe.es/diario_borme/xml.php?id=BORME-C-2026-4793
20260821,C,FUSIONES Y ABSORCIONES DE EMPRESAS,BORME-C-2026-4794,"CLASSTRUCKS SPAIN, S.L.U. 
(SOCIEDAD ABSORBENTE) 
CLASS TRUCKS IBERIA, S.L.U. 
(SOCIEDAD ABSORBIDA)",,https://www.boe.es/diario_borme/xml.php?id=BORME-C-2026-4794
20260821,A,BARCELONA,387291,SRJ CAPITAL INVEST S.L,"Constitución. Comienzo de operaciones: 7.08.26. Objeto social: ACTIVIDAD PRINCIPAL: 6811 / COMPRAVENTA DE BIENES INMOBILIARIOS POR CUENTA PROPIA. OTRAS ACTIVIDADES: 4618 / ACTIVIDADES DE INTERMEDIARIOS DEL COMERCIO AL POR MAYOR DE OTROS PRODUCTOS ESPECIFICOS. Domicilio: PS MARE NOSTRUM NUM.19 (BADALONA). Capital: 3.000,00 Euros. Nombramientos. ADM.UNICO: SARAIVA SOARES SILVIO.  Datos registrales. S 8 , H B 662092, I/A 1 (10.08.26).",https://www.boe.es/diario_borme/xml.php?id=BORME-A-2026-161-08
20260821,A,BARCELONA,387292,PIGASSA SL,"Cambio de domicilio social. CL CISTERNA Num.18 (TERRASSA).  Datos registrales. S 8 , H B 107207, I/A 10 (14.08.26).",https://www.boe.es/diario_borme/xml.php?id=BORME-A-2026-161-08
20260821,A,BARCELONA,387293,ENCOFRADOS HISPALIS S.L,"Revocaciones. ADM.SOLIDAR.: PROAÑO ZAMBRANO JOSE MIGUEL.  Datos registrales. S 8 , H B 630253, I/A 3 (14.08.26).",https://www.boe.es/diario_borme/xml.php?id=BORME-A-2026-161-08
20260821,A,BARCELONA,387294,VAGOCAR 2026 S.L,"Constitución. Comienzo de operaciones: 14.08.26. Objeto social: ACTIVIDAD PRINCIPAL: 8240 / ACTIVIDADES DE INTERMEDIACION PARA SERVICIOS DE APOYO A LAS EMPRESAS N.C.O.P. Domicilio: CL MATARO NUM.27 P.1 PTA.3 (PRAT DE LLOBREGAT (EL)). Capital: 3.000,00 Euros. Nombramientos. ADM.UNICO: LUNA BARRAGAN RUBEN.  Datos registrales. S 8 , H B 662319, I/A 1 (14.08.26).",https://www.boe.es/diario_borme/xml.php?id=BORME-A-2026-161-08
20260821,A,BARCELONA,387295,BKSTAY SOLUTIONS S.L,"Constitución. Comienzo de operaciones: 12.08.26. Objeto social: ACTIVIDAD PRINCIPAL: 5540 / ACTIVIDADES DE INTERMEDIACION PARA LOS SERVICIOS DE ALOJAMIENTO. OTRAS ACTIVIDADES: 4791 / ACTIVIDADES DE SERVICIOS DE INTERMEDIACION PARA EL COMERCIO AL POR MENOR NO ESPECIALIZADO. ETC. Domicilio: CL DOCTOR CADEVALL NUM.17 P.5 PTA.2 (BARCELONA). Capital: 3.000,00 Euros. Nombramientos. ADM.UNICO: BARBARA MARZENA KLIMKOWICZ. Otros conceptos: DECLARACION DE SOCIEDAD UNIPERSONAL, SIENDO SOCIO UNICO BARBARA MARZENA KLIMKOWICZ.  Datos registrales. S 8 , H B 662318, I/A 1 (14.08.26).",https://www.boe.es/diario_borme/xml.php?id=BORME-A-2026-161-08
20260821,A,BARCELONA,387296,MOVAL GO S.L,"Constitución. Comienzo de operaciones: 14.08.26. Objeto social: ACTIVIDAD PRINCIPAL: 7711 ALQUILER DE AUTOMOVILES Y VEHICULOS DE MOTOR LIGEROS. OTRAS ACTIVIDADES: 47.81 COMERCIO AL POR MENOR DE VEHICULOS DE MOTOR. 46.71 COMERCIO AL POR MAYOR DE VEHICULOS DE MOTOR, ETC. Domicilio: CL RIERA DE SANT PERE NUM.70 (PREMIA DE DALT). Capital: 60.000,00 Euros. Nombramientos. ADM.SOLIDAR.: MOLINERO MONSO MIQUEL;VALDES ALVAREZ JOSE MANUEL.  Datos registrales. S 8 , H B 662322, I/A 1 (14.08.26).",https://www.boe.es/diario_borme/xml.php?id=BORME-A-2026-161-08
20260821,A,BARCELONA,387297,IMPRINTER SL,"Revocaciones. ADMINISTR.: TREVEJO PORTILLO ANDRES. LIQUIDADOR: TREVEJO PORTILLO ANDRES. Nombramientos. LIQUIDADOR: TREVEJO PORTILLO ANDRES. Extinción.  Datos registrales. S 8 , H B 51753, I/A 5 (15.08.26).",https://www.boe.es/diario_borme/xml.php?id=BORME-A-2026-161-08
20260821,A,BARCELONA,387298,AZ SERVICIOS JURIDICOS S.L.P,"Cambio de domicilio social. CL TUSET Num.32 P.6 PTA.2 (BARCELONA).  Datos registrales. S 8 , H B 647842, I/A 3 (14.08.26).",https://www.boe.es/diario_borme/xml.php?id=BORME-A-2026-161-08
20260821,A,BARCELONA,387299,BLIXMA DENTAL S.L,"Otros conceptos: DECLARACION DE UNIPERSONALIDAD. SOCIO UNICO: BLIXMA CAPITAL GROUP S.L.  Datos registrales. S 8 , H B 661062, I/A 2 (14.08.26).",https://www.boe.es/diario_borme/xml.php?id=BORME-A-2026-161-08
20260821,A,BARCELONA,387300,BARBARE 2024 S.L,"Otros conceptos: No aprobacion de las cuentas anuales correspondientes al ejercicio 2025 (Art. 378.5 del Reglamento del Registro Mercantil).  Datos registrales. S 8 , H B 625425, I/A 2 (14.08.26).",https://www.boe.es/diario_borme/xml.php?id=BORME-A-2026-161-08
20260821,A,BARCELONA,387301,CRAFTFUSION SOLUTIONS S.L,"Constitución. Comienzo de operaciones: 14.08.26. Objeto social: ACTIVIDAD PRINCIPAL: 6920 / ACTIVIDADES DE CONTABILIDAD, TENEDURIA DE LIBROS, AUDITORIA Y ASESORIA FISCAL. OTRAS ACTIVIDADES: 4321 / INSTALACIONES ELECTRICAS. 4650 / COMERCIO AL POR MAYOR DE EQUIPOS PARA LAS TECNOLOGIAS . ETC. Domicilio: CL PUIG I CADAFALCH NUM.1514 (CARME). Capital: 3.000,00 Euros. Nombramientos. ADM.SOLIDAR.: CORRETJA MURILLO GEMMA;PERET SANDOVAL ROBERT.  Datos registrales. S 8 , H B 662338, I/A 1 (14.08.26).",https://www.boe.es/diario_borme/xml.php?id=BORME-A-2026-161-08
20260821,A,BARCELONA,387302,BLIXMA ASSETS S.L,"Otros conceptos: DECLARACION DE UNIPERSONALIDAD, SIENDO EL SOCIO UNICO:BLIXMA CAPITAL GROUP, S.L. Datos registrales. S 8 , H B 661075, I/A 2 (15.08.26).",https://www.boe.es/diario_borme/xml.php?id=BORME-A-2026-161-08
20260821,A,BARCELONA,387303,ESA WATER TECHNOLOGIES S.L,"Revocaciones. ADM.UNICO: PLA PUIGBO JORDI. Nombramientos. ADM.UNICO: VILARIÑO REHERMANN MICAELA. Otros conceptos: DECLARACION DE LA UNIPERSONALIDAD. SOCIO UNICO, DON LUCAS VALENTIN VILARIÑO REHERMANN. Cambio de domicilio social. CL BAGES Num.22 (SANT CUGAT DEL VALLES). Cambio de objeto social. AMPLIAR EN: ""- EL DISEÑO, FABRICACION, PERSONALIZACION, ESTAMPACION, BORDADO,IMPRESION DIGITAL, SERIGRAFIA, SUBLIMACION Y COMERCIALIZACION, AL POR MAYOR Y AL POR MENOR, DE PRENDAS TEXTILES, ROPA DEPORTIVA, UNIFORMES, ETC"".  Datos registrales. S 8 , H B 645748, I/A 2 (14.08.26).",https://www.boe.es/diario_borme/xml.php?id=BORME-A-2026-161-08
20260821,A,BARCELONA,387304,ERBECEDO S.L,"Ampliación de capital. Capital: 2.520.000,00 Euros. Resultante Suscrito: 10.653.520,00 Euros.  Datos registrales. S 8 , H B 600929, I/A 5 (14.08.26).",https://www.boe.es/diario_borme/xml.php?id=BORME-A-2026-161-08
20260821,A,BARCELONA,387305,ROSAL INSTALACIONES AGROINDUSTRIALES SA,"Nombramientos. CONSEJERO: ROSAL CEBALLOS ISABEL MARIA;ROSAL VALLEJO CARMEN;RC SIGMA SL. CONS.SUPLENT: RUIZ ROSAL ALEJANDRO;DAMIA LOPEZ JORDI. REPR.143 RRM: ROSAL CEBALLOS JAIME.  Datos registrales. S 8 , H B 51054, I/A 76 (14.08.26).",https://www.boe.es/diario_borme/xml.php?id=BORME-A-2026-161-08
20260821,A,BARCELONA,387306,GAMISAN S.L,"Revocaciones. ADM.SOLIDAR.: SANTIAGO ALEJANDRO SANTINI. Nombramientos. ADM.SOLIDAR.: HACHUEL DUBOIS LAURENCE.  Datos registrales. S 8 , H B 620502, I/A 2 (14.08.26).",https://www.boe.es/diario_borme/xml.php?id=BORME-A-2026-161-08
20260821,A,BARCELONA,387307,GM INTEGRA RRHH SL,"Nombramientos. CONSEJERO: JOHN ALEXANDER OP DE BEECK.  Datos registrales. S 8 , H B 7186, I/A 41 (14.08.26).",https://www.boe.es/diario_borme/xml.php?id=BORME-A-2026-161-08
20260821,A,BARCELONA,387308,SAMIMA SA,"Revocaciones. CONSEJERO: MIRALPEIX SANTIAGO ADOLFO. PRESIDENTE: MIRALPEIX SANTIAGO ADOLFO. CONS. DELEG.: MIRALPEIX SANTIAGO ADOLFO. CONSEJERO: MIRALPEIX SANTIAGO ANTONIO. SECRETARIO: MIRALPEIX SANTIAGO ANTONIO. CONSEJERO: SANTIAGO GOMEZ CARMEN. VICEPRESIDEN: SANTIAGO GOMEZ CARMEN. Nombramientos. CONSEJERO: MIRALPEIX SANTIAGO ADOLFO;MIRALPEIX SANTIAGO ANTONIO;SANTIAGO GOMEZ CARMEN. PRESIDENTE: MIRALPEIX SANTIAGO ADOLFO. VICEPRESIDEN: SANTIAGO GOMEZ CARMEN. SECRETARIO: MIRALPEIX SANTIAGO ANTONIO. CONS.DEL.SOL: MIRALPEIX SANTIAGO ADOLFO. Modificaciones estatutarias. ARTICULO 7.- PRORROGA DEL PLAZO PARA EL DESEMBOLSO DE LOS DIVIDENDOS PASIVOS.  Datos registrales. S 8 , H B 95297, I/A 21 (14.08.26).",https://www.boe.es/diario_borme/xml.php?id=BORME-A-2026-161-08
20260821,A,BARCELONA,387309,OUT OF GREEN S.L,"Otros conceptos: ADQUISICION DE NACIONALIDAD ESPAÑOLA Y DNI POR PARTE DE WEI SHAN (ACTUALMENTE WEI SHAN CHEN),SOCIA UNICA DE LA SOCIEDAD.  Datos registrales. S 8 , H B 570652, I/A 5 (14.08.26).",https://www.boe.es/diario_borme/xml.php?id=BORME-A-2026-161-08
20260821,A,BARCELONA,387310,RIDEON BARCELONA S.L,"Constitución. Comienzo de operaciones: 14.08.26. Objeto social: ACTIVIDAD PRINCIPAL: 4933 / SERVICIOS DE TRANSPORTE DE PASAJEROS BAJO DEMANDA EN VEHICULOS CON CONDUCTOR. OTRAS ACTIVIDADES: 4781 / COMERCIO AL POR MENOR DE VEHICULOS DE MOTOR. ETC. Domicilio: CL CALABRIA NUM.149 ESC.EN PTA.1 (BARCELONA). Capital: 3.000,00 Euros. Nombramientos. ADM.UNICO: IOAN LAURENTIU CONSTANTIN. Otros conceptos: DECLARACION DE SOCIEDAD UNIPERSONAL, SIENDO SOCIO UNICO IOAN LAURENTIU CONSTANTIN.  Datos registrales. S 8 , H B 662347, I/A 1 (14.08.26).",https://www.boe.es/diario_borme/xml.php?id=BORME-A-2026-161-08
20260821,A,BARCELONA,387311,FUSTE RAFA SL,"Revocaciones. ADM.UNICO: SAEZ PLAZA RAFAEL. Nombramientos. ADM.UNICO: GALAN FERNANDEZ PEDRO EMILIO. Otros conceptos: DECLARACION DE UNIPERSONALIDAD. SOCIO UNICO: PEDRO EMILIO GALAN FERNANDEZ. Cambio de domicilio social. PS MARITIM DE LES BOTIGUES DE SITGES Num.22 ESC.D (SITGES).  Datos registrales. S 8 , H B 480601, I/A 2 (14.08.26).",https://www.boe.es/diario_borme/xml.php?id=BORME-A-2026-161-08
20260821,A,BARCELONA,387312,EMPOWERLIFT S.L,"Ampliación de capital. Capital: 12.300,00 Euros. Resultante Suscrito: 15.300,00 Euros. Ampliación de capital. Capital: 5.100,00 Euros. Resultante Suscrito: 20.400,00 Euros. Otros conceptos: DECLARACION DE PERDIDA DE UNIPERSONAL.  Datos registrales. S 8 , H B 626096, I/A 3 (14.08.26).",https://www.boe.es/diario_borme/xml.php?id=BORME-A-2026-161-08
20260821,A,BARCELONA,387313,DUOVIA SERVICIOS DIGITALES S.L,"Constitución. Comienzo de operaciones: 15.09.26. Objeto social: ACTIVIDAD PRINCIPAL: 6220 / ACTIVIDADES DE CONSULTORIA INFORMATICA Y GESTION DE INSTALACIONES INFORMATICAS. OTRAS ACTIVIDADES: 5829 / EDICION DE OTROS PROGRAMAS INFORMATICOS. ETC. Domicilio: CL FRANCESC LAYRET NUM.18 P.4 PTA.A (ESPLUGUES DE LLOBREGAT). Capital: 1,00 Euros. Nombramientos. ADM.UNICO: COSANO PUERTA RAUL. Otros conceptos: DECLARACION DE SOCIEDAD UNIPERSONAL, SIENDO SOCIO UNICO RAUL COSANO PUERTA.  Datos registrales. S 8 , H B 662351, I/A 1 (14.08.26).",https://www.boe.es/diario_borme/xml.php?id=BORME-A-2026-161-08
20260821,A,BARCELONA,387314,EQUITY BORDALLO S.L,"Revocaciones. ADM.UNICO: BORDALLO CORDERO SERGI. Nombramientos. ADM.UNICO: HIDROTECH BORDALLO SL. REPR.143 RRM: BORDALLO CORDERO SERGI.  Datos registrales. S 8 , H B 606265, I/A 2 (14.08.26).",https://www.boe.es/diario_borme/xml.php?id=BORME-A-2026-161-08
20260821,A,BARCELONA,387315,REFORMAS A M 90 SL,"Cambio de denominación social. RAMU CUINES S.L. Cambio de domicilio social. PS COMERCIO Num.137 (SABADELL).  Datos registrales. S 8 , H B 168683, I/A 7 (15.08.26).",https://www.boe.es/diario_borme/xml.php?id=BORME-A-2026-161-08
20260821,A,BARCELONA,387316,ALEMANY ZARAGOZA Y ASOCIADOS SL,"Cambio de domicilio social. CL TUSET Num.32 P.6 PTA.2 (BARCELONA).  Datos registrales. S 8 , H B 183438, I/A 8 (14.08.26).",https://www.boe.es/diario_borme/xml.php?id=BORME-A-2026-161-08
20260821,A,BARCELONA,387317,CHEMIPOL SA,"Nombramientos. ADM.SOLIDAR.: HIPPOCAMPUS GESTIO SL. REPR.143 RRM: BROTO ROMEO ELIAS.  Datos registrales. S 8 , H B 55358, I/A 50 (14.08.26).",https://www.boe.es/diario_borme/xml.php?id=BORME-A-2026-161-08
20260821,A,BARCELONA,387318,XORVIRAP S.L,"Otros conceptos: ADQUISICION DE NACIONALIDAD ESPAÑOLA Y DE DNI POR PARTE DE ARSEN HOVHANNISYAN (ACTUALMENTE ARSEN HOVHANNISYAN KHANDILYAN),ADMINISTRADOR UNICO Y SOCIO UNICO DE LA SOCIEDAD.  Datos registrales. S 8 , H B 640900, I/A 2 (14.08.26).",https://www.boe.es/diario_borme/xml.php?id=BORME-A-2026-161-08
20260821,A,BARCELONA,387319,BLIXMA CAPITAL GROUP S.L,"Nombramientos. APODERAD.SOL: GUIMARAES MAZPULE IRMA CARLOTTA.  Datos registrales. S 8 , H B 661047, I/A 2 (17.08.26).",https://www.boe.es/diario_borme/xml.php?id=BORME-A-2026-161-08
20260821,A,BARCELONA,387320,17 BAGES BUS S.A,"Nombramientos. APOD.SOL/MAN: SAGALES ORTEU RAMON;SAGALES ORTEU ANNA.  Datos registrales. S 8 , H B 77975, I/A 33 (14.08.26).",https://www.boe.es/diario_borme/xml.php?id=BORME-A-2026-161-08
20260821,A,BARCELONA,387321,CENTER VILLAGE S.L,"Revocaciones. ADM.UNICO: MARIO TACINELLI. Nombramientos. ADM.UNICO: MORROS VAZQUEZ FRANCESC XAVIER.  Datos registrales. S 8 , H B 597642, I/A 8 (14.08.26).",https://www.boe.es/diario_borme/xml.php?id=BORME-A-2026-161-08
20260821,A,BARCELONA,387322,VALLESANA DE MANTENIMENTS I SERVEIS SL,"Nombramientos. APODERAD.SOL: HERRUZO CASTELO TEODORO.  Datos registrales. S 8 , H B 104586, I/A 9 (14.08.26).",https://www.boe.es/diario_borme/xml.php?id=BORME-A-2026-161-08
20260821,A,BARCELONA,387323,HOTEL ABBOT S.L,"Nombramientos. APODERAD.SOL: AINUR OSPANOVA.  Datos registrales. S 8 , H B 449241, I/A 7 (14.08.26).",https://www.boe.es/diario_borme/xml.php?id=BORME-A-2026-161-08
20260821,A,BARCELONA,387324,RENTING-RIBS SL,"Cambio de denominación social. PROASAIL S.L.  Datos registrales. S 8 , H B 435049, I/A 6 (14.08.26).",https://www.boe.es/diario_borme/xml.php?id=BORME-A-2026-161-08
20260821,A,BARCELONA,387325,MONARC CONCEPT S.L,"Cambio de domicilio social. RB GARRAF, NUMERO 48, LOCAL 6F (SANT PERE DE RIBES).  Datos registrales. S 8 , H B 662306, I/A 6 (14.08.26).",https://www.boe.es/diario_borme/xml.php?id=BORME-A-2026-161-08
20260821,A,BARCELONA,387326,OPTINUIT SL,"Revocaciones. CONSEJERO: GONZALEZ ORTIGOSA ULPIANO. PRESIDENTE: GONZALEZ ORTIGOSA ULPIANO. CONS. DELEG.: GONZALEZ ORTIGOSA ULPIANO. CONSEJERO: ROLDAN FERNANDEZ PEDRO LUIS. SECRETARIO: ROLDAN FERNANDEZ PEDRO LUIS. CONSEJERO: ORTIGOSA GIRON TERESA.  Datos registrales. S 8 , H B 425523, I/A 2 (13.08.26).",https://www.boe.es/diario_borme/xml.php?id=BORME-A-2026-161-08
20260821,A,BARCELONA,387327,SANDMAN PARTNERS SGEIC SA,"Nombramientos. CONSEJERO: MARSAL PERIZ CRISTINA. PRESIDENTE: MARSAL PERIZ CRISTINA. CONS.DEL.SOL: MARSAL PERIZ CRISTINA. CONSEJERO: EHLIS GUNTHER BEATRIZ;DIEZ QUINTANILLA ALBERTO.  Datos registrales. S 8 , H B 549969, I/A 11 (14.08.26).",https://www.boe.es/diario_borme/xml.php?id=BORME-A-2026-161-08
20260821,A,BARCELONA,387328,DISBUS 21 SL,"Nombramientos. APOD.SOL/MAN: SAGALES ORTEU ANNA;SAGALES ORTEU RAMON.  Datos registrales. S 8 , H B 134755, I/A 25 (14.08.26).",https://www.boe.es/diario_borme/xml.php?id=BORME-A-2026-161-08
20260821,A,BARCELONA,387329,WEBCLICK DIGITAL SERVICES S.L,"Constitución. Comienzo de operaciones: 24.07.26. Objeto social: EL DESARROLLO, EXPLOTACION Y COMERCIALIZACION DE PLATAFORMAS DIGITALES, LA CREACION, GESTION Y MANTENIMIENTO DE PAGINAS WEB PARA EMPRESAS, AUTONOMOS Y PROFESIONALES, Y LA PRESTACION DE SERVICIOS DIGITALES ASOCIADOS, ETC. Domicilio: CL POMPEU FABRA, 7-13 P.2 PTA.14 (MANRESA). Capital: 76.085,00 Euros. Nombramientos. ADM.UNICO: SERRACANTA ESPINALT ANDREU.  Datos registrales. S 8 , H B 662329, I/A 1 (14.08.26).",https://www.boe.es/diario_borme/xml.php?id=BORME-A-2026-161-08
20260821,A,BARCELONA,387330,SERTRANS GLOBAL HOLDING S.L,"Nombramientos. APODERAD.SOL: BOSQUET RODRIGUEZ ANNA.  Datos registrales. S 8 , H B 657631, I/A 2 (14.08.26).",https://www.boe.es/diario_borme/xml.php?id=BORME-A-2026-161-08
20260821,A,BARCELONA,387331,DARE PARTNERS S.L,"Constitución. Comienzo de operaciones: 17.07.26. Objeto social: ACTIVIDAD INMOBILIARIA LA ADQUISICION, PROMOCION, CONSTRUCCION, REHABILITACION, REFORMA, URBANIZACION, PARCELACION, EXPLOTACION, ADMINISTRACION, GESTION, CONSERVACION, MANTENIMIENTO, TENENCIA DE BIENES INMUEBLES, ETC. Domicilio: CL TENOR VIÑAS NUM.4 P.2 PTA.1 (BARCELONA). Capital: 3.000,00 Euros. Nombramientos. ADM.SOLIDAR.: ALEDRA INVEST SL. REPR.143 RRM: DE MANUEL ROCAMORA RICARDO. ADM.SOLIDAR.: DRIVEN CAPITAL SL. REPR.143 RRM: CELAYA TOSAL ANTONIO.  Datos registrales. S 8 , H B 662328, I/A 1 (14.08.26).",https://www.boe.es/diario_borme/xml.php?id=BORME-A-2026-161-08
20260821,A,BARCELONA,387332,ANOIA PET SERVICES GROUP S.L,"Nombramientos. APODERAD.SOL: CLEMENTE COLLADO ANTONIO;MANZANO TOMAS BELEN VERONICA.  Datos registrales. S 8 , H B 611966, I/A 3 (14.08.26).",https://www.boe.es/diario_borme/xml.php?id=BORME-A-2026-161-08
20260821,A,BARCELONA,387333,PONENT OEST 26 S.L,"Constitución. Comienzo de operaciones: 30.07.26. Objeto social: LA ADQUISICION, ENAJENACION, TENENCIA, GESTION Y ADMINISTRACION DE TODA CLASE DE BIENES INMUEBLES, TANTO RUSTICOS COMO URBANOS, ASI COO LA EXPLOTACION EN REGIMEN DE ALQUILER O CUALQUIER OTRA FORMA DE CESION DE USO,ETC. Domicilio: CL SANTIAGO RUSIÑOL NUM.25 P.EN PTA.1 (SITGES). Capital: 132.250,00 Euros. Nombramientos. ADM.UNICO: FONTANET GRAO JOSEFA.  Datos registrales. S 8 , H B 662326, I/A 1 (14.08.26).",https://www.boe.es/diario_borme/xml.php?id=BORME-A-2026-161-08
20260821,A,BARCELONA,387334,INDESIGN TEXTILES AND APPARELS S.L,"Nombramientos. APODERAD.SOL: IMRAN AFZAL KHATTON.  Datos registrales. S 8 , H B 562162, I/A 2 (14.08.26).",https://www.boe.es/diario_borme/xml.php?id=BORME-A-2026-161-08
20260821,A,BARCELONA,387335,PANLAB SL,"Revocaciones. APOD.SOL/MAN: CANALIS ELBAILE CARME;JENNIFER SIONY COTE.  Datos registrales. S 8 , H B 41350, I/A 47 (14.08.26).",https://www.boe.es/diario_borme/xml.php?id=BORME-A-2026-161-08
20260821,A,BARCELONA,387336,ESTYOFI SL,"Nombramientos. APOD.SOL/MAN: SAGALES ORTEU ANNA;SAGALES ORTEU RAMON.  Datos registrales. S 8 , H B 86108, I/A 26 (14.08.26).",https://www.boe.es/diario_borme/xml.php?id=BORME-A-2026-161-08
20260821,A,BARCELONA,387337,PUCRE INVERSIONES S.L,"Constitución. Comienzo de operaciones: 30.07.26. Objeto social: ADQUISICION, SUSCRIPCION, TENENCIA, DIFRUTE, ADMINISTRACION, GESTION Y TRANSMISION DE ACCIONES, PARTICIPACIONES SOCIALES, VALORES MOBILIARIOS Y CUALESQUIERA OTROS TITULOS REPRESENTATIVOS DE LOS FONDOS DE ENTIDADES, ETC. Domicilio: AV PEDRALBES,66, 5-1. LES CORTS (BARCELONA). Capital: 3.000,00 Euros. Nombramientos. ADM.UNICO: CREHUERAS MARTI GUILLERMO. Otros conceptos: DECLARACION DE SOCIEDAD UNIPERSONAL, SIENDO SOCIO UNICO GUILLERMO CREUHERAS MARTI.  Datos registrales. S 8 , H B 662297, I/A 1 (14.08.26).",https://www.boe.es/diario_borme/xml.php?id=BORME-A-2026-161-08
20260821,A,BARCELONA,387338,GRUPO PRIM PESCADOR CAMINO S.L,"Constitución. Comienzo de operaciones: 29.07.26. Objeto social: EL EJERCICIO DE ACTIVIDADES DE HOSTELERIA Y RESTAURACION EN GENERAL Y, ENTRE ELLAS, PARTICULARMENTE, LA EXPLOTACION DE BARES, RESTAURANTES, CAFETERIAS, BUFETES ABIERTOS, AUTOSERVICIOS (SELF-SERVIES), CHARCUTERIAS, ETC. Domicilio: CL JOAN PRIM, NUMERO 87, BAJOS (PREMIA DE MAR). Capital: 3.000,00 Euros. Nombramientos. ADM.UNICO: DE PAULA RAMIREZ FERNANDO.  Datos registrales. S 8 , H B 662340, I/A 1 (14.08.26).",https://www.boe.es/diario_borme/xml.php?id=BORME-A-2026-161-08
20260821,A,BARCELONA,387339,OLIVER 2015 MOTOS SL,"Cambio de domicilio social. CL JOAQUIM MONTMANY NUM.15 SOTANO B (SANT FELIU DE LLOBREGAT).  Datos registrales. S 8 , H B 473150, I/A 2 (14.08.26).",https://www.boe.es/diario_borme/xml.php?id=BORME-A-2026-161-08
20260821,A,BARCELONA,387340,NOVATERRA BADOSA 2026 S.L,"Constitución. Comienzo de operaciones: 29.07.26. Objeto social: LA IMPORTACION, EXPORTACION, COMPRA Y VENTA, COMERCIALIZACION, DISTRIBUCION Y REPRESENTACION AL POR MAYOR Y AL DETALLE, DE TODO TIPO DE PRODUCTOS AGRICOLAS Y DEL RAMO DE LA ALIMENTACION EN GENERAL, ETC. Domicilio: CL BIOMARKET MERCABARNA LLOC 6 (BARCELONA). Capital: 6.000,00 Euros. Nombramientos. ADM.CONJUNTO: NETFRUIT GROUP SL;BADOSA FRUITS SL. REPR.143 RRM: BADOSA GUARDIA JOAN;ESPONA MIGUEL JOAN.  Datos registrales. S 8 , H B 662305, I/A 1 (14.08.26).",https://www.boe.es/diario_borme/xml.php?id=BORME-A-2026-161-08
20260821,A,BARCELONA,387341,SERTEC FARMA S.L,"Modificaciones estatutarias. ARTICULO 14: COMPETENCIA PARA CONVOCAR. Página web de la sociedad. Creación de la página web corporativa: https://sertecfarma.com.  Datos registrales. S 8 , H B 548372, I/A 8 (14.08.26).",https://www.boe.es/diario_borme/xml.php?id=BORME-A-2026-161-08
20260821,A,BARCELONA,387342,KRUPENIA SOFTWARE S.L,"Revocaciones. ADM.UNICO: OLEH KRUPENIA. Nombramientos. ADM.UNICO: MARRERO ALVAREZ CHRISTIAN. Otros conceptos: CAMBIO DE SOCIO UNICO, SIENDO EL NUEVO SOCIO UNICO CHRISTIAN MARRERO ALVAREZ. Cambio de denominación social. ASSETS LIQUIDATION STUDIO S.L. Cambio de domicilio social. RB DE CATALUNYA Num.38 P.8 PTA.1 (BARCELONA). Cambio de objeto social. PRESTACION DE SERVICIOS DE ASESORAMIENTO FISCAL, LABORAL, CONTABLE, COMERCIAL Y JURIDICO PARA TODA CLASE DE PERSONAS FISICAS Y JURIDICAS, EN LA GESTION Y ADMINISTRACION DE TODO TIPO DE ACTIVIDADES Y NEGOCIOS, ASI COMO EN...  Datos registrales. S 8 , H B 630846, I/A 2 (14.08.26).",https://www.boe.es/diario_borme/xml.php?id=BORME-A-2026-161-08
20260821,A,BARCELONA,387343,SERVEIS INTEGRALS MUNT VALLES S.L,"Constitución. Comienzo de operaciones: 29.07.26. Objeto social: LA ADQUISICION, TENENCIA, ADMINISTRACION, GESTION Y TRANSMISION DE PARTICIPACIONES SOCIALES, ACCIONES Y CUALQUIER OTRO VALOR REPRESENTATIVO DE LOS FONDOS PROPIOS DE ENTIDADES, ETC. Domicilio: CL BERGUEDA NUM.20 (LLICA D'AMUNT). Capital: 3.100,00 Euros. Nombramientos. ADM.UNICO: SORLI RUBIAL JUAN MARCOS. Otros conceptos: DECLARACION DE SOCIEDAD UNIPERSONAL, SIENDO SOCIO UNICO DON JUAN MARCOS SORLI RUBIAL.  Datos registrales. S 8 , H B 662307, I/A 1 (14.08.26).",https://www.boe.es/diario_borme/xml.php?id=BORME-A-2026-161-08
20260821,A,BARCELONA,387344,ODISEA INGENIERIA S.L,"Otros conceptos: DECLARACION DE LA UNIPERSONALIDAD. SOCIO UNICO, DON ELMER CARRASCO FERNANDEZ.  Datos registrales. S 8 , H B 593233, I/A 4 (14.08.26).",https://www.boe.es/diario_borme/xml.php?id=BORME-A-2026-161-08
20260821,A,BARCELONA,387345,MANO DE SANTA GROUP 2026 S.L,"Constitución. Comienzo de operaciones: 1.08.26. Objeto social: LA ADQUISICION, TENENCIA, ADMINISTRACION, GESTION Y TRANSMISION DE ACCIONES, PARTICIPACIONES SOCIALES Y CUALESQUIERA VALORES REPRESENTATIVOS DE FONDOS PROPIOS DE ENTIDADES. ETC. Domicilio: CL FRANCESC MORAGAS, 36-64, LOCAL A2 (MANRESA). Capital: 890.000,00 Euros. Nombramientos. ADM.UNICO: PARCERISA SERRA MERCE. Otros conceptos: DECLARACION DE SOCIEDAD UNIPERSONAL, SIENDO SOCIO UNICO MERCE PARCERISA SERRA.  Datos registrales. S 8 , H B 662334, I/A 1 (14.08.26).",https://www.boe.es/diario_borme/xml.php?id=BORME-A-2026-161-08
20260821,A,BARCELONA,387346,AGRICOLA FONT SALTADOR S.L,"Cambio de objeto social. AMPLIAR A: LA ACTIVIDAD, EL NEGOCIO Y LA PROMOCION INMOBILIARIA. LA CONTRATACION, GESTION, PROYECCION, CONSTRUCCION Y EJECUCION DE TODA CLASE DE OBRAS, PUBLICAS Y PRIVADAS. LA GESTION, ADMINISTRACION, ADQUISICION, ETC.  Datos registrales. S 8 , H B 309055, I/A 4 (14.08.26).",https://www.boe.es/diario_borme/xml.php?id=BORME-A-2026-161-08
20260821,A,BARCELONA,387347,BARBERAN SA,"Modificaciones estatutarias. ART.14.-JUNTA GENERAL DE ACCIONISTAS.  Datos registrales. S 8 , H B 68130, I/A 31 (14.08.26).",https://www.boe.es/diario_borme/xml.php?id=BORME-A-2026-161-08
20260821,A,BARCELONA,387348,SENSOFAR TECH SL,"Revocaciones. CONSEJERO: LAGUARTA BERTRAN FERRAN. Nombramientos. CONSEJERO: SENSOPONT HOLDING SL. REPR.143 RRM: LAGUARTA ALAPONT ROGER. PRES.HONORI.: LAGUARTA BERTRAN FERRAN. Modificaciones estatutarias. ARTICULO 14. COMPETENCIAS DE LA JUNTA GENERAL.  Datos registrales. S 8 , H B 227504, I/A 31 (14.08.26).",https://www.boe.es/diario_borme/xml.php?id=BORME-A-2026-161-08
20260821,A,BARCELONA,387349,TAPAMOOD S.L,"Constitución. Comienzo de operaciones: 24.07.26. Objeto social: CONSTRUCCION, INSTALACIONES Y MANTENIMIENTO. IMPORTACION, EXPORTACION, COMERCIO AL POR MENOR Y MAYOR, INCLUYENDO EL COMERCIO POR INTERNET, FABRICACION, DISTRIBUCION, E INTERMEDIACION COMERCIAL DE EQUIPOS INFORMATICOS. ETC. Domicilio: CL BALUARD NUM.6 P.2 PTA.3 (SANT PERE DE RIBES). Capital: 3.000,00 Euros. Nombramientos. ADM.UNICO: ESMORIS LLORCA ALBERTO.  Datos registrales. S 8 , H B 662316, I/A 1 (14.08.26).",https://www.boe.es/diario_borme/xml.php?id=BORME-A-2026-161-08
20260821,A,BARCELONA,387350,RADITEC RX SL,"Otros conceptos: CAMBIO DE SOCIO UNICO: RADIOLOGIA S.A.  Datos registrales. S 8 , H B 107133, I/A 18 (14.08.26).",https://www.boe.es/diario_borme/xml.php?id=BORME-A-2026-161-08
20260821,A,BARCELONA,387351,LERASIUM XXI S.L,"Revocaciones. ADM.UNICO: AZERILA SL. REPR.143 RRM: GABERNET LLORCA ESTHER. Nombramientos. ADM.SOLIDAR.: PUJOL ARTIGAS FRANCISCO JAVIER;SERRA PERMANYER JOSE MARIA. Otros conceptos: DECLARACION DE PERDIDA DE UNIPERSONALIDAD.- Cambio de domicilio social. CL GRAN VIA DE CARLES III,84-98 TORRE SUR P.9 PTA. (BARCELONA). Cambio de objeto social. LA CONSTITUCION,PARTICIPACION POR SI MISMA O DE FORMA INDIRECTA EN LA GESTION Y CONTROL DE OTRAS EMPRESAS Y SOCIEDADES,LA ADQUISICION,ENAJENACION,TENENCIA,PERMUTA DE ACCIONES,PARTICIPACIONES Y VALORES MOBILIARIOS, ETC.  Datos registrales. S 8 , H B 657732, I/A 2 (14.08.26).",https://www.boe.es/diario_borme/xml.php?id=BORME-A-2026-161-08
20260821,A,BARCELONA,387352,PRIMOVENT ESTATES S.L,"Constitución. Comienzo de operaciones: 24.07.26. Objeto social: CONSTRUCCION, INSTALACIONES Y MANTENIMIENTO. IMPORTACION, EXPORTACION, COMERCIO AL POR MENOR Y MAYOR, INCLUYENDO EL COMERCIO POR INTERNET, FABRICACION, DISTRIBUCION, E INTERMEDIACION COMERCIAL DE EQUIPOS INFORMATICOS. ETC. Domicilio: CL BALUARD NUM.6 P.2 PTA.3 (SANT PERE DE RIBES). Capital: 3.000,00 Euros. Nombramientos. ADM.UNICO: ESMORIS LLORCA ALBERTO.  Datos registrales. S 8 , H B 662315, I/A 1 (14.08.26).",https://www.boe.es/diario_borme/xml.php?id=BORME-A-2026-161-08
20260821,A,BARCELONA,387353,RADITEC RX SL,"Revocaciones. ADM.UNICO: GINE RUBIES JOSE MARIA. Nombramientos. ADM.UNICO: MARTINEZ ALVAREZ MANUEL ALFREDO. Modificaciones estatutarias. ART. 5 : FIJACION DEL INICIO Y CIERRE DEL EJERCICIO SOCIAL, INICIANDOSE EL DIA 1 DE ENERO Y FINALIZANDO EL 31 DE DICIEMBRE DE CADA AÑO.  Datos registrales. S 8 , H B 107133, I/A 19 (14.08.26).",https://www.boe.es/diario_borme/xml.php?id=BORME-A-2026-161-08
20260821,A,BARCELONA,387354,NEXALURE TECHNOLOGIES S.L,"Constitución. Comienzo de operaciones: 24.07.26. Objeto social: CONSTRUCCION, INSTALACIONES Y MANTENIMIENTO. IMPORTACION, EXPORTACION, COMERCIO AL POR MENOR Y MAYOR, INCLUYENDO EL COMERCIO POR INTERNET, FABRICACION, DISTRIBUCION, E INTERMEDIACION COMERCIAL DE EQUIPOS INFORMATICOS. ETC. Domicilio: CL BALUARD NUM.6 P.2 PTA.3 (SANT PERE DE RIBES). Capital: 3.000,00 Euros. Nombramientos. ADM.UNICO: ESMORIS LLORCA ALBERTO.  Datos registrales. S 8 , H B 662314, I/A 1 (14.08.26).",https://www.boe.es/diario_borme/xml.php?id=BORME-A-2026-161-08
20260821,A,BARCELONA,387355,COLORES RUZ SL,"Revocaciones. ADM.UNICO: RUZ CONDE FRANCISCO. LIQUIDADOR: RUZ CONDE FRANCISCO. Nombramientos. LIQUIDADOR: RUZ CONDE FRANCISCO. Extinción.  Datos registrales. S 8 , H B 255019, I/A 5 (14.08.26).",https://www.boe.es/diario_borme/xml.php?id=BORME-A-2026-161-08
20260821,A,BARCELONA,387356,CARMUS SERVEIS I REFORMES S.L,"Cambio de domicilio social. CL RIERA CANALS NUM.9 LOCAL (SANT ANDREU DE LA BARCA). Cambio de objeto social. AMPLIAR A:COMERCIO AL POR MENOR DE FERRETERIA,MATERIALES DE CONSTRUCCION,PINTURAS Y VIDRIO.CNAE 4752.  Datos registrales. S 8 , H B 640803, I/A 2 (14.08.26).",https://www.boe.es/diario_borme/xml.php?id=BORME-A-2026-161-08
20260821,A,BARCELONA,387357,SPARKLYT TECHNOLOGIES S.L,"Constitución. Comienzo de operaciones: 24.07.26. Objeto social: CONSTRUCCION, INSTALACIONES Y MANTENIMIENTO. IMPORTACION, EXPORTACION, COMERCIO AL POR MENOR Y MAYOR, INCLUYENDO EL COMERCIO POR INTERNET, FABRICACION, DISTRIBUCION, E INTERMEDIACION COMERCIAL DE EQUIPOS INFORMATICOS. ETC. Domicilio: CL BALUARD NUM.6 P.2 PTA.3 (SANT PERE DE RIBES). Capital: 3.000,00 Euros. Nombramientos. ADM.UNICO: ESMORIS LLORCA ALBERTO.  Datos registrales. S 8 , H B 662313, I/A 1 (14.08.26).",https://www.boe.es/diario_borme/xml.php?id=BORME-A-2026-161-08
20260821,A,BARCELONA,387358,DPC ET CUIDEM S.L,"Cambio de domicilio social. CL MOLI, NUMERO 29, LOCAL 3 (ESPLUGUES DE LLOBREGAT).  Datos registrales. S 8 , H B 652846, I/A 2 (14.08.26).",https://www.boe.es/diario_borme/xml.php?id=BORME-A-2026-161-08
20260821,A,BARCELONA,387359,NEXOVANT S.L,"Constitución. Comienzo de operaciones: 24.07.26. Objeto social: CONSTRUCCION, INSTALACIONES Y MANTENIMIENTO. IMPORTACION, EXPORTACION, COMERCIO AL POR MENOR Y MAYOR, INCLUYENDO EL COMERCIO POR INTERNET, FABRICACION, DISTRIBUCION, E INTERMEDIACION COMERCIAL DE EQUIPOS INFORMATICOS. ETC. Domicilio: CL BALUARD NUM.6 P.2 PTA.3 (SANT PERE DE RIBES). Capital: 3.000,00 Euros. Nombramientos. ADM.UNICO: ESMORIS LLORCA ALBERTO.  Datos registrales. S 8 , H B 662312, I/A 1 (14.08.26).",https://www.boe.es/diario_borme/xml.php?id=BORME-A-2026-161-08
20260821,A,BARCELONA,387360,EXELADE SL,"Cambio de domicilio social. PS SAN JUAN Num.2 P.EN PTA.2 (BARCELONA).  Datos registrales. S 8 , H B 420660, I/A 3 (14.08.26).",https://www.boe.es/diario_borme/xml.php?id=BORME-A-2026-161-08
20260821,A,BARCELONA,387361,LAP HERITAGE PARTNERS S.L,"Constitución. Comienzo de operaciones: 29.07.26. Objeto social: LA ADQUISICION Y ENAJENACION DE ACCIONES Y PARTICIPACIONES REPRESENTATIVAS DEL CAPITAL SOCIAL DE CUALQUIER TIPO DE SOCIEDADES, INCLUSO DE AQUELLAS DE IDENTICO O ANALOGO OBJETO SOCIAL, ETC. Domicilio: CL MURALLA SANT FRANCESC NUM.49 P.3 (MANRESA). Capital: 3.000,00 Euros. Nombramientos. ADM.UNICO: INMO LAU DREAMS SL. REPR.143 RRM: TOUS ORIOL LAURA.  Datos registrales. S 8 , H B 662308, I/A 1 (14.08.26).",https://www.boe.es/diario_borme/xml.php?id=BORME-A-2026-161-08
20260821,A,BARCELONA,387362,AXIS CORPORATE FINANCE SP SL,"Cambio de denominación social. BIRDSTICK CORPORATE FINANCE SP, S.L.  Datos registrales. S 8 , H B 297257, I/A 14 (14.08.26).",https://www.boe.es/diario_borme/xml.php?id=BORME-A-2026-161-08
20260821,A,BARCELONA,387363,ARGENGILA S.L,"Modificaciones estatutarias. ARTICULO 24.- SISTEMA RETRIBUTIVO DEL ORGANO DE ADMINISTRACION SOCIAL.  Datos registrales. S 8 , H B 631405, I/A 2 (14.08.26).",https://www.boe.es/diario_borme/xml.php?id=BORME-A-2026-161-08
20260821,A,BARCELONA,387364,XENOVARA TECHNOLOGIES S.L,"Constitución. Comienzo de operaciones: 24.07.26. Objeto social: CONSTRUCCION, INSTALACIONES Y MANTENIMIENTO. IMPORTACION, EXPORTACION, COMERCIO AL POR MENOR Y MAYOR, INCLUYENDO EL COMERCIO POR INTERNET, FABRICACION, DISTRIBUCION, E INTERMEDIACION COMERCIAL DE EQUIPOS INFORMATICOS. ETC. Domicilio: CL BALUARD NUM.6 P.2 PTA.3 (SANT PERE DE RIBES). Capital: 3.000,00 Euros. Nombramientos. ADM.UNICO: ESMORIS LLORCA ALBERTO.  Datos registrales. S 8 , H B 662311, I/A 1 (14.08.26).",https://www.boe.es/diario_borme/xml.php?id=BORME-A-2026-161-08
20260821,A,BARCELONA,387365,AKTUAL CATERING SL,"Cambio de domicilio social. CM DE LA CREU Num.5 P.2 PTA.10 (SANT CUGAT DEL VALLES).  Datos registrales. S 8 , H B 413569, I/A 8 (14.08.26).",https://www.boe.es/diario_borme/xml.php?id=BORME-A-2026-161-08
20260821,A,BARCELONA,387366,KRYNTAL SOLUTIONS S.L,"Constitución. Comienzo de operaciones: 24.07.26. Objeto social: CONSTRUCCION, INSTALACIONES Y MANTENIMIENTO. IMPORTACION, EXPORTACION, COMERCIO AL POR MENOR Y MAYOR, INCLUYENDO EL COMERCIO POR INTERNET, FABRICACION, DISTRIBUCION, E INTERMEDIACION COMERCIAL DE EQUIPOS INFORMATICOS. ETC. Domicilio: CL BALUARD NUM.6 P.2 PTA.3 (SANT PERE DE RIBES). Capital: 3.000,00 Euros. Nombramientos. ADM.UNICO: ESMORIS LLORCA ALBERTO.  Datos registrales. S 8 , H B 662309, I/A 1 (14.08.26).",https://www.boe.es/diario_borme/xml.php?id=BORME-A-2026-161-08
20260821,A,BARCELONA,387367,"BIRDSTICK CORPORATE FINANCE SP, S.L","Revocaciones. ADM.UNICO: IL LUGRACIA SL. REPR.143 RRM: GRACIA ABIAN CASIMIRO. LIQUIDADOR: GRACIA ABIAN CASIMIRO. Nombramientos. LIQUIDADOR: GRACIA ABIAN CASIMIRO. Extinción.  Datos registrales. S 8 , H B 297257, I/A 15 (14.08.26).",https://www.boe.es/diario_borme/xml.php?id=BORME-A-2026-161-08
20260821,A,BARCELONA,387368,MEXICANOS SABORES AUTENTICOS S.L,"Revocaciones. ADM.UNICO: SOLARTE SOLARTE JESUS ERNEY. Nombramientos. ADM.UNICO: CASTILLO HENAO NESTOR DARIO. Otros conceptos: CAMBIO DE SOCIO UNICO. NUEVO SOCIO UNICO: NESTOR DARIO CASTILLO HENAO. Cambio de domicilio social. AV JOSEP TARRADELLAS I JOAN,S/N,LOC. G5,CC.FARGA (HOSPITALET DE LLOBREGAT (L'.  Datos registrales. S 8 , H B 647384, I/A 3 (14.08.26).",https://www.boe.es/diario_borme/xml.php?id=BORME-A-2026-161-08
20260821,A,BARCELONA,387369,JACAGUS HLDG S.L,"Constitución. Comienzo de operaciones: 22.07.26. Objeto social: ACTIVIDADES DE SOCIEDADES HOLDING: LA ADQUISICION, TENENCIA, ADMINISTRACION Y GESTION DE PARTICIPACIONES SOCIALES, ACCIONES O CUALQUIER OTRO TITULO REPRESENTATIVO DE CAPITAL EN SOCIEDADES MERCANTILES, ETC. Domicilio: CL ECUADOR, 21, SOTANO (BARCELONA). Capital: 3.000,00 Euros. Nombramientos. ADM.UNICO: LASAOSA HUCH JACOBO FERNANDO.  Datos registrales. S 8 , H B 662325, I/A 1 (14.08.26).",https://www.boe.es/diario_borme/xml.php?id=BORME-A-2026-161-08
20260821,A,BARCELONA,387370,AISF-AKTEON S.L,"Constitución. Comienzo de operaciones: 29.07.26. Objeto social: INTERMEDIACION EN LA CELEBRACION DE CONTRATOS DE PRESTAMO Y/O CREDITO CON CUALQUIER FINALIDAD, TANTO PARA FINANCIACION DE PARTICULARES COMO PARA FINANCIACION DE EMPRESAS DE CUALQUIER TIPO, SECTOR O ACTIVIDAD ECONOMICA, ETC. Domicilio: CL VIA EUROPA NUM.131 P.1 PTA.2 (MATARO). Capital: 60.000,00 Euros. Nombramientos. ADM.CONJUNTO: SALAVEDRA FANES INMACULADA;PUERTA SANCHEZ JOSE MARIA.  Datos registrales. S 8 , H B 662327, I/A 1 (14.08.26).",https://www.boe.es/diario_borme/xml.php?id=BORME-A-2026-161-08
20260821,A,BARCELONA,387371,VMWARE INTERNATIONAL SPAIN S.L,"Disolución. Fusion.  Datos registrales. S 8 , H B 540794, I/A 32 (14.08.26).",https://www.boe.es/diario_borme/xml.php?id=BORME-A-2026-161-08
20260821,A,BARCELONA,387372,THE SWEET COLLECTION S.L,"Constitución. Comienzo de operaciones: 22.07.26. Objeto social: FABRICACION DE PAN Y DE PRODUCTOS FRESCOS DE PANADERIA Y PASTELERIA. SERVICIOS DE HOSTELERIA Y RESTAURACION: BARES, RESTAURANTES Y PUESTOS DE COMIDAS. ESTABLECIMIENTOS DE BEBIDAS. ETC. Domicilio: CL ECUADOR, 21, SOTANO (BARCELONA). Capital: 3.000,00 Euros. Nombramientos. ADM.UNICO: LASAOSA HUCH JACOBO FERNANDO.  Datos registrales. S 8 , H B 662331, I/A 1 (14.08.26).",https://www.boe.es/diario_borme/xml.php?id=BORME-A-2026-161-08
20260821,A,BARCELONA,387373,RODMIFRUITS S.L,"Constitución. Comienzo de operaciones: 30.07.26. Objeto social: ACTIVIDAD PRINCIPAL: 4639 COMERCIO AL POR MAYOR DE PRODUCTOS ALIMENTICIOS, BEBIDAS Y TABACO. Domicilio: CL ISAAC PERAL, NUMERO 8D (CANOVELLES). Capital: 10.000,00 Euros. Nombramientos. ADM.UNICO: GARCIA AHUFINGER MIQUEL.  Datos registrales. S 8 , H B 662294, I/A 1 (14.08.26).",https://www.boe.es/diario_borme/xml.php?id=BORME-A-2026-161-08
20260821,A,BARCELONA,387374,OWNIO TECH S.L,"Constitución. Comienzo de operaciones: 16.07.26. Objeto social: ACTIVIDADES DE PROGRAMACION INFORMATICA (CNAE 6201). ACTIVIDADES DE CONSULTORIA INFORMATICA (CNAE 6202). OTROS SERVICIOS RELACIONADOS CON LAS TECNOLOGIAS DE LA INFORMACION Y LA INFORMATICA (CNAE 6209). Domicilio: CL VIOLANT D'HONGRIA 46-48 P.BJ PTA.3 (BARCELONA). Capital: 3.000,00 Euros. Nombramientos. ADM.UNICO: LOPEZ MOLLER EDMON.  Datos registrales. S 8 , H B 662330, I/A 1 (14.08.26).",https://www.boe.es/diario_borme/xml.php?id=BORME-A-2026-161-08
20260821,A,BARCELONA,387375,SESROVIRES ASSEGURANCES SL,"Cambio de denominación social. LOPEZ AMAT GESTION S.L. Cambio de domicilio social. AV CATALUNYA Num.10 (SANT ESTEVE SESROVIRES). Cambio de objeto social. LA AGENCIA DE SEGUROS AFECTO A UNA UNICA COMPAÑIA DE SEGUROS.CNAE PRINCIPAL 6622: ACTIVIDADES DE AGENTES Y CORREDORES DE SEGUROS. Y LA MEDIACION E INTERMEDIACION EN LA COMPRAVENTA, ALQUILER, PERMUTA Y CESION DE BIENES...  Datos registrales. S 8 , H B 288994, I/A 3 (14.08.26).",https://www.boe.es/diario_borme/xml.php?id=BORME-A-2026-161-08
20260821,A,BARCELONA,387376,ROYAL CUP SPORT HORSES S.L,"Constitución. Comienzo de operaciones: 23.07.26. Objeto social: LA COMPRAVENTA, IMPORTACION Y EXPORTACION DE CABALLOS Y DEMAS EQUIDOS. LA COMERCIALIZACION INTEGRAL DE EQUIDOS, ASI COMO DE PRODUCTOS, COMPLEMENTOS Y SERVICIOS RELACIONADOS CON EL MUNDO ECUESTRE, A TRAVES DE PLATAFORMAS, ETC. Domicilio: PZ MAGDALENA TRIAS NUM.7 P.1 PTA.1 (GAVA). Capital: 3.000,00 Euros. Nombramientos. ADM.UNICO: COLLADO RUIZ OSCAR. Otros conceptos: DECLARACION DE SOCIEDAD UNIPERSONAL, SIENDO SOCIO UNICO SILVIA ROVIRA RABINAL.  Datos registrales. S 8 , H B 662321, I/A 1 (14.08.26).",https://www.boe.es/diario_borme/xml.php?id=BORME-A-2026-161-08
20260821,A,BARCELONA,387377,KNOWLEDGE INNOVATION MARKET SL,"Revocaciones. REPR.143 RRM: RODRIGUEZ RIPOLLES JORDI. Nombramientos. REPR.143 RRM: ARTIGAS BARCELO SERGI.  Datos registrales. S 8 , H B 371718, I/A 6 (14.08.26).",https://www.boe.es/diario_borme/xml.php?id=BORME-A-2026-161-08
20260821,A,BARCELONA,387378,ENSINGER SA,"Revocaciones. SECR.NO CONS: DEL VALLE GOMEZ IÑIGO DE LOYOLA. CONSEJERO: PAOLO CARLO SENATORE. PRESIDENTE: PAOLO CARLO SENATORE. CONS.DEL.SOL: PAOLO CARLO SENATORE. CONSEJERO: RALPH PERNIZSAK. CONS.DEL.SOL: RALPH PERNIZSAK. CONSEJERO: PETER KAMPS. CONS.DEL.SOL: PETER KAMPS. Nombramientos. CONSEJERO: PAOLO CARLO SENATORE;GARCIA CALVO ORIOL;DEL VALLE GOMEZ IÑIGO DE LOYOLA. PRESIDENTE: PAOLO CARLO SENATORE. SECRETARIO: DEL VALLE GOMEZ IÑIGO DE LOYOLA. CONS.DEL.SOL: PAOLO CARLO SENATORE. Modificaciones estatutarias. ARTICULO 31.- SISTEMA RETRIBUTIVO DEL ORGANO DE ADMINISTRACION SOCIAL.  Datos registrales. S 8 , H B 162329, I/A 44 (14.08.26).",https://www.boe.es/diario_borme/xml.php?id=BORME-A-2026-161-08
20260821,A,BARCELONA,387379,SOFIWAGA ESPAÑA 3 S.L,"Nombramientos. APODERAD.SOL: VIRGINIE MOLINIER;AMBROS BIERN CLAUDIA;FRANCO ANTA CLARA;LACROIX ALVAREZ LYDIA;CARLA SASHA DANA ADDI;ROBIN BERNARD PIERRE BOUNASSER LECONTEMAYOR.  Datos registrales. S 8 , H B 661906, I/A 2 (14.08.26).",https://www.boe.es/diario_borme/xml.php?id=BORME-A-2026-161-08
20260821,A,BARCELONA,387380,SOFIWAGA ESPAÑA 3 S.L,"Nombramientos. APODERAD.SOL: MARIE AMELIE RICHEL;MATHIEU LEFEBVRE.  Datos registrales. S 8 , H B 661906, I/A 3 (14.08.26).",https://www.boe.es/diario_borme/xml.php?id=BORME-A-2026-161-08
20260821,A,BARCELONA,387381,PUBLITESACOMUNICACIO SL,"Nombramientos. APODERAD.SOL: GALLARDO RUDA LOLA;PARES PERERA MARIA DOLORES.  Datos registrales. S 8 , H B 275265, I/A 3 (14.08.26).",https://www.boe.es/diario_borme/xml.php?id=BORME-A-2026-161-08
20260821,A,BARCELONA,387382,JOSE LLINAS E HIJOS SL,"Nombramientos. APODERAD.SOL: LLINAS VERA MARIA DEL CARMEN.  Datos registrales. S 8 , H B 445495, I/A 11 (14.08.26).",https://www.boe.es/diario_borme/xml.php?id=BORME-A-2026-161-08
20260821,A,BARCELONA,387383,PEIX I MARISC BOVIMAR S.L,"Nombramientos. APODERAD.SOL: BOSCH CARRERA CARLOS.  Datos registrales. S 8 , H B 661997, I/A 2 (14.08.26).",https://www.boe.es/diario_borme/xml.php?id=BORME-A-2026-161-08
20260821,A,BARCELONA,387384,TEKNIATEST SOLUTIONS S.A,"Nombramientos. APOD.SOL/MAN: RAJA DELGADO JUDIT.  Datos registrales. S 8 , H B 518012, I/A 7 (14.08.26).",https://www.boe.es/diario_borme/xml.php?id=BORME-A-2026-161-08
20260821,A,BARCELONA,387385,TEKNIATEST SOLUTIONS S.A,"Nombramientos. APOD.SOL/MAN: VILAMITJANA BRUNET NOEMI.  Datos registrales. S 8 , H B 518012, I/A 8 (14.08.26).",https://www.boe.es/diario_borme/xml.php?id=BORME-A-2026-161-08
20260821,A,BARCELONA,387386,TRANSPORTS LA MUNTANYESA SL,"Nombramientos. APOD.SOL/MAN: SAGALES ORTEU RAMON;SAGALES ORTEU ANNA.  Datos registrales. S 8 , H B 56235, I/A 18 (14.08.26).",https://www.boe.es/diario_borme/xml.php?id=BORME-A-2026-161-08
20260821,A,BARCELONA,387387,BLUE MOBILITY & HEALTHCARE SERVICES S.L,"Nombramientos. APOD.SOL/MAN: SAGALES ORTEU RAMON;SAGALES ORTEU ANNA.  Datos registrales. S 8 , H B 78325, I/A 30 (14.08.26).",https://www.boe.es/diario_borme/xml.php?id=BORME-A-2026-161-08
20260821,A,BARCELONA,387388,GRANOLLERS TRANSPORT SL,"Nombramientos. APOD.SOL/MAN: SAGALES ORTEU RAMON;SAGALES ORTEU ANNA.  Datos registrales. S 8 , H B 61529, I/A 26 (14.08.26).",https://www.boe.es/diario_borme/xml.php?id=BORME-A-2026-161-08
20260821,A,BARCELONA,387389,LLINAS E HIJOS GRUP SL,"Nombramientos. APODERAD.SOL: LLINAS VERA MARIA DEL CARMEN.  Datos registrales. S 8 , H B 445496, I/A 7 (14.08.26).",https://www.boe.es/diario_borme/xml.php?id=BORME-A-2026-161-08
20260821,A,BARCELONA,387390,BPLUSD WORLD S.L,"Nombramientos. APODERAD.SOL: MARTIN JOSE CROM;MARIA CLAUDIA GONZALEZ PASTORE.  Datos registrales. S 8 , H B 554433, I/A 2 (14.08.26).",https://www.boe.es/diario_borme/xml.php?id=BORME-A-2026-161-08
20260821,A,BARCELONA,387391,RAJAPACK SA,"Nombramientos. APODERAD.SOL: GUTIERREZ MELLADO NADIA.  Datos registrales. S 8 , H B 268587, I/A 28 (14.08.26).",https://www.boe.es/diario_borme/xml.php?id=BORME-A-2026-161-08
20260821,A,BARCELONA,387392,RAJAPACK SA,"Nombramientos. APODERAD.SOL: ORTEGA FERNANDEZ CLEMENTE.  Datos registrales. S 8 , H B 268587, I/A 29 (14.08.26).",https://www.boe.es/diario_borme/xml.php?id=BORME-A-2026-161-08
20260821,A,BARCELONA,387393,DIRECAUTO SL,"Nombramientos. APODERAD.SOL: VIDAL INSENSE LLUIS.  Datos registrales. S 8 , H B 96913, I/A 21 (14.08.26).",https://www.boe.es/diario_borme/xml.php?id=BORME-A-2026-161-08
20260821,A,BARCELONA,387394,ELEMOSA XXI S.L,"Nombramientos. APODERAD.SOL: PELAEZ VALENCIA ELVA;MARTIN BORREGON GAMAZO MARTA MARIA.  Datos registrales. S 8 , H B 652859, I/A 2 (14.08.26).",https://www.boe.es/diario_borme/xml.php?id=BORME-A-2026-161-08
20260821,A,BARCELONA,387395,MAS CURRO SL,"Nombramientos. APOD.SOL/MAN: SAGALES ORTEU RAMON;SAGALES ORTEU ANNA.  Datos registrales. S 8 , H B 82089, I/A 27 (14.08.26).",https://www.boe.es/diario_borme/xml.php?id=BORME-A-2026-161-08
20260821,A,BARCELONA,387396,MANYCHAT S.L,"Revocaciones. APODERAD.SOL: ANNA KONDARTYEVA.  Datos registrales. S 8 , H B 581380, I/A 11 (14.08.26).",https://www.boe.es/diario_borme/xml.php?id=BORME-A-2026-161-08
20260821,A,BARCELONA,387397,TRES KNITTING FABRICS SL,"Nombramientos. APODERAD.SOL: SANZ DIAZ MARIA PILAR.  Datos registrales. S 8 , H B 433535, I/A 13 (14.08.26).",https://www.boe.es/diario_borme/xml.php?id=BORME-A-2026-161-08
20260821,A,BARCELONA,387398,ZAISAN KANRI SL,"Nombramientos. APODERAD.SOL: SANZ DIAZ MARIA PILAR.  Datos registrales. S 8 , H B 15125, I/A 16 (14.08.26).",https://www.boe.es/diario_borme/xml.php?id=BORME-A-2026-161-08
20260821,A,BARCELONA,387399,PIBASA SERVEIS SL,"Nombramientos. APODERAD.SOL: SANZ DIAZ MARIA PILAR.  Datos registrales. S 8 , H B 460343, I/A 8 (14.08.26).",https://www.boe.es/diario_borme/xml.php?id=BORME-A-2026-161-08
20260821,A,BARCELONA,387400,SPEED DOOR ESPAÑA SL,"Revocaciones. ADM.UNICO: VAZQUEZ AGUILERA JORGE. Nombramientos. ADM.CONCURS.: BAIGORRI PUERTO MARIA JESUS. Otros conceptos: JUZGADO DE LO MERCANTIL NUMERO 1 DE BARCELONA, PROCEDIMIENTO CONCURSO VOLUNTARIO 1351/2022, AUTO FIRME 16/11/2022, DECLARACION DE CONCURSO VOLUNTARIO;AUTO FIRME 10/01/2023: APERTURA DE LA FASE DE LIQUIDACION. Disolución. Judicial.  Datos registrales. S 8 , H B 240664, I/A 16 (14.08.26).",https://www.boe.es/diario_borme/xml.php?id=BORME-A-2026-161-08
20260821,A,BARCELONA,387401,MESTRAL RESEARCH A.I.E,"Nombramientos. APODERAD.SOL: JUBERT DI MONTAPERTO DANIELA.  Datos registrales. S 8 , H B 602325, I/A 4 ( 4.08.26).",https://www.boe.es/diario_borme/xml.php?id=BORME-A-2026-161-08
20260821,A,BARCELONA,387402,ENERHOLD SL,"Nombramientos. APOD.SOL/MAN: PASTOR LOPEZ JOSE JUAN.  Datos registrales. S 8 , H B 346583, I/A 27 ( 4.08.26).",https://www.boe.es/diario_borme/xml.php?id=BORME-A-2026-161-08
20260821,A,BARCELONA,387403,LEVIPA PATRIMONIAL S.L,"Constitución. Comienzo de operaciones: 22.07.26. Objeto social: ADMINISTRACIN, COMPRA, VENTA, COMERCIALIZACION Y EXPLOTACION, INCLUIDO EL ARRENDAMIENTO, EXCEPTO EL FINANCIERO ACTIVO, DE PARCELAS Y TODA CLASE DE FINCAS Y CONSTRUCCIONES RUSTICAS, SOLARES, URBANIZACIONES ETC. Domicilio: CL AMIGO NUM.76 P.4 PTA.2 (BARCELONA). Capital: 1.789.600,00 Euros. Nombramientos. ADM.UNICO: EHLIS PIRRETAS LAURA.  Datos registrales. S 8 , H B 662260, I/A 1 (14.08.26).",https://www.boe.es/diario_borme/xml.php?id=BORME-A-2026-161-08
20260821,A,BARCELONA,387404,AKATSUKI INVESTMENTS S.L,"Constitución. Comienzo de operaciones: 24.07.26. Objeto social: LA COMPRA, SUSCRIPCION, TENENCIA, PERMUTA Y VENTA DE VALORES MOBILIARIOS NACIONALES Y EXTRANJEROS, ACCIONES O PARTICIPACIONES SOCIALES, POR CUENTA PROPIA Y SIN ACTIVIDAD DE INTERMEDIACION, ETC. Domicilio: PS DE SANT GERVASI NUM.3 P.4 PTA.2 (BARCELONA). Capital: 3.000,00 Euros. Nombramientos. ADM.UNICO: BOGAZ GOL HOLDING SL. REPR.143 RRM: NADAL HERRERO BORJA. Otros conceptos: DECLARACION DE SOCIEDAD UNIPERSONAL, SIENDO SOCIO UNICO BOGAZ GOL HOLDING S.L.  Datos registrales. S 8 , H B 662254, I/A 1 (14.08.26).",https://www.boe.es/diario_borme/xml.php?id=BORME-A-2026-161-08
20260821,A,BARCELONA,387405,CODING GIANTS S.L,"Revocaciones. ADM.SOLIDAR.: KAMILA ANNA PURYMSKA.  Datos registrales. S 8 , H B 543850, I/A 7 (11.08.26).",https://www.boe.es/diario_borme/xml.php?id=BORME-A-2026-161-08
20260821,A,BARCELONA,387406,LUXLU S.L,"Revocaciones. ADM.UNICO: ELWIS GRIDLEY MIRANDA RODRIGUES.  Datos registrales. S 8 , H B 560800, I/A 2 (14.08.26).",https://www.boe.es/diario_borme/xml.php?id=BORME-A-2026-161-08
20260821,A,BARCELONA,387407,PENYA 203 SL,"Revocaciones. ADMINISTR.: LEGIDO TORRES JOSE RAMON;LEGIDO TORRES GERMAN.  Datos registrales. S 8 , H B 218390, I/A 2 (14.08.26).",https://www.boe.es/diario_borme/xml.php?id=BORME-A-2026-161-08
20260821,A,BARCELONA,387408,PROMOCIONES Y CONTROL OKOTEC SL,"Revocaciones. ADM.UNICO: LOPEZ SANCHEZ XENIA. Nombramientos. ADM.UNICO: LOPEZ SANCHEZ CARLOS ELIAS.  Datos registrales. S 8 , H B 327812, I/A 7 (14.08.26).",https://www.boe.es/diario_borme/xml.php?id=BORME-A-2026-161-08
20260821,A,BARCELONA,387409,PIDERITMO S.L,"Ampliación de capital. Capital: 1.256,00 Euros. Resultante Suscrito: 10.231,00 Euros.  Datos registrales. S 8 , H B 608633, I/A 5 (14.08.26).",https://www.boe.es/diario_borme/xml.php?id=BORME-A-2026-161-08
20260821,A,BARCELONA,387410,VEON WELLNESS S.L,"Revocaciones. ADM.UNICO: VELEZ CAÑAVERAS JORGE. LIQUIDADOR: VELEZ CAÑAVERAS JORGE. Nombramientos. LIQUIDADOR: VELEZ CAÑAVERAS JORGE. Extinción.  Datos registrales. S 8 , H B 636607, I/A 3 (14.08.26).",https://www.boe.es/diario_borme/xml.php?id=BORME-A-2026-161-08
20260821,A,BARCELONA,387411,SUBMER TECHNOLOGIES SL,"Revocaciones. V-SEC NO CON: PERALTA VALDIVIESO ISMAEL. Nombramientos. V-SEC NO CON: CARMONA ESCUDERO JORGE. APODERAD.SOL: CARMONA ESCUDERO JORGE;DURAN LOZANO JESUS MARIA;MORALES SANCHEZ MARIA;GUTIERREZ GIL MARTIN GONZALO;EGEZ PEREZ CARASA LUZ.  Datos registrales. S 8 , H B 475173, I/A 42 (14.08.26).",https://www.boe.es/diario_borme/xml.php?id=BORME-A-2026-161-08
20260821,A,BARCELONA,387412,SUBMER TECHNOLOGIES SL,"Revocaciones. SECR.NO CONS: MANYA TORRES RAMON. Nombramientos. SECR.NO CONS: THOMAS EUGENE BOHAN.  Datos registrales. S 8 , H B 475173, I/A 43 (14.08.26).",https://www.boe.es/diario_borme/xml.php?id=BORME-A-2026-161-08
20260821,A,BARCELONA,387413,SANIK 5000 S.L,"Revocaciones. ADM.UNICO: SURESH KUMAR ASWANI DEVI. LIQUIDADOR: MARTINEZ BORRAS SANTIAGO;SURESH GARCIA ALBERTO. Nombramientos. LIQUIDADOR: MARTINEZ BORRAS SANTIAGO;SURESH GARCIA ALBERTO. Extinción.  Datos registrales. S 8 , H B 570870, I/A 3 (14.08.26).",https://www.boe.es/diario_borme/xml.php?id=BORME-A-2026-161-08
20260821,A,BARCELONA,387414,LLOPART EUROCONSEJO SL,"Reducción de capital. Importe reducción: 12.026,01 Euros. Resultante Suscrito: 108.234,09 Euros. Reducción de capital. Importe reducción: 12.026,01 Euros. Resultante Suscrito: 96.208,08 Euros. Reducción de capital. Importe reducción: 12.026,01 Euros. Resultante Suscrito: 84.182,07 Euros.  Datos registrales. S 8 , H B 81740, I/A 12 (14.08.26).",https://www.boe.es/diario_borme/xml.php?id=BORME-A-2026-161-08
20260821,A,BARCELONA,387415,INVARSO SL,"Nombramientos. ADM.SUPLENTE: SORNI HUBRECHT MARIA DOLORES.  Datos registrales. S 8 , H B 11289, I/A 9 (14.08.26).",https://www.boe.es/diario_borme/xml.php?id=BORME-A-2026-161-08
20260821,A,BARCELONA,387416,SERTRANS CATALUNYA SA,"Revocaciones. ADM.UNICO: BOSQUET FORNOS SANTIAGO. Nombramientos. ADM.UNICO: SERTRANS GLOBAL HOLDING SL. REPR.143 RRM: BOSQUET FORNOS SANTIAGO. Otros conceptos: DECLARACION DE SOCIEDAD UNIPERSONAL. SIENDO EL SOCIO UNICO: LA COMPAÑIA ""SERTRANS GLOBAL HOLDING, S.L."".  Datos registrales. S 8 , H B 4474, I/A 42 (14.08.26).",https://www.boe.es/diario_borme/xml.php?id=BORME-A-2026-161-08
20260821,A,BARCELONA,387417,HADI INVESTMENTS AND ASSETS SL,"Reducción de capital. Importe reducción: 3.265.929,00 Euros. Resultante Suscrito: 1.537.071,00 Euros.  Datos registrales. S 8 , H B 436502, I/A 12 (14.08.26).",https://www.boe.es/diario_borme/xml.php?id=BORME-A-2026-161-08
20260821,A,BARCELONA,387418,DAUTE SA,"Ampliación de capital. Suscrito: 64.682,45 Euros. Desembolsado: 64.682,45 Euros. Resultante Suscrito: 391.356,00 Euros. Resultante Desembolsado: 391.356,00 Euros. Modificaciones estatutarias. ARTICULO 5: MODIFICACION DEL VALOR NOMINAL, NUMERO Y NUMERACION DE LAS ACCIONES. Datos registrales. S 8 , H B 110882, I/A 49 (14.08.26).",https://www.boe.es/diario_borme/xml.php?id=BORME-A-2026-161-08
20260821,A,BARCELONA,387419,WENDIGO FIN S.L,"Ampliación de capital. Capital: 5.797,00 Euros. Resultante Suscrito: 15.797,00 Euros.  Datos registrales. S 8 , H B 608762, I/A 2 (14.08.26).",https://www.boe.es/diario_borme/xml.php?id=BORME-A-2026-161-08
20260821,A,BARCELONA,387420,LOCATOR CONDUCTOR SL,"Ampliación de capital. Capital: 1.300.000,00 Euros. Resultante Suscrito: 3.164.657,00 Euros.  Datos registrales. S 8 , H B 415379, I/A 8 (14.08.26).",https://www.boe.es/diario_borme/xml.php?id=BORME-A-2026-161-08
20260821,A,BARCELONA,387421,BERAR CAPITAL 1012 S.L,"Ampliación de capital. Capital: 3.000,00 Euros. Resultante Suscrito: 6.000,00 Euros. Otros conceptos: DECLARACION DE LA PERDIDA DE LA SITUACION DE UNIPERSONALIDAD. Cambio de domicilio social. CL CHARLES DARWIN Num.44 (TEIA).  Datos registrales. S 8 , H B 590398, I/A 2 (14.08.26).",https://www.boe.es/diario_borme/xml.php?id=BORME-A-2026-161-08
20260821,A,BARCELONA,387422,PROMOTORA NAVESA SA,"Nombramientos. LIQUIDADOR: ENSEÑAT ROCAFORT ALEX. Disolución. Voluntaria.  Datos registrales. S 8 , H B 25412, I/A 16 (14.08.26).",https://www.boe.es/diario_borme/xml.php?id=BORME-A-2026-161-08
20260821,A,BARCELONA,387423,TOURS TRAVEL FINDER S.L,"Modificaciones estatutarias. ARTICULO 7: NOMBRAMIENTO, DURACION Y PROHIBICION DE COMPETENCIA.  Datos registrales. S 8 , H B 645221, I/A 2 (14.08.26).",https://www.boe.es/diario_borme/xml.php?id=BORME-A-2026-161-08
20260821,A,BARCELONA,387424,BETA'90 GESTION Y PROMOCION INMOBILIARIA SL,"Otros conceptos: DEPOSITADO EL ANUNCIO QUE INFORMA A SOCIOS, ACREEDORES Y REPRESENTANTES DE TRABAJADORES/TRABAJADORES QUE PUEDEN PRESENTAR A LA SOCIEDAD, A MAS TARDAR 5 DIAS LABORABLES ANTES DE LA JUNTA GENERAL, OBSERVACIONES SOBRE EL PROYECTO.  Datos registrales. S 8 , H B 7057, I/A 24 N (14.08.26).",https://www.boe.es/diario_borme/xml.php?id=BORME-A-2026-161-08
20260821,A,BARCELONA,387425,DISEÑO Y PROYECTOS SA,"Revocaciones. APODERADO: FERRER ORTIZ MARIA JOSE;FERRER ORTIZ YVONNE;FERRER ORTIZ YVONNE;ORTIZ GARCIA MARIA ASUNCION;FERRER ORTIZ YVONNE;FERRER ORTIZ MARIA ASUNCION;FERRER ORTIZ MARIA JOSE. Extinción.  Datos registrales. S 8 , H B 30709, I/A 32 (14.08.26).",https://www.boe.es/diario_borme/xml.php?id=BORME-A-2026-161-08
20260821,A,BARCELONA,387426,WITKEI 2006 SL,"Otros conceptos: DEPOSITADO EL ANUNCIO QUE INFORMA A SOCIOS, ACREEDORES Y REPRESENTANTES DE TRABAJADORES/TRABAJADORES QUE PUEDEN PRESENTAR A LA SOCIEDAD, A MAS TARDAR 5 DIAS LABORABLES ANTES DE LA JUNTA GENERAL, OBSERVACIONES SOBRE EL PROYECTO.  Datos registrales. S 8 , H B 331512, I/A 4 N (14.08.26).",https://www.boe.es/diario_borme/xml.php?id=BORME-A-2026-161-08
20260821,A,BARCELONA,387427,GESIMFER SL,"Revocaciones. ADM.UNICO: LAMIONI SL. REPR.143 RRM: FERRER ORTIZ MARIA JOSE. Nombramientos. ADM.UNICO: FERRER ORTIZ MARIA JOSE. Otros conceptos: DECLARACION DE LA PERDIDA DEL CARACTER DE UNIPERSONAL. Fusión por absorción. Sociedades absorbidas: DISEÑO Y PROYECTOS SA. LAMIONI SL.  Datos registrales. S 8 , H B 122580, I/A 24 (14.08.26).",https://www.boe.es/diario_borme/xml.php?id=BORME-A-2026-161-08
20260821,A,BARCELONA,387428,LAMIONI SL,"Revocaciones. APODERADO: FERRER ORTIZ JOSE MARIA;FERRER ORTIZ YVONNE;FERRER ORTIZ MARIA JOSE;ORTIZ GARCIA MARIA ASUNCION;FERRER ORTIZ JOSE MARIA;FERRER ORTIZ YVONNE;FERRER ORTIZ MARIA ASUNCION;FERRER ORTIZ MARIA JOSE. Extinción.  Datos registrales. S 8 , H B 264596, I/A 11 (14.08.26).",https://www.boe.es/diario_borme/xml.php?id=BORME-A-2026-161-08
20260821,A,BARCELONA,387429,TESLEIN S.L,"Revocaciones. ADM.UNICO: MALDONADO DEVESA THALIA. Nombramientos. ADM.UNICO: BORRAS AVILES ALEX.  Datos registrales. S 8 , H B 512336, I/A 4 (14.08.26).",https://www.boe.es/diario_borme/xml.php?id=BORME-A-2026-161-08
20260821,A,BARCELONA,387430,CEMENTOS MOLINS SA,"Revocaciones. M.COM.NOM.RE: MOLINS LOPEZ RODO JOAQUIN MARIA. CONS.INDEPEN: VILLASECA MARCO RAFAEL. M.COM.NOM.RE: FERNANDEZ LARREA SOCORRO. CONS.DOMINIC: MOLINS LOPEZ RODO JOAQUIN MARIA. CONS.INDEPEN: VILLASECA MARCO RAFAEL;FERNANDEZ LARREA SOCORRO. CONS.DOMINIC: MOLINS GIL JOAQUIN MARIA;RIVERA MOLINS CARLES. VICEPRESID.1: MOLINS GIL JOAQUIN MARIA. VICEPRESID.2: MOLINS LOPEZ RODO JOAQUIN. MBRO.COM.AUD: VILLASECA MARCO RAFAEL. PRE.COM.AUD.: VILLASECA MARCO RAFAEL. M.COM.NOM.RE: MOLINS GIL JOAQUIN MARIA. MBRO.COM.AUD: FERNANDEZ LARREA SOCORRO;VILLASECA MARCO RAFAEL;VILLASECA MARCO RAFAEL. PRE.COM.AUD.: VILLASECA MARCO RAFAEL. Nombramientos. CONS.DOMINIC: RIVERA MOLINS CARLES;MOLINS AMAT PABLO. VICEPRESID.2: MOLINS AMAT PABLO. CONS.DOMINIC: MONFORT GUASCH IGNACIO. CONS.INDEPEN: VILLASECA MARCO RAFAEL. PRE.COMS.AUD: VILLASECA MARCO RAFAEL. CONS.INDEPEN: GOMEZ DE BARREDA TOUS DE MONSALVE CARMEN. MBRO.COM.AUD: GOMEZ DE BARREDA TOUS DE MONSALVE CARMEN. CONS.INDEPEN: SANTAMARIA MARTIN ANGELES. M.COM.NOM.RE: SANTAMARIA MARTIN ANGELES. VICEPRESID.1: MOLINS DOMINGO BEATRIZ. MBRO.COM.AUD: VILLASECA MARCO RAFAEL.  Datos registrales. S 8 , H B 4224, I/A 378 (14.08.26).",https://www.boe.es/diario_borme/xml.php?id=BORME-A-2026-161-08
20260821,A,BARCELONA,387431,LABORATORIO DIGITAL HIGH TEETH SL,"Revocaciones. ADM.UNICO: CORUS DENTAL INSTITUTE SL. Nombramientos. ADM.SOLIDAR.: CORUS DENTAL INSTITUTE SL;CORUS EUROPE BV. REPR.143 RRM: ROMA VIVES JUAN.  Datos registrales. S 8 , H B 472658, I/A 16 (14.08.26).",https://www.boe.es/diario_borme/xml.php?id=BORME-A-2026-161-08
20260821,A,BARCELONA,387432,INFOCITY1520 BCN S.L,"Revocaciones. ADM.UNICO: GONZALEZ GARCIA JORGE. Nombramientos. ADM.UNICO: ALBERDI SEWELL POL MIQUEL. Otros conceptos: DECLARACION DE CAMBIO DE SOCIO UNICO,SIENDO EL NUEVO SOCIO UNICO LA MERCANTIL ""GLOBAL BUSINESS FORUM SL"".  Datos registrales. S 8 , H B 586463, I/A 2 (14.08.26).",https://www.boe.es/diario_borme/xml.php?id=BORME-A-2026-161-08
20260821,A,BARCELONA,387433,FST BARCELONA NEWCO S.L,"Revocaciones. ADM.UNICO: CERES BIDCO SL. REPR.143 RRM: FREDERIC JOSENHANS. Nombramientos. ADM.UNICO: CRESCO HOTELS INVEST SL. REPR.143 RRM: MATTHIEU JEAN GUY DRACS. Otros conceptos: DECLARACION DE CAMBIO DE SOCIO UNICO. SIENDO EL NUEVO SOCIO: LA COMPAÑIA ""CRESCO HOTELS INVEST, S.L."".  Datos registrales. S 8 , H B 629161, I/A 13 (14.08.26).",https://www.boe.es/diario_borme/xml.php?id=BORME-A-2026-161-08
20260821,A,BARCELONA,387434,FABRINET SL,"Revocaciones. ADMINISTR.: ROCA VALLEJO REMEI. Nombramientos. ADM.UNICO: BADENES CACICEDO ALBERT. Otros conceptos: PERDIDA DE LA CONDICION DE SOCIEDAD UNIPERSONAL.  Datos registrales. S 8 , H B 131624, I/A 6 (14.08.26).",https://www.boe.es/diario_borme/xml.php?id=BORME-A-2026-161-08
20260821,A,BARCELONA,387435,SCMGROUP ESPAÑA SA,"Nombramientos. CONSEJERO: PIETRO GHELLER.  Datos registrales. S 8 , H B 40166, I/A 71 (14.08.26).",https://www.boe.es/diario_borme/xml.php?id=BORME-A-2026-161-08
20260821,A,BARCELONA,387436,HABITATGE METROPOLIS BARCELONA S.A,"Nombramientos. CONSEJERO: ANTONELL MASSUET BEGOÑA. CONS.INDEPEN: MONTSERRAT MIRO JOSEP RAMON.  Datos registrales. S 8 , H B 517889, I/A 21 (14.08.26).",https://www.boe.es/diario_borme/xml.php?id=BORME-A-2026-161-08
20260821,A,BARCELONA,387437,PRENSA IBERICA MEDIA SL,"Revocaciones. CONSEJERO: VIÑALS CAÑELLAS JUAN. SECRETARIO: VIÑALS CAÑELLAS JUAN. CONSEJERO: PUJADO VIUSA PEDRO. Nombramientos. CONSEJERO: ALCOLEA VELAZQUEZ ALVARO;GUILLOT PICHOT SERGI;SAEZ CASAS ALBERT. SECR.NO CONS: VIÑALS CAÑELLAS JUAN.  Datos registrales. S 8 , H B 474347, I/A 18 (14.08.26).",https://www.boe.es/diario_borme/xml.php?id=BORME-A-2026-161-08
20260821,A,BARCELONA,387438,MARMEDSA D.M.C. S.L,"Nombramientos. APOD.SOL/MAN: JOAO CARLOS VENDEIRINHO ALMEIDA;MORA ACEVES RAQUEL.  Datos registrales. S 8 , H B 577452, I/A 19 (15.08.26).",https://www.boe.es/diario_borme/xml.php?id=BORME-A-2026-161-08
20260821,A,BARCELONA,387439,FARHI VENTURES S.L,"Revocaciones. ADM.UNICO: FARHI RODRIG DAN. Nombramientos. ADM.SOLIDAR.: FARHI RODRIG DAN;RADO FARHI SHIRA. Otros conceptos: DECLARACION DE LA PERDIDA DE LA CONDICION DE UNIPERSONAL.  Datos registrales. S 8 , H B 572445, I/A 11 (14.08.26).",https://www.boe.es/diario_borme/xml.php?id=BORME-A-2026-161-08
20260821,A,BARCELONA,387440,SANCHEZ ROTULOS Y APLICACION S.L,"Revocaciones. ADM.UNICO: SANCHEZ LOPEZ MARIA. Nombramientos. ADM.UNICO: SANCHEZ NUÑEZ FRANCISCO DAVID.  Datos registrales. S 8 , H B 594111, I/A 3 (14.08.26).",https://www.boe.es/diario_borme/xml.php?id=BORME-A-2026-161-08
20260821,A,BARCELONA,387441,COMBALIA AGENCIA MARITIMA SA,"Nombramientos. APOD.SOL/MAN: JOAO CARLOS VENDEIRINHO ALMEIDA;MORA ACEVES RAQUEL.  Datos registrales. S 8 , H B 69476, I/A 307 (15.08.26).",https://www.boe.es/diario_borme/xml.php?id=BORME-A-2026-161-08
20260821,A,BARCELONA,387442,MANIPULATS DEL PAPER I FILLS SL,"Revocaciones. ADM.SOLIDAR.: CASADO PASARELL ALBERT;CASADO PASARELL CARLOS. Nombramientos. ADM.UNICO: CASADO PASARELL ALBERT.  Datos registrales. S 8 , H B 405827, I/A 6 (14.08.26).",https://www.boe.es/diario_borme/xml.php?id=BORME-A-2026-161-08
20260821,A,BARCELONA,387443,APM TERMINALS BARCELONA S.L,"Nombramientos. AUDIT.CUENT.: PRICEWATERHOUSECOOPERS AUDITORES SL.  Datos registrales. S 8 , H B 201783, I/A 96 (14.08.26).",https://www.boe.es/diario_borme/xml.php?id=BORME-A-2026-161-08
20260821,A,BARCELONA,387444,LOGIX NEXON S.L,"Constitución. Comienzo de operaciones: 23.07.26. Objeto social: LA PROGRAMACION INFORMATICA PARA EL CONTROL DE SALAS BLANCAS, EL DESARROLLO, DISEÑO, IMPLANTACION, COMERCIALIZACION Y MANTENIMIENTO DE SOFTWARE Y SISTEMAS DE CONTROL, ETC. Domicilio: CL CLAUDIA NUM.11 (GURB). Capital: 3.000,00 Euros. Nombramientos. ADM.UNICO: GRAU VILLAESCUSA JORDI.  Datos registrales. S 8 , H B 662323, I/A 1 (14.08.26).",https://www.boe.es/diario_borme/xml.php?id=BORME-A-2026-161-08
20260821,A,BARCELONA,387445,OBRAS OLMO SL,"Nombramientos. ADM.UNICO: VARGAS FERNANDEZ NICOLAS.  Datos registrales. S 8 , H B 31178, I/A 9 (14.08.26).",https://www.boe.es/diario_borme/xml.php?id=BORME-A-2026-161-08
20260821,A,BARCELONA,387446,ETRI GLOBAL S.L,"Constitución. Comienzo de operaciones: 23.07.26. Objeto social: 8299 OTRAS ACTIVIDADES DE APOYO A LAS EMPRESAS OTRAS ACTIVIDADES 4791 COMERCIO AL POR MENOR POR CORRESPONDENCIA O INTERNET SERVICIOS DE PUBLICIDAD, RELACIONES PUBLICAS O SIMILARES. Domicilio: CL LEPANT NUM.270 P.BJ (BARCELONA). Capital: 3.005,00 Euros. Nombramientos. ADM.UNICO: MERYEM ETTAYAA RIZKI. Otros conceptos: DECLARACION DE SOCIEDAD UNIPERSONAL, SIENDO SOCIO UNICO MERYEM ETTAYAA RIZKI.  Datos registrales. S 8 , H B 662317, I/A 1 (14.08.26).",https://www.boe.es/diario_borme/xml.php?id=BORME-A-2026-161-08
20260821,A,BARCELONA,387447,THE FAR EYE S.L,"Constitución. Comienzo de operaciones: 29.07.26. Objeto social: CREAR Y COMERCIALIZAR PRODUCTOS DIGITALES PROPIOS. PRESTAR SERVICIOS TECNOLOGICOS A TERCEROS. EXPLORAR CONTENIDOS Y ACTIVOS DIGITALES. CREAR Y GESTIONAR PROYECTOS DE SOFTWARE E INTELIGENCIA ARTIFICIAL.ETC. Domicilio: LG PUERTO DEPORTIVO MASNOU, LOCAL NUM. 49 (MASNOU (EL)). Capital: 3.000,00 Euros. Nombramientos. ADM.UNICO: JORGE SENTIES TAMBORERO.  Datos registrales. S 8 , H B 662310, I/A 1 (14.08.26).",https://www.boe.es/diario_borme/xml.php?id=BORME-A-2026-161-08
20260821,A,BARCELONA,387448,MC 9396 S.L,"Constitución. Comienzo de operaciones: 29.06.26. Objeto social: 55.10 HOTELES Y ALOJAMIENTOS SIMILARES -55.20 ALOJAMIENTOS TURISTICOS Y OTROS ALOJAMIENTOS DE CORTA ESTANCIA -55.40 ACTIVIDADES DE INTERMEDIACION PARA LOS SERVICIOS DE ALOJAMIENTO. ETC.-55.90 OTROS SERVICIOS DE ALOJAMIENTO. Domicilio: CL GRAN VIA DE CARLES III NUM.98 P.10 (BARCELONA). Capital: 1.001.000,00 Euros. Nombramientos. ADM.SOLIDAR.: DE ESPONA PLANA MIGUEL;DE ESPONA PLANA CARLOS. Otros conceptos: DECLARACION DE SOCIEDAD UNIPERSONAL, SIENDO SOCIO UNICO MIGUEL DE ESPONA VILARRUBIA.  Datos registrales. S 8 , H B 662278, I/A 1 (14.08.26).",https://www.boe.es/diario_borme/xml.php?id=BORME-A-2026-161-08
20260821,A,BARCELONA,387449,PAMAME 25 S.L,"Constitución. Comienzo de operaciones: 29.06.26. Objeto social: 55.90 OTROS SERVICIOS DE ALOJAMIENTO -68.20 ALQUILERES DE BIENES INMOBILIARIOS POR CUENTA PROPIA -55.10 HOTELESY ALOJAMIENTOS SIMILARES 55.40ACTIVIDADES DE INTERRNEDIADON PARA LOS SERVICIOS DE ALOJAMIENTO ,ETC. Domicilio: CL ROSSELLO NUM.242 (BARCELONA). Capital: 1.001.000,00 Euros. Nombramientos. ADM.UNICO: DE ESPONA VILARRUBIA PEDRO. Otros conceptos: DECLARACION DE SOCIEDAD UNIPERSONAL, SIENDO SOCIO UNICO PEDRO DE ESPONA VILARRUBIA.  Datos registrales. S 8 , H B 662279, I/A 1 (14.08.26).",https://www.boe.es/diario_borme/xml.php?id=BORME-A-2026-161-08
20260821,A,BARCELONA,387450,MAMUJUD S.L,"Constitución. Comienzo de operaciones: 29.07.26. Objeto social: EL COMERCIO AL POR MENOR DE TODA CLASE DE PRODUCTOS ALIMENTICIOS EN ESTABLECIMIENTOS NO ESPECIALIZADOS, CON PREDOMINIO EN PRODUCTOS ALIMENTICIOS, BEBIDAS Y TABACO. ETC. Domicilio: CL DE LA MARE DE DEU DEL PORT NUM.389 P.3 PTA.1 (BARCELONA). Capital: 3.000,00 Euros. Nombramientos. ADM.UNICO: LAKROUNI AMJOUN BOUCHRA.  Datos registrales. S 8 , H B 662320, I/A 1 (14.08.26).",https://www.boe.es/diario_borme/xml.php?id=BORME-A-2026-161-08
20260821,A,BARCELONA,387451,XUAN LY NAILS S.L,"Constitución. Comienzo de operaciones: 30.07.26. Objeto social: ACTIVIDADES DE CUIDADOS DE BELLEZA Y OTRAS ACTIVIDADES DE TRATAMIENTO DE BELLEZA (CNAE 9622). CNAE CORRESPONDIENTE A LA ACTIVIDAD PRINCIPAL 9622. OTRAS ACTIVIDADES: PELUQUERIAS Y BARBERIAS. BARES,RESTAURANTES,ETC. Domicilio: CM RAL DE LA MERCE, 428 LOAL (MATARO). Capital: 3.000,00 Euros. Nombramientos. ADM.UNICO: XUAN LY DANG. Otros conceptos: DECLARACION DE SOCIEDAD UNIPERSONAL, SIENDO SOCIO UNICO XUAN LY DANG.  Datos registrales. S 8 , H B 662213, I/A 1 (15.08.26).",https://www.boe.es/diario_borme/xml.php?id=BORME-A-2026-161-08
20260821,A,BARCELONA,387452,LA ACADEMIA DE LLIÇA S.L,"Constitución. Comienzo de operaciones: 30.07.26. Objeto social: LOS SERVICIOS DE ORIENTACION ACADEMICA, FORMATIVA Y PEDAGOGICA. ORGANIZACION, GESTION Y DESARROLLO DE ACTIVIDADES DE APOYO ESCOLAR, REFUERZO EDUCATIVO, SERVICIOS DE TUTORIA Y SEGUIMIENTO. ETC. Domicilio: AV MONTSERRAT, 29-31 (LLISSA DE VALL). Capital: 3.000,00 Euros. Nombramientos. ADM.UNICO: OMS BALAGUER EVA.  Datos registrales. S 8 , H B 662345, I/A 1 (14.08.26).",https://www.boe.es/diario_borme/xml.php?id=BORME-A-2026-161-08
20260821,A,BARCELONA,387453,MAISON MALET S.L,"Constitución. Comienzo de operaciones: 28.07.26. Objeto social: ACTUAR COMO SOCIEDAD HOLDING MEDIANTE LA PARTICIPACION EN EL CAPITAL DE SOCIEDADES Y ENTIDADES RESIDENTES Y NO RESIDENTES EN TERRITORIO ESPAÑOL, DIRIGIENDO Y GESTIONANDO DICHAS PARTICIPACINES Y ACCIONES SOCIALES.ETC. Domicilio: CL BALMES NUM.345 P.4 PTA.1 (BARCELONA). Capital: 1,00 Euros. Nombramientos. ADM.UNICO: MALET CAMIN JORGE AMADO. Otros conceptos: DECLARACION DE SOCIEDAD UNIPERSONAL, SIENDO SOCIO UNICO JORGE AMADO MALET CAMIN. Datos registrales. S 8 , H B 662339, I/A 1 (14.08.26).",https://www.boe.es/diario_borme/xml.php?id=BORME-A-2026-161-08
20260821,A,BARCELONA,387454,RUTA TIR SL,"Otros conceptos: DECLARCION DE SOCIEDAD UNIPERSONAL, SIENDO EL SOCIO UNICO: SERTRANS CATALUNYA S.A.  Datos registrales. S 8 , H B 186154, I/A 7 (14.08.26).",https://www.boe.es/diario_borme/xml.php?id=BORME-A-2026-161-08
20260821,A,BARCELONA,387455,INMOPRILER SL,"Modificaciones estatutarias. MODIFICACION DEL ARTICULO 15 DE LOS ESTATUTOS SOCIALES Y ADICION DE LOS ARTICULOS 12 BIS Y 12 TER A LOS MISMOS.  Datos registrales. S 8 , H B 108885, I/A 12 (14.08.26).",https://www.boe.es/diario_borme/xml.php?id=BORME-A-2026-161-08
20260821,A,BARCELONA,387456,GESTIO AIGUA CALELLA SL,"Nombramientos. CONSEJERO: BUCH RIGOLA MARC.  Datos registrales. S 8 , H B 446767, I/A 41 (14.08.26).",https://www.boe.es/diario_borme/xml.php?id=BORME-A-2026-161-08
20260821,A,BARCELONA,387457,SANYU GAMES S.L,"Constitución. Comienzo de operaciones: 30.07.26. Objeto social: EL COMERCIO DE JUEGOS Y JUGUETES, DE CUALQUIER MATERIAL. EL COMERCIO DE JUEGOS DE MESA Y CARTAS SELECCIONABLES O DE ROL. LA ORGANIZACION DE TORNEOS DE JUEGOS DE MESA Y CARTAS SIN APUESTAS. LUDOTECA. RESTAURACION.ETC. Domicilio: CL MAJOR, NUM. 56, BAJOS (SANT JOAN DE VILATORRADA). Capital: 3.000,00 Euros. Nombramientos. ADM.SOLIDAR.: SAUL MUÑOZ REINA;AXEL LLULL CASAS;DANIEL ZAMORA RUIZ.  Datos registrales. S 8 , H B 662337, I/A 1 (14.08.26).",https://www.boe.es/diario_borme/xml.php?id=BORME-A-2026-161-08
20260821,A,BARCELONA,387458,FLRG 1 INVEST S.L,"Otros conceptos: DECLARACION DE CAMBIO DE SOCIO UNICO. NUEVO SOCIO UNICO: POL GAY CALVO.  Datos registrales. S 8 , H B 657628, I/A 2 (15.08.26).",https://www.boe.es/diario_borme/xml.php?id=BORME-A-2026-161-08
20260821,A,BARCELONA,387459,DGS REAL ESTATE BCN 1972 S.L,"Cambio de domicilio social. CL JOSEP CASTELLA NUM.24 BAJOS PTA.1 (MATARO).  Datos registrales. S 8 , H B 632963, I/A 3 (14.08.26).",https://www.boe.es/diario_borme/xml.php?id=BORME-A-2026-161-08
20260821,A,BARCELONA,387460,KATEC 26 S.L,"Constitución. Comienzo de operaciones: 28.07.26. Objeto social: LA REALIZACION DE MANIPULACIONES, EMPAQUETADO, EMBALAJE Y PREPARACION DE PRODUCTOS DE PULPA, PAPEL Y CARTON, ASI COMO DE ENVASES Y EMBALAJES DE TODA CLASE, ETC.Domicilio: CR RIPOLLET B-141, KM 3,9, P.I. SANTIGA (SANTA PERPETUA DE MOGODA). Capital: 10.000,00 Euros. Nombramientos. CONSEJERO: PINOSA VILALTA XAVIER;PETIT VILARO CARLOS;PASCUAL GALAN JULIO JESUS. PRESIDENTE: PINOSA VILALTA XAVIER. SECRETARIO: PETIT VILARO CARLOS.  Datos registrales. S 8 , H B 662257, I/A 1 (14.08.26).",https://www.boe.es/diario_borme/xml.php?id=BORME-A-2026-161-08
20260821,A,BARCELONA,387461,JCF PROCESS TECHNOLOGY S.L,"Revocaciones. ADM.UNICO: ROVIRA GINESTA MARGARITA. Nombramientos. ADM.UNICO: CLOSA FERRER JOSE. Otros conceptos: PERDIDA DE LA CONDICION DE SOCIEDAD UNIPERSONAL.  Datos registrales. S 8 , H B 619340, I/A 3 (14.08.26).",https://www.boe.es/diario_borme/xml.php?id=BORME-A-2026-161-08
20260821,A,BARCELONA,387462,COVERENT VALLES S.L,"Revocaciones. ADM.UNICO: GIRA S. XXI RECUPERACIONES S.L. REPR.143 RRM: PUIGANTELL ULLES MARCEL. Nombramientos. ADM.UNICO: BUINA EXPERT SL. REPR.143 RRM: MORELL GARCIA ANDREU. Otros conceptos: DECLARACION DE UNIPERSONALIDAD. SOCIO UNICO: BUINA EXPERT S.L. Cambio de domicilio social. CL CAMI DE LES ARENES Num.63 (SANTPEDOR).  Datos registrales. S 8 , H B 638485, I/A 2 (15.08.26).",https://www.boe.es/diario_borme/xml.php?id=BORME-A-2026-161-08
20260821,A,BARCELONA,387463,SUMED XXI SL,"Otros conceptos: DECLARACION DE UNIPERSONALIDAD. SOCIO UNICO: MANUELA CORONA CORONA.  Datos registrales. S 8 , H B 182081, I/A 8 (14.08.26).",https://www.boe.es/diario_borme/xml.php?id=BORME-A-2026-161-08
20260821,A,BARCELONA,387464,ESTUDI RAMBLA PRIM 2026 S.L,"Constitución. Comienzo de operaciones: 28.07.26. Objeto social: COMO ACTIVIDAD PRINCIPAL : INTERMEDIACION Y PROMOCION INMOBILIARIA CNAE 68.31. Domicilio: CL BINEFAR 2 LOCAL 3 (BARCELONA). Capital: 3.000,00 Euros. Nombramientos. ADM.UNICO: ALBALA CERVIGON JULIAN. Otros conceptos: DECLARACION DE SOCIEDAD UNIPERSONAL, SIENDO SOCIO UNICO JULIAN ALBALA CERVIGON.  Datos registrales. S 8 , H B 662335, I/A 1 (15.08.26).",https://www.boe.es/diario_borme/xml.php?id=BORME-A-2026-161-08
20260821,A,BARCELONA,387465,OPENERS AND CLOSERS SL,"Nombramientos. AUDIT.CUENT.: M AUDIT SLP.  Datos registrales. S 8 , H B 33637, I/A 13 (14.08.26).",https://www.boe.es/diario_borme/xml.php?id=BORME-A-2026-161-08
20260821,A,BARCELONA,387466,GLOBAL AUTO PARTS S.L,"Constitución. Comienzo de operaciones: 29.07.26. Objeto social: COMERCIO AL POR MAYOR DE REPUESTOS Y ACCESORIOS DE VEHICULOS DE MOTOR. OTRAS ACTIVIDADES DE APOYO A LAS EMPRESAS N.C.O.P.. OTROS SERVICIOS RELACIONADOS CON LAS TECNOLOGIAS DE LA INFORMACION Y LA INFORMATICA, ETC. Domicilio: CL DELS ENAMORATS, 147, LOCAL 1 (BARCELONA). Capital: 3.000,00 Euros. Nombramientos. ADM.UNICO: AHMED CHERGUI. Otros conceptos: DECLARACION DE SOCIEDAD UNIPERSONAL, SIENDO SOCIO UNICO AHMED CHERGUI.  Datos registrales. S 8 , H B 662264, I/A 1 (14.08.26).",https://www.boe.es/diario_borme/xml.php?id=BORME-A-2026-161-08
20260821,A,BARCELONA,387467,CRISTALLERIES I SANITARIS FORN S.A,"Nombramientos. AUDIT.CUENT.: FAURA CASAS AUDITORS CONSULTORS SL.  Datos registrales. S 8 , H B 60558, I/A 60 (14.08.26).",https://www.boe.es/diario_borme/xml.php?id=BORME-A-2026-161-08
20260821,A,BARCELONA,387468,VILANOVA PARK SA,"Nombramientos. AUDIT.CUENT.: FAURA CASAS AUDITORS CONSULTORS SL.  Datos registrales. S 8 , H B 60992, I/A 47 (14.08.26).",https://www.boe.es/diario_borme/xml.php?id=BORME-A-2026-161-08
20260821,A,BARCELONA,387469,CH CHILD BCN SL,"Revocaciones. AUDIT.CUENT.: UNIAUDIT OLIVER CAMPS SL.  Datos registrales. S 8 , H B 439340, I/A 32 (14.08.26).",https://www.boe.es/diario_borme/xml.php?id=BORME-A-2026-161-08
20260821,A,BARCELONA,387470,EXPANSE SL,"Revocaciones. PRESIDENTE: PASCUAL DEL POBIL YSERN JAIME. Nombramientos. PRESIDENTE: RODENAS MARTINEZ ENRIQUE.  Datos registrales. S 8 , H B 63720, I/A 43 (14.08.26).",https://www.boe.es/diario_borme/xml.php?id=BORME-A-2026-161-08
20260821,A,BARCELONA,387471,TECNOTRANS BONFIGLIOLI SA,"Cambio de objeto social. LA COMERCIALIZACION AL POR MAYOR DE COMPONENTES,ACCESORIOS Y SERVICIOS INDUSTRIALES Y EN ESPECIAL, DE MOTORES ELECTRICOS,ETC.  Datos registrales. S 8 , H B 68598, I/A 115 (14.08.26).",https://www.boe.es/diario_borme/xml.php?id=BORME-A-2026-161-08
20260821,A,BARCELONA,387472,DUPRINT SA,"Nombramientos. ADM.UNICO: LLANAS ARMET AGUSTIN.  Datos registrales. S 8 , H B 61684, I/A 17 (14.08.26).",https://www.boe.es/diario_borme/xml.php?id=BORME-A-2026-161-08
20260821,A,BARCELONA,387473,ARCHITECTURE OFFICE CLAUDIA RAURELL S.L.P,"Constitución. Comienzo de operaciones: 30.07.26. Objeto social: EL DESARROLLO DE LA ACTIVIDAD DE LA ARQUITECTURA EN TODAS SUS VERTIENTES. Domicilio: CL VALLIRANA NUM.30 P.2 PTA.2 (BARCELONA). Capital: 3.000,00 Euros. Nombramientos. ADM.UNICO: RAURELL CARULLA CLAUDIA. Otros conceptos: LA SOCIA PROFESIONAL ES CLAUDIA RAURELL CARULLA, Y LA SOCIA NO PROFESIONAL ES MARIA RAURELL CARULLA.  Datos registrales. S 8 , H B 662333, I/A 1 (15.08.26).",https://www.boe.es/diario_borme/xml.php?id=BORME-A-2026-161-08
20260821,A,BARCELONA,387474,GINEBRET CORPORATE S.L,"Revocaciones. ADM.UNICO: MARTIN PASTOR JUAN JOSE. Nombramientos. ADM.UNICO: ZHU DONG YANYAN. Otros conceptos: DECLARACION DE CAMBIO DE SOCIO UNICO SIENDO EL NUEVO SOCIO UNICO DOÑA YANYAN ZHU DONG.  Datos registrales. S 8 , H B 537004, I/A 7 (14.08.26).",https://www.boe.es/diario_borme/xml.php?id=BORME-A-2026-161-08
20260821,A,BARCELONA,387475,ATNORA CAPITAL S.L,"Constitución. Comienzo de operaciones: 30.07.26. Objeto social: TENENCIA, GESTION Y ADMINISTRACION DE PARTICIPACIONES EN EL CAPITAL DE OTRAS SOCIEDADES O ENTIDADES, TANTO NACIONALES COMO EXTRANJERAS,INCLUYENDO DIRECCION,COORDINACION,GESTION OPERATIVA DE DICHAS SOCIEDADES, ETC. Domicilio: PS EUSEBI GUELL NUM.10 P.3 PTA.D (BARCELONA). Capital: 3.000,00 Euros. Nombramientos. ADM.UNICO: NIETO RIERA ALBERT. Otros conceptos: DECLARACION DE SOCIEDAD UNIPERSONAL, SIENDO SOCIO UNICO ALBERT NIETO RIERA.  Datos registrales. S 8 , H B 662298, I/A 1 (14.08.26).",https://www.boe.es/diario_borme/xml.php?id=BORME-A-2026-161-08
20260821,A,BARCELONA,387476,GERMIMACA HOLDING S.L,"Constitución. Comienzo de operaciones: 27.07.26. Objeto social: LA TENENCIA, GESTION Y ADMINISTRACION DE PARTICIPACIONES SOCIALES, ACCIONES Y OTROS VALORES REPRESENTATIVOS DE LOS FONDOS PROPIOS DE OTRAS ENTIDADES, ASI COMO LA DIRECCION Y CONTROL DE LAS ACTIVIDADES EMPRESARIALES , ETC. Domicilio: CL MALLORCA NUM.164 P.1 PTA.2 (BARCELONA). Capital: 3.000,00 Euros. Nombramientos. ADM.UNICO: VARGAS TELLEZ CARLOTA. Otros conceptos: DECLARACION DE SOCIEDAD UNIPERSONAL, SIENDO SOCIO UNICO CARLOTA VARGAS TELLEZ.  Datos registrales. S 8 , H B 662342, I/A 1 (14.08.26).",https://www.boe.es/diario_borme/xml.php?id=BORME-A-2026-161-08
20260821,A,BARCELONA,387477,AXPATH LABS S.L,"Constitución. Comienzo de operaciones: 29.07.26. Objeto social: EL DESARROLLO, DISEÑO, INVESTIGACION, MANTENIMIENTO, ACTUALIZACION, COMERCIALIZACION, CESION, LICENCIA, IMPLANTACION, INTEGRACION Y EXPLOTACION DE PROGRAMAS INFORMATICOS, APLICACIONES, PLATAFORMAS TECNOLOGICAS, ETC. Domicilio: CM DE CAN AMETLLER, 24, EDIF. 2, PLANTA 2 (SANT CUGAT DEL VALLES). Capital: 3.000,00 Euros. Nombramientos. ADM.UNICO: SENI INVESTMENTS S.L. REPR.143 RRM: DEU ESTAPE BERNAT.  Datos registrales. S 8 , H B 662350, I/A 1 (14.08.26).",https://www.boe.es/diario_borme/xml.php?id=BORME-A-2026-161-08
20260821,A,BARCELONA,387478,CUBIK360 S.L,"Constitución. Comienzo de operaciones: 24.07.26. Objeto social: CONSTRUCCION, INSTALACIONES Y MANTENIMIENTO. IMPORTACION, EXPORTACOIN, COMERCIO AL POR MENOR Y MAYOR, INCLUYENDO EL COMERCIO POR INTERNET, FABRICACION, DISTRIBUCION, E INTERMEDIACION COMERCIAL DE EQUIPOS INFORMATICOS, ETC. Domicilio: CL BALUARD NUM.6 P.2 PTA.3 (SANT PERE DE RIBES). Capital: 3.000,00 Euros. Nombramientos. ADM.UNICO: ESMORIS LLORCA ALBERTO.  Datos registrales. S 8 , H B 662352, I/A 1 (14.08.26).",https://www.boe.es/diario_borme/xml.php?id=BORME-A-2026-161-08
20260821,A,BARCELONA,387479,SUSHI SUPER JAPON S.L,"Constitución. Comienzo de operaciones: 19.06.26. Objeto social: CNAE 5611 RESTAURANTES Y 5612 PUESTOS DE COMIDAS. Domicilio: AV DRASSANES NUM.29 P.EN PTA.2 (BARCELONA). Capital: 1,00 Euros. Nombramientos. ADM.UNICO: ZAMAN BABLUZ. Otros conceptos: DECLARACION DE SOCIEDAD UNIPERSONAL, SIENDO SOCIO UNICO ZAMAN BABLUZ.  Datos registrales. S 8 , H B 662303, I/A 1 (14.08.26).",https://www.boe.es/diario_borme/xml.php?id=BORME-A-2026-161-08
20260821,A,BARCELONA,387480,FERVIGRAF 2026 S.L,"Constitución. Comienzo de operaciones: 23.07.26. Objeto social: COMERCIALIZACION DE COMBUSTIBLES, ACCESORIOS Y MAQUINARIA, ASI COMO DE TODO TIPO DE PRODUCTOS, DESTINADOS A LAS ARTES GRAFICAS, TANTO DE IMPRESION OFFSET COMO DIGITAL. ETC. Domicilio: CL DEVESA NUM.2 (MARTORELL). Capital: 3.000,00 Euros. Nombramientos. ADM.UNICO: PEREZ VIZCAINO MARCOS. Otros conceptos: DECLARACION DE SOCIEDAD UNIPERSONAL, SIENDO SOCIO UNICO MARCOS PEREZ VIZCAINO.  Datos registrales. S 8 , H B 662348, I/A 1 (14.08.26).",https://www.boe.es/diario_borme/xml.php?id=BORME-A-2026-161-08
20260821,A,BARCELONA,387481,ALQUILERES Y CONTRATOS SL,"Revocaciones. CONSEJERO: FRADERA OHLSEN ENRIQUE. Nombramientos. CONSEJERO: MIRA FRADERA LUCIA;BELLIDO SOLER MARIA BEGOÑA.  Datos registrales. S 8 , H B 27765, I/A 22 (14.08.26).",https://www.boe.es/diario_borme/xml.php?id=BORME-A-2026-161-08
20260821,A,BARCELONA,387482,COETUSPHARMA S.L,"Otros conceptos: DECLARACION DE UNIPERSONALIDAD. SOCIO UNICO: GNS FARMA SL.  Datos registrales. S 8 , H B 625134, I/A 13 (14.08.26).",https://www.boe.es/diario_borme/xml.php?id=BORME-A-2026-161-08
20260821,A,BARCELONA,387483,CARTERA HOLGAZAN S.L,"Ampliación de capital. Capital: 3.400.000,00 Euros. Resultante Suscrito: 3.403.000,00 Euros.  Datos registrales. S 8 , H B 655247, I/A 2 (14.08.26).",https://www.boe.es/diario_borme/xml.php?id=BORME-A-2026-161-08
20260821,A,BARCELONA,387484,EAJ TERMOSISTEMAS S.L,"Revocaciones. ADM.UNICO: PINDADO GONZALEZ ENRIQUE. LIQUIDADOR: PINDADO GONZALEZ ENRIQUE. Nombramientos. LIQUIDADOR: PINDADO GONZALEZ ENRIQUE. Extinción.  Datos registrales. S 8 , H B 546156, I/A 3 (14.08.26).",https://www.boe.es/diario_borme/xml.php?id=BORME-A-2026-161-08
20260821,A,BARCELONA,387485,JUSELA IBERICOS S.L,"Ampliación de capital. Capital: 10.725,00 Euros. Resultante Suscrito: 43.225,00 Euros.  Datos registrales. S 8 , H B 233203, I/A 7 (14.08.26).",https://www.boe.es/diario_borme/xml.php?id=BORME-A-2026-161-08
20260821,A,BARCELONA,387486,SIRIUS CAPITAL INVESTMENTS S.L,"Constitución. Comienzo de operaciones: 15.07.26. Objeto social: LA SOCIEDAD TIENE POR OBJETO PRINCIPAL: LA GESTION Y ADMINISTRACION DE PARTICIPACIONES EN OTRAS SOCIEDADES, YA SEAN NACIONALES O EXTRANJERAS, ASI COMO LA DIRECCION, ASESORAMIENTO Y CONTROL DE LAS MISMAS. ETC. Domicilio: CL SALVADOR ESPRIU, NUM. 85, BJS. LOCAL 1 (BARCELONA). Capital: 3.000,00 Euros. Nombramientos. ADM.CONJUNTO: JOSEP MARIA BALANYA MARTI;SARA PEÑA PISONERO.  Datos registrales. S 8 , H B 662324, I/A 1 (14.08.26).",https://www.boe.es/diario_borme/xml.php?id=BORME-A-2026-161-08
20260821,A,BARCELONA,387487,SCHARA 1955 S.L,"Ampliación de capital. Capital: 3.997.000,00 Euros. Resultante Suscrito: 4.000.000,00 Euros.  Datos registrales. S 8 , H B 658851, I/A 2 (14.08.26).",https://www.boe.es/diario_borme/xml.php?id=BORME-A-2026-161-08
20260821,A,BARCELONA,387488,DICAL VERTICALS S.L,"Constitución. Comienzo de operaciones: 24.07.26. Objeto social: LA CONSTRUCCION, PROMOCION, URBANIZACION, REFORMA, REPARACION, CONSERVACION DE VIVIENDAS, LOCALES Y TODA CLASE DE EDIFICACIONES. REHABILITACION DE INTERIORES O EXTERIORES. CONSTRUCCION DE TODA CLASE DE OBRAS, ETC. Domicilio: CL VIA BARCINO NUM.48 P.3 (BARCELONA). Capital: 3.000,00 Euros. Nombramientos. ADM.UNICO: DIAZ VINDEL JAVIER DE JESUS.  Datos registrales. S 8 , H B 662299, I/A 1 (14.08.26).",https://www.boe.es/diario_borme/xml.php?id=BORME-A-2026-161-08
20260821,A,BARCELONA,387489,APOPA VENTURES S.L,"Constitución. Comienzo de operaciones: 22.07.26. Objeto social: LA ADQUISICION, SUSCRIPCION, TENENCIA, DISFRUTE, ADMINISTRACION, GESTION, DIRECCION, TRANSMISION Y ENAJENACION, POR CUENTA PROPIA, DE TODA CLASE DE ACCIONES, PARTICIPACIONES SOCIALES, VALORES MOBILIARIOS, ETC. Domicilio: CL BEETHOVEN NUM.15 P.1 PTA.5 (BARCELONA). Capital: 1.000.000,00 Euros. Nombramientos. ADM.UNICO: ESTEVE CRUELLA MARTA. Otros conceptos: DECLARACION DE SOCIEDAD UNIPERSONAL, SIENDO SOCIO UNICO MARTA ESTEVE CRUELLA.  Datos registrales. S 8 , H B 662343, I/A 1 (14.08.26).",https://www.boe.es/diario_borme/xml.php?id=BORME-A-2026-161-08
20260821,A,BARCELONA,387490,YACHTING VENTURE S.L,"Revocaciones. ADM.UNICO: ROSA DEL GAUDIO. LIQUIDADOR: ROSA DEL GAUDIO. Nombramientos. LIQUIDADOR: ROSA DEL GAUDIO. Extinción.  Datos registrales. S 8 , H B 548268, I/A 2 (14.08.26).",https://www.boe.es/diario_borme/xml.php?id=BORME-A-2026-161-08
20260821,A,BARCELONA,387491,BRAVA GOLF TRAVEL S.L,"Constitución. Comienzo de operaciones: 22.07.26. Objeto social: LA ORGANIZACION, ELABORACION, PROMOCION, OFERTA, COMERCIALIZACION Y VENTA DE VIAJES, ESTANCIAS, CIRCUITOS, EXCURSIONES, EXPERIENCIAS TURISTICAS, VIAJES COMBINADOS, ETC. Domicilio: VIA AUGUSTA NUM.244 P.6 PTA.D (BARCELONA). Capital: 5.001,00 Euros. Nombramientos. ADM.UNICO: MILLET PI FIGUERAS JORDI.  Datos registrales. S 8 , H B 662349, I/A 1 (14.08.26).",https://www.boe.es/diario_borme/xml.php?id=BORME-A-2026-161-08
20260821,A,BARCELONA,387492,BEMACAL DE TOT SL,"Revocaciones. ADM.UNICO: DE LUIS JIMENEZ JOSE ALEJANDRO. Otros conceptos: SECCION MERCANTIL TI BARCELONA.P.2,PROCEDIMIENTO ESPECIAL DE LIQUIDACION 323/2024, AUTOS FIRMES 03/09/2024 Y 23/07/2026, APERTURA Y CONCLUSION DEL PROCEDIMIENTO ESPECIAL DE LIQUIDACION PARA MICROEMPRESAS PREVISTO EN LA LEY CONCURSAL. Extinción.  Datos registrales. S 8 , H B 427290, I/A 4 (14.08.26).",https://www.boe.es/diario_borme/xml.php?id=BORME-A-2026-161-08
20260821,A,BARCELONA,387493,GROC LLAR SL,"Otros conceptos: SECCION MERCANTIL TI BARCELONA.PLAZA 2.CONCURSO VOLUNTARIO 1619/2025, AUTO FIRME DE FECHA 16/04/2026, DECLARACION DE CONCURSO VOLUNTARIO;AUTO FIRME 20/07/2026,CONCLUSION DE CONCURSO Y CIERRE PROVISIONAL DE LA HOJA REGISTRAL.  Datos registrales. S 8 , H B 401051, I/A 10 (14.08.26).",https://www.boe.es/diario_borme/xml.php?id=BORME-A-2026-161-08
20260821,A,BARCELONA,387494,"MASTERTECH CAPITAL V, SCR, S.A","Constitución. Comienzo de operaciones: INSCRIP.REGISTRO CNMV. Objeto social: TOMA DE PARTICIPACIONES EN OTRAS ENTIDADES DE CAPITAL RIESGO ASI COMO EN LA TOMA DE PARTICIPACIONES TEMPORALES EN EL CAPITAL DE EMPRESAS NO FINANCIERAS Y DE NATURALEZA NO INMOBILIARIA, ETC. Domicilio: PJ DE LA CONCEPCIO, 7-9 P.1 (BARCELONA). Capital suscrito: 1.200.000,00 Euros. Desembolsado: 300.000,00 Euros. Nombramientos. ADM.UNICO: JORDI JOFRE ARAJOL. AUDIT.CUENT.: VIR AUDIT SLP. ENTI.GESTORA: TALENTA GESTION SGIIC SA. ENT.DEPOSIT.: BANKINTER SA. APODERAD.SOL: JORDI JOFRE ARAJOL. Otros conceptos: DECLARACION DE SOCIEDAD UNIPERSONAL, SIENDO SOCIO UNICO JOHOLDING 2006, S.L. Página web de la sociedad. Creación de la página web corporativa: https://talentagestion.es/.  Datos registrales. S 8 , H B 662341, I/A 1 (14.08.26).",https://www.boe.es/diario_borme/xml.php?id=BORME-A-2026-161-08
20260821,A,BARCELONA,387495,VILALBONS RESIDENCIAL S.L,"Ampliación de capital. Capital: 148.000,00 Euros. Resultante Suscrito: 151.000,00 Euros.  Datos registrales. S 8 , H B 636422, I/A 2 (14.08.26).",https://www.boe.es/diario_borme/xml.php?id=BORME-A-2026-161-08
20260821,A,BARCELONA,387496,DOOFITS S.L,"Revocaciones. ADM.SOLIDAR.: GOMEZ PORRAS PABLO;MORAN CARRO ISMAEL;MORALES PRIETO AURELIO ANTONIO. LIQUIDADOR: MORAN CARRO ISMAEL. Nombramientos. LIQUIDADOR: MORAN CARRO ISMAEL. Extinción.  Datos registrales. S 8 , H B 529635, I/A 5 (14.08.26).",https://www.boe.es/diario_borme/xml.php?id=BORME-A-2026-161-08
20260821,A,BARCELONA,387497,MON SABATES I COMPLEMENTS 2000 SL,"Revocaciones. ADM.SOLIDAR.: CUBEDO VICENTE JOSEP;REBOLLO VEGA MARIA. Nombramientos. ADM.UNICO: CUBERO VICENTE JOSEP. Ampliación de capital. Capital: 160.000,00 Euros. Resultante Suscrito: 473.260,00 Euros.  Datos registrales. S 8 , H B 258913, I/A 5 (15.08.26).",https://www.boe.es/diario_borme/xml.php?id=BORME-A-2026-161-08
20260821,A,BARCELONA,387498,OLIFER PATRIMONIAL S.L,"Ampliación de capital. Capital: 200.000,00 Euros. Resultante Suscrito: 205.000,00 Euros. Cambio de domicilio social. CL ALBENIZ, NUMEROS 9-10 TIENDA 1. (HOSPITALET DE LLOBREGAT (L').  Datos registrales. S 8 , H B 579697, I/A 2 (14.08.26).",https://www.boe.es/diario_borme/xml.php?id=BORME-A-2026-161-08
20260821,A,BARCELONA,387499,SINGLA RESTAURACION Y EVENTOS SL,"Ampliación de capital. Capital: 665.434,00 Euros. Resultante Suscrito: 828.688,00 Euros.  Datos registrales. S 8 , H B 473804, I/A 5 (14.08.26).",https://www.boe.es/diario_borme/xml.php?id=BORME-A-2026-161-08
20260821,A,BARCELONA,387500,PILGRIM CAPITAL PARTNERS S.L,"Ampliación de capital. Capital: 934.485,00 Euros. Resultante Suscrito: 937.485,00 Euros.  Datos registrales. S 8 , H B 611928, I/A 3 (14.08.26).",https://www.boe.es/diario_borme/xml.php?id=BORME-A-2026-161-08
20260821,A,BARCELONA,387501,CVC GRUPO CONSEJEROS SL,"Revocaciones. ADM.UNICO: VILARRUBI CARRIO CARLES. LIQUIDADOR: VILARRUBI I JORDA EDUARD. Nombramientos. LIQUIDADOR: VILARRUBI I JORDA EDUARD. Extinción.  Datos registrales. S 8 , H B 43061, I/A 31 (14.08.26).",https://www.boe.es/diario_borme/xml.php?id=BORME-A-2026-161-08
20260821,A,BARCELONA,387502,RO&TI BCN S.L,"Revocaciones. ADM.UNICO: TEIXIDO CASALPRIM ROSA.  Datos registrales. S 8 , H B 599935, I/A 2 (14.08.26).",https://www.boe.es/diario_borme/xml.php?id=BORME-A-2026-161-08
20260821,A,BARCELONA,387503,INTERNATIONAL COMMERCIALIZATION OF SPORTS RIGHTS SPAIN S.L,"Revocaciones. ADM.CONJUNTO: RODRIGUEZ MORATO POL.  Datos registrales. S 8 , H B 523651, I/A 23 (14.08.26).",https://www.boe.es/diario_borme/xml.php?id=BORME-A-2026-161-08
20260821,A,BARCELONA,387504,AGENCY BY SPORTS AND LIFE S.L,"Revocaciones. ADM.CONJUNTO: RODRIGUEZ MORATO POL.  Datos registrales. S 8 , H B 546854, I/A 11 (14.08.26).",https://www.boe.es/diario_borme/xml.php?id=BORME-A-2026-161-08
20260821,A,BARCELONA,387505,LIVE EXPERIENCE ETAL S.L,"Revocaciones. ADM.CONJUNTO: RODRIGUEZ MORATO POL.  Datos registrales. S 8 , H B 585295, I/A 6 (14.08.26).",https://www.boe.es/diario_borme/xml.php?id=BORME-A-2026-161-08
20260821,A,BARCELONA,387506,OMNIFECT IBERICA S.L,"Revocaciones. ADM.UNICO: FERNANDEZ DE LA LASTRA ARIEL.  Datos registrales. S 8 , H B 539067, I/A 4 (14.08.26).",https://www.boe.es/diario_borme/xml.php?id=BORME-A-2026-161-08
20260821,A,BARCELONA,387507,VIFONT CAPITAL S.L,"Ampliación de capital. Capital: 148.000,00 Euros. Resultante Suscrito: 1.478.364,00 Euros.  Datos registrales. S 8 , H B 556336, I/A 5 (14.08.26).",https://www.boe.es/diario_borme/xml.php?id=BORME-A-2026-161-08
20260821,A,BARCELONA,387508,GINARPRADOS SL,"Revocaciones. ADM.SOLIDAR.: PRATS ESTRADERA NARCISO. Fusión por absorción. Sociedades absorbidas: JORNARPRADOS SL.  Datos registrales. S 8 , H B 186010, I/A 16 (14.08.26).",https://www.boe.es/diario_borme/xml.php?id=BORME-A-2026-161-08
20260821,A,BARCELONA,387509,JORNARPRADOS SL,"Revocaciones. ADM.SOLIDAR.: PRATS ESTRADERA NARCISO. Extinción.  Datos registrales. S 8 , H B 337028, I/A 8 (14.08.26).",https://www.boe.es/diario_borme/xml.php?id=BORME-A-2026-161-08
20260821,A,BARCELONA,387510,KILOMETROS EN MARCHA S.L,"Revocaciones. ADM.UNICO: VELEZ FERRERA ANDRES. Nombramientos. ADM.UNICO: MATONS VALERO JAVIER. Cambio de domicilio social. CL LA FONT Num.24 (SANTA MARGARIDA DE MONTBUI). Cambio de objeto social. ACTIVIDAD PRINCIPAL: CNAE 68.20. ALQUILER DE BIENES INMOBILIARIOS POR CUENTA PROPIA. LAS ACTIVIDADES QUE CONSTITUYEN EL OBJETO SOCIAL PODRAN SER DESARROLLADAS DIRECTA O INDIRECTAMENTE A TRAVES DE LA CONSTITUCION, ETC.  Datos registrales. S 8 , H B 650617, I/A 2 (14.08.26).",https://www.boe.es/diario_borme/xml.php?id=BORME-A-2026-161-08
20260821,A,BARCELONA,387511,DHAUZ IAES S.L,"Cambio de denominación social. HAYKA IAES S.L.  Datos registrales. S 8 , H B 661371, I/A 2 (14.08.26).",https://www.boe.es/diario_borme/xml.php?id=BORME-A-2026-161-08
20260821,A,BARCELONA,387512,ERKHO-SIDER SL,"Cambio de domicilio social. LG PORT ESPORTIU PREMIA DE MAR, EDIF.1,ALTILLO 1 (PREMIA DE MAR).  Datos registrales. S 8 , H B 496582, I/A 9 (14.08.26).",https://www.boe.es/diario_borme/xml.php?id=BORME-A-2026-161-08
20260821,A,BARCELONA,387513,SERVEIS ASSISTENCIALS TERCIARIS SL,"Otros conceptos: DECLARACION DE UNIPERSONALIDAD. SOCIO UNICO: JORDI MORIST RIBERA.  Datos registrales. S 8 , H B 130047, I/A 11 (14.08.26).",https://www.boe.es/diario_borme/xml.php?id=BORME-A-2026-161-08
20260821,A,BARCELONA,387514,GRUPO ERKHO SIDER SL,"Cambio de domicilio social. LG PORT ESPORTIU PREMIA DE MAR ED.1 ALTILLO 1 (PREMIA DE MAR).  Datos registrales. S 8 , H B 3054, I/A 12 (14.08.26).",https://www.boe.es/diario_borme/xml.php?id=BORME-A-2026-161-08
20260821,A,BARCELONA,387515,ERKHO ESTATE SL,"Cambio de domicilio social. LG PORT ESPORTIU PREMIA DE MAR ED.1 ALTILLO 1 (PREMIA DE MAR).  Datos registrales. S 8 , H B 490973, I/A 6 (14.08.26).",https://www.boe.es/diario_borme/xml.php?id=BORME-A-2026-161-08
20260821,A,BARCELONA,387516,"MY HOME, MY KINGDOM S.L","Revocaciones. ADM.SOLIDAR.: DE MARCOS HIDALGO LAURA;JIMENEZ DE MARCOS RAUL. LIQUIDADOR: DE MARCOS HIDALGO LAURA. Nombramientos. LIQUIDADOR: DE MARCOS HIDALGO LAURA. Extinción.  Datos registrales. S 8 , H B 566127, I/A 2 (14.08.26).",https://www.boe.es/diario_borme/xml.php?id=BORME-A-2026-161-08
20260821,A,BARCELONA,387517,TALENOM S.L,"Otros conceptos: No aprobacion de las cuentas anuales correspondientes al ejercicio 2024 (Art. 378.5 del Reglamento del Registro Mercantil).  Datos registrales. S 8 , H B 466053, I/A 38 (14.08.26).",https://www.boe.es/diario_borme/xml.php?id=BORME-A-2026-161-08
20260821,A,BARCELONA,387518,TECHNOMEDIA SOLUTIONS SL,"Cambio de domicilio social. CL ARNAU DE MERCADER Num.8 (CORNELLA DE LLOBREGAT). Cambio de objeto social. OTRAS ACTIVIDADES DE IMPRESION Y ARTES GRAFICAS. ESTA CLASE COMPRENDE EXCLUSIVAMENTE LA PRESTACION DE SERVICIOS DE IMPRESION (EXCLUYENDO LA FABRICACION DE BIENES) Y INCLUYE ESPECIFICAMENTE: IMPRESION EDITORIAL I COMERCIAL,ETC.  Datos registrales. S 8 , H B 432785, I/A 4 (14.08.26).",https://www.boe.es/diario_borme/xml.php?id=BORME-A-2026-161-08
20260821,A,BARCELONA,387519,DEXCASELIVA SL,"Otros conceptos: DECLARACION DE UNIPERSONALIDAD. SOCIO UNICO: LLUIS BENEDI PICAÑOL.  Datos registrales. S 8 , H B 337628, I/A 11 (14.08.26).",https://www.boe.es/diario_borme/xml.php?id=BORME-A-2026-161-08
20260821,A,BARCELONA,387520,LVGN S.L,"Cambio de domicilio social. CL EMILIO ALCALA GALIANO Num.25 (CORNELLA DE LLOBREGAT).  Datos registrales. S 8 , H B 622749, I/A 3 (14.08.26).",https://www.boe.es/diario_borme/xml.php?id=BORME-A-2026-161-08
20260821,A,BARCELONA,387521,PEMIFOR CONSTRUCCIONS S.L,"Cambio de domicilio social. CL ALBENIZ NUM.8-10 TIENDA 1 (HOSPITALET DE LLOBREGAT (L').  Datos registrales. S 8 , H B 538522, I/A 3 (14.08.26).",https://www.boe.es/diario_borme/xml.php?id=BORME-A-2026-161-08
20260821,A,BARCELONA,387522,GOLDEN PANTONE S.L,"Revocaciones. ADM.SOLIDAR.: ZAMORA CASTILLO CRISTIAN;BALSA FERNANDEZ GONZALO. LIQUIDADOR: BALSA FERNANDEZ GONZALO;ZAMORA CASTILLO CRISTIAN. Nombramientos. LIQUIDADOR: BALSA FERNANDEZ GONZALO;ZAMORA CASTILLO CRISTIAN. Extinción.  Datos registrales. S 8 , H B 630419, I/A 2 (14.08.26).",https://www.boe.es/diario_borme/xml.php?id=BORME-A-2026-161-08
20260821,A,BARCELONA,387523,DIKEI CONSULTORS S.L,"Cambio de domicilio social. CL MEJIA LEQUERICA, 42 BAJOS, LOCAL 2 (BARCELONA).  Datos registrales. S 8 , H B 641273, I/A 2 (14.08.26).",https://www.boe.es/diario_borme/xml.php?id=BORME-A-2026-161-08
20260821,A,BARCELONA,387524,CITRIC MULTIMEDIA SL,"Revocaciones. ADM.UNICO: VILA MASSAGUE ANA. Nombramientos. LIQUIDADOR: MARTORI RIGOL MARTI. Disolución. Voluntaria.  Datos registrales. S 8 , H B 189548, I/A 8 (15.08.26).",https://www.boe.es/diario_borme/xml.php?id=BORME-A-2026-161-08
20260821,A,BARCELONA,387525,FORMOPACK S.L,"Revocaciones. ADM.UNICO: FORCADA GISPERT FRANCISCO JAVIER. Nombramientos. ADM.SOLIDAR.: MORALES VERAS MANUEL;ORION TRES CAPITAL SL. REPR.143 RRM: GARCIA HINOJOSA ALBERT. Ampliación de capital. Capital: 20.000,00 Euros. Resultante Suscrito: 23.010,00 Euros. Ampliación de capital. Capital: 6.950,00 Euros. Resultante Suscrito: 29.960,00 Euros. Modificaciones estatutarias. ARTICULO 7.- NOMBRAMIENTO, DURACION Y PROHIBICION DE COMPETENCIA. Cambio de domicilio social. VIA EUROPA 13, POLIGONO INDUSTRIAL PLA DE LLERONA (FRANQUESES DEL VALLES (LES).  Datos registrales. S 8 , H B 503767, I/A 2 (14.08.26).",https://www.boe.es/diario_borme/xml.php?id=BORME-A-2026-161-08
20260821,A,BARCELONA,387526,ZEMU SOLUTIONS S.L,"Otros conceptos: PERDIDA DE LA CONDICION DE UNIPERSONALIDAD.  Datos registrales. S 8 , H B 644975, I/A 2 (14.08.26).",https://www.boe.es/diario_borme/xml.php?id=BORME-A-2026-161-08
20260821,A,BARCELONA,387527,STB HOME S.L,"Revocaciones. ADM.UNICO: GUERRERO ROMAN JOSE MANUEL. Nombramientos. ADM.SOLIDAR.: CERVERA TORRES ENRIQUE;GUERRERO ROMAN JOSE MANUEL. Otros conceptos: PERDIDA DE LA CONDICION DE UNIPERSONALIDAD DE LA SOCIEDAD. Cambio de domicilio social. CL OVIEDO Num.1 (SANT BOI DE LLOBREGAT).  Datos registrales. S 8 , H B 657137, I/A 3 (14.08.26).",https://www.boe.es/diario_borme/xml.php?id=BORME-A-2026-161-08
20260821,A,BARCELONA,387528,SHIL CJ S.L,"Cambio de domicilio social. CL SARAGOSSA Num.1 (SITGES).  Datos registrales. S 8 , H B 478733, I/A 6 (15.08.26).",https://www.boe.es/diario_borme/xml.php?id=BORME-A-2026-161-08
20260821,A,BARCELONA,387529,MARMEDSA D.M.C. S.L,"Revocaciones. APOD.SOL/MAN: LERMA SINAI JAVIER;DE LACOUR ZUMALACARREGUI LORETO;GOMEZ LOPEZ MARIA ANGELES;LERMA SINAI JAVIER. APODERAD.SOL: EZIAMAKA OBIAGELI WHETU UMUNNA.  Datos registrales. S 8 , H B 577452, I/A 20 (15.08.26).",https://www.boe.es/diario_borme/xml.php?id=BORME-A-2026-161-08
20260821,A,BARCELONA,387530,LINEA RORO S.L,"Cambio de domicilio social. CL DELS ANGELS Num.14 P.EN PTA.1 (BARCELONA).  Datos registrales. S 8 , H B 532083, I/A 3 (14.08.26).",https://www.boe.es/diario_borme/xml.php?id=BORME-A-2026-161-08
20260821,A,BARCELONA,387531,SUSHILAB S.L,"Otros conceptos: CAMBIO DE SOCIO UNICO, SIENDO EL NUEVO SOCIO UNICO: HARUZAKE SL.  Datos registrales. S 8 , H B 626290, I/A 5 (14.08.26).",https://www.boe.es/diario_borme/xml.php?id=BORME-A-2026-161-08
20260821,A,BARCELONA,387532,COMBALIA AGENCIA MARITIMA SA,"Revocaciones. APOD.SOL/MAN: DE LACOUR ZUMALACARREGUI LORETO;GOMEZ LOPEZ MARIA ANGELES;LERMA SINAI JAVIER;LERMA SINAI JAVIER. APODERAD.SOL: EZIAMAKA OBIAGELI WHETU UMUNNA.  Datos registrales. S 8 , H B 69476, I/A 308 (15.08.26).",https://www.boe.es/diario_borme/xml.php?id=BORME-A-2026-161-08
20260821,A,BARCELONA,387533,HIMSA CONGELATS I GELATS SA,"Cambio de domicilio social. CL SANTA MARTA Num.16 (MATARO).  Datos registrales. S 8 , H B 107652, I/A 28 (14.08.26).",https://www.boe.es/diario_borme/xml.php?id=BORME-A-2026-161-08
20260821,A,BARCELONA,387534,CUSTOM DENTAL SLP,"Otros conceptos: CONSTANCIA DE LA MODIFICACION DE LOS DATOS DE IDENTIDAD DE LOS SOCIOS Y ADMINISTRADORES SOLIDARIOS, SIENDO SU NOMBRE COMPLETO: DONATO JORGE SCHIAVONE NOVOA Y LUCRECIA MABEL MUSSANO SARRAMIDA. Cambio de domicilio social. CL LONDRS NUM.22,BAJOS PRIMERA (BARCELONA).  Datos registrales. S 8 , H B 112013, I/A 4 (14.08.26).",https://www.boe.es/diario_borme/xml.php?id=BORME-A-2026-161-08
20260821,A,BARCELONA,387535,CULLIGAN WATER EUROPE S.L,"Otros conceptos: CAMBIO DE DENOMINACION DEL SOCIO UNICO, SIENDO SU NUEVA DENOMINACION: CULLIGAN NEDERLAND B.V.  Datos registrales. S 8 , H B 565194, I/A 24 (14.08.26).",https://www.boe.es/diario_borme/xml.php?id=BORME-A-2026-161-08
20260821,A,BARCELONA,387536,MERLAS TUC S.L,"Cambio de domicilio social. CL FRANCESC LAYRET Num.13 (HOSPITALET DE LLOBREGAT (L').  Datos registrales. S 8 , H B 527364, I/A 4 (14.08.26).",https://www.boe.es/diario_borme/xml.php?id=BORME-A-2026-161-08
20260821,A,BARCELONA,387537,KENDAL PRIVAT S.L,"Cambio de domicilio social. CL SELVA DE MAR Num.142 P.EN PTA.2 (BARCELONA).  Datos registrales. S 8 , H B 641094, I/A 3 (14.08.26).",https://www.boe.es/diario_borme/xml.php?id=BORME-A-2026-161-08
20260821,A,BARCELONA,387538,INTERLOG PAPER EUROPA S.L,"Cambio de domicilio social. CL MALLORCA NUM.1 P.1 PTA.9B (BARCELONA).  Datos registrales. S 8 , H B 567211, I/A 5 (14.08.26).",https://www.boe.es/diario_borme/xml.php?id=BORME-A-2026-161-08
20260821,A,BARCELONA,387539,EDIVAN ELECTRIC SOLUTION S.L,"Cambio de domicilio social. CL CAN PALOTS NUM.2 ESC.A P.3 PTA.1 (CANOVELLES).  Datos registrales. S 8 , H B 600603, I/A 2 (14.08.26).",https://www.boe.es/diario_borme/xml.php?id=BORME-A-2026-161-08
20260821,A,BARCELONA,387540,METROPOLITAN HOUSE IBERICA RESIDENTIAL S.L,"Modificaciones estatutarias. MODIFICACION DEL ARTICULO 2 DE LOS ESTATUTOS SOCIALES. MODIFICACION DEL CNAE DE LA ACTIVIDAD PRINCIPAL DE LA SOCIEDAD, SIENDO EL NUMERO 7020.- Cambio de denominación social. GESTION INTEGRAL DE PROYECTOS NIVAS S.L. Cambio de domicilio social. CL PAU CLARIS NUM. 190 P.4 PTA 1 DESPACHOS 4 Y 5 (BARCELONA).  Datos registrales. S 8 , H B 638808, I/A 3 (14.08.26).",https://www.boe.es/diario_borme/xml.php?id=BORME-A-2026-161-08
20260821,A,BARCELONA,387541,ACORDIA ACR SL,"Ampliación de capital. Capital: 120,00 Euros. Resultante Suscrito: 4.440,00 Euros.  Datos registrales. S 8 , H B 89788, I/A 31 (14.08.26).",https://www.boe.es/diario_borme/xml.php?id=BORME-A-2026-161-08
20260821,A,BARCELONA,387542,LOOPERGRAM S.L,"Cambio de denominación social. TCGSHOP S.L. Cambio de objeto social. EL COMERCIO AL POR MENOR DE OTROS PRODUCTOS EN PUESTOS DE VENTA Y MERCADILLOS. EL COMERCIO AL POR MENOR POR CORRESPONDENCIA O INTERNET.  Datos registrales. S 8 , H B 550550, I/A 5 (14.08.26).",https://www.boe.es/diario_borme/xml.php?id=BORME-A-2026-161-08
20260821,A,BARCELONA,387543,NUMINTEC COMUNICACIONES SL,"Otros conceptos: DECLARACION DE UNIPERSONALIDAD. SOCIO UNICO: TELAVOX AB.  Datos registrales. S 8 , H B 260483, I/A 17 (14.08.26).",https://www.boe.es/diario_borme/xml.php?id=BORME-A-2026-161-08
20260821,A,BARCELONA,387544,LA BELLA VILA 2022 S.L,"Otros conceptos: ADQUISICION DE NACIONALIDAD ESPAÑOLA Y DE DNI POR PARTE DE WEI SHAN (ACTUALMENTE WEI SHAN CHEN),SOCIA UNICA DE LA SOCIEDAD.  Datos registrales. S 8 , H B 599449, I/A 5 (14.08.26).",https://www.boe.es/diario_borme/xml.php?id=BORME-A-2026-161-08
20260821,A,BARCELONA,387545,AHIDRA AGUA Y ENERGIA SL,"Fe de erratas: En el BORME no.24/2024 y con referencia 56309 COMETIDO ERROR AL EXPRESAR LA DENOMINACION DEL ADMINISTRADOR UNICO DESIGNADO SIENDO LA CORRECTA ""AHIDRA COLSEN TECHNOLOGIES HOLDING IBERIA SL"".  Datos registrales. T 31021 , F 220, S 8, H B 184170, I/A 9 (28.01.24).",https://www.boe.es/diario_borme/xml.php?id=BORME-A-2026-161-08
20260821,A,BARCELONA,387546,ACROSS LEGAL SLP,"Fe de erratas: En el BORME no.84/2026 y con referencia 213410 RECTIFICADA EN CUANTO AL NOMBRE DE PILA DE LA APODERADA SOLIDARIA SEÑORA GARCIA SOARES, SIENDO SU NOMBRE COMPLETO CORRECTO TAMARA MARIA GARCIA SOARES.  Datos registrales. S 8 , H B 355086, I/A 12 (24.04.26).",https://www.boe.es/diario_borme/xml.php?id=BORME-A-2026-161-08
20260821,A,BARCELONA,387547,DIAGNOSIS SA,"Fe de erratas: En el BORME no.134/2026 y con referencia 331661 SE COMETIO ERROR AL INDICAR EL CARGO PARA EL QUE FUE NOMBRADA DOÑA EULALIA ALOMAR SERRALLACH,SIENDO EL CORRECTO EL DE ADMINISTRADORA SOLIDARIA.  Datos registrales. S 8 , H B 12441, I/A 35 ( 8.07.26).",https://www.boe.es/diario_borme/xml.php?id=BORME-A-2026-161-08
20260821,A,BARCELONA,387548,4FH I DELTA S.L,"Fe de erratas: En el BORME no.156/2026 y con referencia 378696 SE HA OMITIDO Y NOMBRAMIENTO DE PRESIDENTE A FAVOR DEL CONSEJERO 4FOUNDERS CAPITAL HOSPITALITY FCRE SA.  Datos registrales. S 8 , H B 662062, I/A 1 ( 7.08.26).",https://www.boe.es/diario_borme/xml.php?id=BORME-A-2026-161-08
20260821,A,BARCELONA,387549,EDIVAN ELECTRIC SOLUTION S.L,"Fe de erratas: En el BORME no.156/2023 y con referencia 369535 SE RECTIFICA EN CUANTO A LA DECLARACION DE SOCIEDAD UNIPERSONAL, POR NO PROCEDER EN SU DIA.  Datos registrales. T 48909 , F 153, S 8, H B 600603, I/A 1 ( 9.08.23).",https://www.boe.es/diario_borme/xml.php?id=BORME-A-2026-161-08
20260821,A,BARCELONA,387550,BENERCA TRADE S.L,"Fe de erratas: En el BORME no.185/2024 y con referencia 410146 SE RECTIFICA EL NOMBRAMIENTO DE ADMINISTRADOR, DONDE SE LEE ""ANTONIO BNEROSO VILLACASTIN"", DEBE LEERSE ""ANTONIO BENEROSO VILLACASTIN"".  Datos registrales. S 8 , H B 621591, I/A 1 (17.09.24).",https://www.boe.es/diario_borme/xml.php?id=BORME-A-2026-161-08
20260821,A,BARCELONA,387551,HEALTH SERVICES GA-LAN S.L,"Fe de erratas: En el BORME no.227/2023 y con referencia 598910 SE RECTIFICA EL NOMBRAMIENTO DE ADMINISTRADOR SOLIDARIO, DONDE SE LEE ""JOSAN GARCIA PEREZ"", DEBE LEERSE ""JOAN GARCIA PEREZ"".  Datos registrales. T 49025 , F 200, S 8, H B 604957, I/A 1 (22.11.23).",https://www.boe.es/diario_borme/xml.php?id=BORME-A-2026-161-08
20260821,A,BARCELONA,387552,FRONTMATEC-AIRA S.L,"Fe de erratas: En el BORME no.227/2025 y con referencia 525447 SE OMITIO EL CESE DE FRANCISCO JAVIER JANE LOPEZ COMO REPRESENTANTE PERMANENTE DEL CONSEJERO ""MAN STREAPS SL"".  Datos registrales. S 8 , H B 526905, I/A 21 (20.11.25).",https://www.boe.es/diario_borme/xml.php?id=BORME-A-2026-161-08
20260821,A,BARCELONA,387553,HARRIER'S TRUCKS SL,"Fe de erratas: En el BORME no.233/2002 y con referencia 487378 SE RECTIFICA LA DESIGNACION DE LA ADMINISTRADORA, DON SE LEE ""ADMINISTRADOR SOLIDARIO"", DEBE LEERSE ""ADMINISTRADOR UNICO"".  Datos registrales. T 35002 , F 125, S 8, H B 257675, I/A 1 (12.11.02).",https://www.boe.es/diario_borme/xml.php?id=BORME-A-2026-161-08
20260821,A,BARCELONA,387554,AGENT STUDIO LABS S.L,"Nombramientos. ADM.SOLIDAR.: VILANOVA ROSSELL FRANCESC. Fe de erratas: En el BORME no.241/2025 y con referencia 562683 SE RECTIFICA EL NOMBRAMIENTO DE ADMINISTRADORES Y SE NOMBRA ADMINISTRADOR SOLIDARIO, POR OMISION EN SU DIA AL D/ FRANCESC VILANOVA ROSSELL.  Datos registrales. S 8 , H B 646783, I/A 1 (11.12.25).",https://www.boe.es/diario_borme/xml.php?id=BORME-A-2026-161-08
20260821,C,CONVOCATORIAS DE JUNTAS,BORME-C-2026-4788,ANTONIO CABRERA E HIJOS S.A.,,https://www.boe.es/diario_borme/xml.php?id=BORME-C-2026-4788
20260821,C,CONVOCATORIAS DE JUNTAS,BORME-C-2026-4789,"HORMIGONES DE PORRIÑO, SOCIEDAD ANÓNIMA",,https://www.boe.es/diario_borme/xml.php?id=BORME-C-2026-4789
20260821,C,CONVOCATORIAS DE JUNTAS,BORME-C-2026-4790,"INVERSIONES JJGB, SOCIEDAD ANÓNIMA",,https://www.boe.es/diario_borme/xml.php?id=BORME-C-2026-4790
20260821,C,CONVOCATORIAS DE JUNTAS,BORME-C-2026-4791,"J.J. GRADÍN, SOCIEDAD LIMITADA",,https://www.boe.es/diario_borme/xml.php?id=BORME-C-2026-4791
20260821,C,CONVOCATORIAS DE JUNTAS,BORME-C-2026-4792,"MERCA CIUDAD REAL, S.A",,https://www.boe.es/diario_borme/xml.php?id=BORME-C-2026-4792
20260821,C,CONVOCATORIAS DE JUNTAS,BORME-C-2026-4793,"TRANSPORTES GRADÍN DAGÁ, SOCIEDAD ANÓNIMA",,https://www.boe.es/diario_borme/xml.php?id=BORME-C-2026-4793
20260821,C,FUSIONES Y ABSORCIONES DE EMPRESAS,BORME-C-2026-4794,"CLASSTRUCKS SPAIN, S.L.U. 
(SOCIEDAD ABSORBENTE) 
CLASS TRUCKS IBERIA, S.L.U. 
(SOCIEDAD ABSORBIDA)",,https://www.boe.es/diario_borme/xml.php?id=BORME-C-2026-4794
20260824,A,BARCELONA,389026,GRUPO ILUREON S.L,"Constitución. Comienzo de operaciones: 15.08.26. Objeto social: ACTIVIDAD PRINCIPAL: 4672 / COMERCIO AL POR MAYOR DE REPUESTOS Y ACCESORIOS DE VEHICULOS DE MOTOR. OTRAS ACTIVIDADES: 4782 / COMERCIO AL POR MENOR DE REPUESTOS Y ACCESORIOS DE VEHICULOS DE MOTOR. Domicilio: CL VELAZQUEZ NUM.33 P.3 PTA.4 (MATARO). Capital: 3.000,00 Euros. Nombramientos. ADM.UNICO: MORATO GIRONA ALBERT. Otros conceptos: DECLARACION DE SOCIEDAD UNIPERSONAL, SIENDO SOCIO UNICO ALBERT MORATO GIRONA.  Datos registrales. S 8 , H B 662360, I/A 1 (17.08.26).",https://www.boe.es/diario_borme/xml.php?id=BORME-A-2026-162-08
20260824,A,BARCELONA,389027,QIMMO REAL ESTATE S.L,"Constitución. Comienzo de operaciones: 14.08.26. Objeto social: ACTIVIDAD PRINCIPAL: 6832 / OTRAS ACTIVIDADES INMOBILIARIAS POR CUENTA DE TERCEROS. OTRAS ACTIVIDADES: 4360 / ACTIVIDADES DE INTERMEDIACION PARA SERVICIOS DE CONSTRUCCION ESPECIALIZADA, ETC. Domicilio: CL BALMES NUM.188 P.6 PTA.2 (BARCELONA). Capital: 28.000,00 Euros. Nombramientos. ADM.UNICO: DE OSES SIERRA JOAQUIN. Otros conceptos: DECLARACION DE SOCIEDAD UNIPERSONAL, SIENDO SOCIO UNICO JOAQUIN DE OSES SIERRA.  Datos registrales. S 8 , H B 662366, I/A 1 (17.08.26).",https://www.boe.es/diario_borme/xml.php?id=BORME-A-2026-162-08
20260824,A,BARCELONA,389028,VIMOJO INVERSIONES S.L,"Nombramientos. APODERAD.SOL: ORTEGA ESTEBANEZ JOSE LEONARDO.  Datos registrales. S 8 , H B 593834, I/A 6 (17.08.26).",https://www.boe.es/diario_borme/xml.php?id=BORME-A-2026-162-08
20260824,A,BARCELONA,389029,VIMOJO INVERSIONES S.L,"Revocaciones. APODERAD.SOL: CASAJUANA CASAS JORDI.  Datos registrales. S 8 , H B 593834, I/A 7 (17.08.26).",https://www.boe.es/diario_borme/xml.php?id=BORME-A-2026-162-08
20260824,A,BARCELONA,389030,AUTO ARENAS AUTOMOCION S.L,"Constitución. Comienzo de operaciones: 22.07.26. Objeto social: ACTIVIDAD PRINCIPAL: 9531 / REPARACION Y MANTENIMIENTO DE VEHICULOS DE MOTOR. Domicilio: CL INDUSTRIA (PALAU-SOLITA I PLEGAMANS). Capital: 3.000,00 Euros. Nombramientos. ADM.UNICO: MORENO FERNANDEZ FERRAN. Otros conceptos: DECLARACION DE SOCIEDAD UNIPERSONAL, SIENDO SOCIO UNICO FERRAN MORENO FERNANDEZ. Datos registrales. S 8 , H B 662371, I/A 1 (17.08.26).",https://www.boe.es/diario_borme/xml.php?id=BORME-A-2026-162-08
20260824,A,BARCELONA,389031,AIAR ENERGY ADVISORS S.L,"Revocaciones. ADM.UNICO: ARJONA LORENZO LAURA. Nombramientos. ADM.UNICO: CARRASCO PEREZ EUGENIO.  Datos registrales. S 8 , H B 590387, I/A 7 (17.08.26).",https://www.boe.es/diario_borme/xml.php?id=BORME-A-2026-162-08
20260824,A,BARCELONA,389032,SECUREX TAX & LEGAL S.L,"Nombramientos. CONSEJERO: JOHN ALEXANDER OP DE BEECK.  Datos registrales. S 8 , H B 278345, I/A 24 (17.08.26).",https://www.boe.es/diario_borme/xml.php?id=BORME-A-2026-162-08
20260824,A,BARCELONA,389033,FINCASER 96 SL,"Reducción de capital. Importe reducción: 340.130,00 Euros. Resultante Suscrito: 1.082.095,00 Euros.  Datos registrales. S 8 , H B 142201, I/A 17 (17.08.26).",https://www.boe.es/diario_borme/xml.php?id=BORME-A-2026-162-08
20260824,A,BARCELONA,389034,SIMPLITIA AI STUDIO S.L,"Constitución. Comienzo de operaciones: 1.09.26. Objeto social: ACTIVIDAD PRINCIPAL: 6210 / ACTIVIDADES DE PROGRAMACION INFORMATICA. OTRAS ACTIVIDADES: 4740 / COMERCIO AL POR MENOR DE EQUIPOS PARA LAS TECNOLOGIAS DE LA INFORMACION Y LAS COMUNICACIONES. 5829 / EDICION ETC. Domicilio: CL PAU CLARIS NUM.162 P.3 (BARCELONA). Capital: 3.000,00 Euros. Nombramientos. ADM.UNICO: CORTADELLAS MARTINEZ LUIS. Otros conceptos: DECLARACION DE SOCIEDAD UNIPERSONAL, SIENDO SOCIO UNICO LUIS CORTADELLAS MARTINEZ.  Datos registrales. S 8 , H B 662374, I/A 1 (17.08.26).",https://www.boe.es/diario_borme/xml.php?id=BORME-A-2026-162-08
20260824,A,BARCELONA,389035,CIUTATLAB TECNOLOGIA S.L,"Constitución. Comienzo de operaciones: 14.08.26. Objeto social: ACTIVIDAD PRINCIPAL: 7020 / OTRAS ACTIVIDADES DE CONSULTORIA DE GESTION EMPRESARIAL. OTRAS ACTIVIDADES: 8230 / ORGANIZACION DE CONVENCIONES Y FERIAS DE MUESTRAS. 8299 / OTRAS ACTIVIDADES DE APOYO A LAS EMPRESAS N.C.O.P.. ETC. Domicilio: PS PLAZA MAJOR NUM.1 P.1 PTA.2 (CASTELLAR DEL VALLES). Capital: 3.000,00 Euros. Nombramientos. ADM.UNICO: ANDREU RIVAS ESTHER.  Datos registrales. S 8 , H B 662362, I/A 1 (17.08.26).",https://www.boe.es/diario_borme/xml.php?id=BORME-A-2026-162-08
20260824,A,BARCELONA,389036,SUTECSET SL,"Nombramientos. APODERAD.SOL: PUJOL GIMENEZ OSCAR;VILELLAS ROSICH GUSTAU.  Datos registrales. S 8 , H B 427859, I/A 12 (17.08.26).",https://www.boe.es/diario_borme/xml.php?id=BORME-A-2026-162-08
20260824,A,BARCELONA,389037,ADVANCE LANGUAGE TRAINING SERVICES SL,"Reducción de capital. Importe reducción: 240,00 Euros. Resultante Suscrito: 2.760,00 Euros.  Datos registrales. S 8 , H B 491454, I/A 4 (17.08.26).",https://www.boe.es/diario_borme/xml.php?id=BORME-A-2026-162-08
20260824,A,BARCELONA,389038,SILK GLOBAL ENTERPRISES S.L,"Constitución. Comienzo de operaciones: 10.08.26. Objeto social: ACTIVIDAD PRINCIPAL: 7911 / ACTIVIDADES DE LAS AGENCIAS DE VIAJES. OTRAS ACTIVIDADES: 4631 / COMERCIO AL POR MAYOR DE FRUTAS Y HORTALIZAS. 4639 / COMERCIO AL POR MAYOR, NO ESPECIALIZADO, DE PRODUCTOS ALIMENTICIOS, ETC. Domicilio: CL CARRETES 59 LC 2 NUM.59 P.0 PTA.2 (BARCELONA). Capital: 3.000,00 Euros. Nombramientos. ADM.UNICO: MUBARAK MEHMOOD AHMAD. Otros conceptos: DECLARACION DE SOCIEDAD UNIPERSONAL, SIENDO SOCIO UNICO MUBARAK MEHMOOD AHMAD.  Datos registrales. S 8 , H B 662383, I/A 1 (17.08.26).",https://www.boe.es/diario_borme/xml.php?id=BORME-A-2026-162-08
20260824,A,BARCELONA,389039,GM INTEGRA RRHH SL,"Cambio de denominación social. SECUREX RRHH S.L.  Datos registrales. S 8 , H B 7186, I/A 42 (17.08.26).",https://www.boe.es/diario_borme/xml.php?id=BORME-A-2026-162-08
20260824,A,BARCELONA,389040,ANNA ECOLOGICA SL,"Nombramientos. AUDIT.CUENT.: ILO AUDITORS SLP.  Datos registrales. S 8 , H B 396466, I/A 20 (17.08.26).",https://www.boe.es/diario_borme/xml.php?id=BORME-A-2026-162-08
20260824,A,BARCELONA,389041,4DOCTORS SL,"Revocaciones. CONSEJERO: ALBALATE TARTERA JORDI. PRESIDENTE: ALBALATE TARTERA JORDI. CONS.DEL.SOL: ALBALATE TARTERA JORDI. CONSEJERO: DE ASIS ORTA IGNACIO;BATLLE RIUS ENRIC. SECRETARIO: DE ASIS ORTA IGNACIO. Nombramientos. ADM.UNICO: ALBALATE TARTERA JORGE.  Datos registrales. S 8 , H B 468972, I/A 14 (17.08.26).",https://www.boe.es/diario_borme/xml.php?id=BORME-A-2026-162-08
20260824,A,BARCELONA,389042,IQUALL NETWORKS IBERIA S.L,"Otros conceptos: CONSTANCIA DE LA ACTUALIZACION DE LAS CIRCUNSTANCIAS DE IDENTIDAD DEL ADMINISTRADOR SOLIDARIO Y SOCIO UNICO MARCOS ADRIAN SITZ, SIENDO SU NOMBRE COMPLETO: MARCOS ADRIAN SITZ WOLFF. Cambio de domicilio social. CL ENRIC PRAT DE LA RIBA Num.77 (GRANOLLERS).  Datos registrales. S 8 , H B 530332, I/A 2 (17.08.26).",https://www.boe.es/diario_borme/xml.php?id=BORME-A-2026-162-08
20260824,A,BARCELONA,389043,VISIOON PATRIMONIA 2026 S.L,"Constitución. Comienzo de operaciones: 13.08.26. Objeto social: ACTIVIDAD PRINCIPAL: 6811 / COMPRAVENTA DE BIENES INMOBILIARIOS POR CUENTA PROPIA. OTRAS ACTIVIDADES: 6820 / ALQUILER DE BIENES INMOBILIARIOS POR CUENTA PROPIA. ETC. Domicilio: CL MALLORCA NUM.214 P.4 PTA.2 (BARCELONA). Capital: 3.000,00 Euros. Nombramientos. ADM.UNICO: MARC CHRISTIAN J BAUDUIN. Otros conceptos: DECLARACION DE SOCIEDAD UNIPERSONAL, SIENDO SOCIO UNICO MARC CHRISTIAN J BAUDUIN Datos registrales. S 8 , H B 662386, I/A 1 (17.08.26).",https://www.boe.es/diario_borme/xml.php?id=BORME-A-2026-162-08
20260824,A,BARCELONA,389044,THECA TECHNOLOGIES S.L,"Constitución. Comienzo de operaciones: 13.08.26. Objeto social: ACTIVIDAD PRINCIPAL: 6210 / ACTIVIDADES DE PROGRAMACION INFORMATICA. OTRAS ACTIVIDADES: 5829 / EDICION DE OTROS PROGRAMAS INFORMATICOS. 6220 / ACTIVIDADES DE CONSULTORIA INFORMATICA Y GESTION DE INSTALACIONES INFORMATICAS ETC. Domicilio: CL LLORET DE MAR NUM.5 P.2 PTA.4 (PRAT DE LLOBREGAT (EL)). Capital: 3.000,00 Euros. Nombramientos. ADM.CONJUNTO: PRADES GOMEZ DAVID;RAZIUR RAHMAN TOTHA.  Datos registrales. S 8 , H B 662384, I/A 1 (17.08.26).",https://www.boe.es/diario_borme/xml.php?id=BORME-A-2026-162-08
20260824,A,BARCELONA,389045,VIGULA BUSINESS S.L,"Revocaciones. ADM.UNICO: GRAELLS MARCH JOSEP. Nombramientos. ADM.CONJUNTO: GRAELLS MARCH JOSEP;MAYOR MARTINEZ ALBERTO. Otros conceptos: DECLARACION DE SOCIEDAD UNIPERSONAL SIENDO EL SOCIO UNICO LACOMPAÑIA ""GRAMARIEN,S.L."" Y POSTERIOR PERDIDA DE LA CONDICION DE SOCIEDAD UNIPERSONAL EN FECHA 23 DE JUNIO DE 2026.  Datos registrales. S 8 , H B 656540, I/A 3 (17.08.26).",https://www.boe.es/diario_borme/xml.php?id=BORME-A-2026-162-08
20260824,A,BARCELONA,389046,LABORLEX ESTUDI JURIDIC S.L,"Nombramientos. APODERAD.SOL: MIRA RUBIO MARIA JOSE.  Datos registrales. S 8 , H B 606916, I/A 2 (17.08.26).",https://www.boe.es/diario_borme/xml.php?id=BORME-A-2026-162-08
20260824,A,BARCELONA,389047,MONTRICH HOLDING BCN S.L,"Constitución. Comienzo de operaciones: 14.09.26. Objeto social: ACTIVIDAD PRINCIPAL: 7010 / ACTIVIDADES DE LAS SEDES CENTRALES. OTRAS ACTIVIDADES: 6421 / ACTIVIDADES DE SOCIEDADES HOLDING. 6811 / COMPRAVENTA DE BIENES INMOBILIARIOS POR CUENTA PROPIA. ETC. Domicilio: CL VICENC BOU NUM.11 (ESPLUGUES DE LLOBREGAT). Capital: 3.000,00 Euros. Nombramientos. ADM.UNICO: GASPAR PUJADAS MARIO.  Datos registrales. S 8 , H B 662393, I/A 1 (17.08.26).",https://www.boe.es/diario_borme/xml.php?id=BORME-A-2026-162-08
20260824,A,BARCELONA,389048,MONTRIC HILLS S.L,"Constitución. Comienzo de operaciones: 14.09.26. Objeto social: ACTIVIDAD PRINCIPAL: 6811 / COMPRAVENTA DE BIENES INMOBILIARIOS POR CUENTA PROPIA. OTRAS ACTIVIDADES: 0161 / ACTIVIDADES DE APOYO A LA AGRICULTURA. 0210 / SILVICULTURA Y OTRAS ACTIVIDADES FORESTALES. 4101 / CONSTRUCCION, ETC. Domicilio: CL VICENC BOU NUM.11 (ESPLUGUES DE LLOBREGAT). Capital: 3.000,00 Euros. Nombramientos. ADM.UNICO: GASPAR PUJADAS MARIO.  Datos registrales. S 8 , H B 662395, I/A 1 (17.08.26).",https://www.boe.es/diario_borme/xml.php?id=BORME-A-2026-162-08
20260824,A,BARCELONA,389049,SINGH KOTLI S.L,"Constitución. Comienzo de operaciones: 12.08.26. Objeto social: ACTIVIDAD PRINCIPAL: 4711 / COMERCIO AL POR MENOR NO ESPECIALIZADO CON PREDOMINIO DE PRODUCTOS ALIMENTICIOS, BEBIDAS Y TABACO. OTRAS ACTIVIDADES: 4721 / COMERCIO AL POR MENOR DE FRUTAS Y VERDURAS. Domicilio: CL SITGES NUM.8 (VILADECANS). Capital: 3.000,00 Euros. Nombramientos. ADM.UNICO: SARAVPREET SINGH. Otros conceptos: DECLARACION DE SOCIEDAD UNIPERSONAL, SIENDO SOCIO UNICO SARAVPREET SINGH.  Datos registrales. S 8 , H B 662396, I/A 1 (17.08.26).",https://www.boe.es/diario_borme/xml.php?id=BORME-A-2026-162-08
20260824,A,BARCELONA,389050,GRUPO MIKALOR SL,"Nombramientos. AUDT.CTS.CON: AOB GLOGAL AUDITORIA DE CUENTAS SL.  Datos registrales. S 8 , H B 208194, I/A 24 (17.08.26).",https://www.boe.es/diario_borme/xml.php?id=BORME-A-2026-162-08
20260824,A,BARCELONA,389051,IMHERETRIP SL,"Otros conceptos: ADQUISICION DE NACIONALIDAD ESPAÑOLA, ASIGNACION DE DNI Y CAMBIO DE LOS DATOS PERSONALES POR PARTE DE DON JUAN JESUS JIN HU, ADMINISTRADOR UNICO DE LA SOCIEDAD. Datos registrales. S 8 , H B 483628, I/A 2 (17.08.26).",https://www.boe.es/diario_borme/xml.php?id=BORME-A-2026-162-08
20260824,A,BARCELONA,389052,CORPORACIO CATALANA DE MITJANS AUDIOVISUALS SA,"Nombramientos. APOD.MANCOMU: NICOLAS CALOPA NURIA.  Datos registrales. S 8 , H B 93073, I/A 149 (18.08.26).",https://www.boe.es/diario_borme/xml.php?id=BORME-A-2026-162-08
20260824,A,BARCELONA,389053,Q4 AUTOMOCION SL,"Revocaciones. ADMINISTR.: LOPEZ NOGUE FRANCISCO. LIQUIDADOR: LOPEZ NOGUE FRANCISCO. Nombramientos. LIQUIDADOR: LOPEZ NOGUE FRANCISCO. Extinción.  Datos registrales. S 8 , H B 118445, I/A 9 (18.08.26).",https://www.boe.es/diario_borme/xml.php?id=BORME-A-2026-162-08
20260824,A,BARCELONA,389054,LIPIDOS SANTIGA SA,"Nombramientos. CONSEJERO: SOLER RODRIGUEZ FRANCISCO. PRESIDENTE: SOLER RODRIGUEZ FRANCISCO. CONS.DEL.SOL: SOLER RODRIGUEZ FRANCISCO. CONSEJERO: GODALL CASTELL JOSEP. SECRETARIO: GODALL CASTELL JOSEP.  Datos registrales. S 8 , H B 60254, I/A 87 ( 9.07.26).",https://www.boe.es/diario_borme/xml.php?id=BORME-A-2026-162-08
20260824,A,BARCELONA,389055,NENITUS S.L,"Otros conceptos: SECCION MERCANTIL DEL TI DE BARCELONA, PLAZA NUMERO 11, PROC. CONC. VOLUNTARIO 294/2026, AUTOS FIRMES DE FECHA 28/04/2026: DECLARACION DE CONCURSO VOLUNTARIO; Y 15/07/2026: CONCLUSION DEL CONCURSO Y CIERRE PROVISIONAL DE LA HOJA REGISTRAL.  Datos registrales. S 8 , H B 563820, I/A 3 (17.08.26).",https://www.boe.es/diario_borme/xml.php?id=BORME-A-2026-162-08
20260824,A,BARCELONA,389056,ESPERTA PAY S.L,"Constitución. Comienzo de operaciones: 21.07.26. Objeto social: LA PRESTACION DE SERVICIOS DE CONSULTORIA, ASESORAMIENTO Y ACOMPAÑAMIENTO A ORGANIZACIONES EN MATERIA DE GESTION DE PERSONAS, ORGANIZACION, PUESTOS DE TRABAJO, DISEÑO E IMPLANTACION DE MODELOS DE GESTION RETRIBUTIVA, ETC. Domicilio: CL PROVENCA NUM.339 (BARCELONA). Capital: 8.000,00 Euros. Nombramientos. ADM.UNICO: PARDO GARRIDO SILVIA IRENE.  Datos registrales. S 8 , H B 662364, I/A 1 (17.08.26).",https://www.boe.es/diario_borme/xml.php?id=BORME-A-2026-162-08
20260824,A,BARCELONA,389057,RIERA MONTNEGRE S.L,"Constitución. Comienzo de operaciones: 24.07.26. Objeto social: COMPRA, SUSCRIPCION, TENENCIA, PERMUTA Y VENTA DE VALORES MOBILIARIOS NACIONALES Y EXTRANJEROS, ACCIONES O PARTICIPACIONES SOCIALES, POR CUENTA PROPIA Y SIN ACTIVIDAD DE INTERMEDIACION CNAE ACTIVIDAD PRINCIPAL 6421. Domicilio: CL MOSSEN PERE RIBOT NUM.84 (VILASSAR DE MAR). Capital: 3.000,00 Euros. Nombramientos. ADM.UNICO: MELRHIR HOLDING SL. REPR.143 RRM: GRANDI BLANCH MARCO. Otros conceptos: DECLARACION DE SOCIEDAD UNIPERSONAL, SIENDO SOCIO UNICO MELRHIR HOLDING SL.  Datos registrales. S 8 , H B 662301, I/A 1 (17.08.26).",https://www.boe.es/diario_borme/xml.php?id=BORME-A-2026-162-08
20260824,A,BARCELONA,389058,MARVESA IBERIA S.L,"Constitución. Comienzo de operaciones: 30.06.26. Objeto social: COMPRAR, VENDER, COMERCIALIZAR, ALMACENAR, MEZCLAR, PROCESAR Y MANIPULAR ACEITES VEGETALES Y CUALESQUIERA OTROS ACEITES Y PRODUCTOS RELACIONADOS PARA SU APLICACION, ENTRE OTRAS, EN ALIMENTACION HUMANA, ETC. Domicilio: CM DE SANTA EULALIA NUM.5 (AMETLLA DEL VALLES (L')). Capital: 3.000,00 Euros. Nombramientos. ADM.SOLIDAR.: PAUL RUIGENDIJK;BARTHOLOMEUS JOSEPHUS MARIA DE BRUIJCKER;WILLEM FREDERIK GROOSS.Otros conceptos: DECLARACION DE SOCIEDAD UNIPERSONAL, SIENDO SOCIO UNICO MARVESA SUPPLY CHAIN SERVICES B.V.  Datos registrales. S 8 , H B 662361, I/A 1 (17.08.26).",https://www.boe.es/diario_borme/xml.php?id=BORME-A-2026-162-08
20260824,A,BARCELONA,389059,VANTABLE HOLDING S.L,"Constitución. Comienzo de operaciones: 29.07.26. Objeto social: ADQUISICION, TENENCIA, ADMINISTRACION Y GESTION DE TITULOS, ACCIONES, PARTICIPACIONES SOCIALES, O CUALQUIER FORMA DE REPRESENTACION DE PARTICIPACION EN EL CAPITAL DE ENTIDADES MERCANTILES, ASI COMO DE OBLIGACIONES, ETC. Domicilio: BJ MARIA AGUILO NUM.121 P.3 PTA.2 (BARCELONA). Capital: 391.867,21 Euros. Nombramientos. ADM.UNICO: BOINA M'KOUBOI BABU. Otros conceptos: DECLARACION DE SOCIEDAD UNIPERSONAL, SIENDO SOCIO UNICO BOINA M'KOUBOI BABU.  Datos registrales. S 8 , H B 662300, I/A 1 (17.08.26).",https://www.boe.es/diario_borme/xml.php?id=BORME-A-2026-162-08
20260824,A,BARCELONA,389060,FIFTH MATTER S.L,"Constitución. Comienzo de operaciones: 31.07.26. Objeto social: DISEÑO, DESARROLLO, IMPLEMENTACION Y MANTENIMIENTO DE SOLUCIONES TECNOLOGICAS E INDUSTRIALES PARA EMPRESAS, INCLUYENDO: CREACION Y DESARROLLO DE TECNOLOGIA EN PROCESOS INDUSTRIALES. DESARROLLO Y PROTOTIPAJE DE MAQUINARIA, ETC. Domicilio: AV GOITALLOPS NUM.72 (TARADELL). Capital: 3.000,00 Euros. Nombramientos. ADM.UNICO: NEBULA NORD SL. REPR.143 RRM: VERGES GASSO SERGI. Otros conceptos: DECLARACION DE SOCIEDAD UNIPERSONAL, SIENDO SOCIO UNICO NEBULA NORD SL.  Datos registrales. S 8 , H B 662370, I/A 1 (17.08.26).",https://www.boe.es/diario_borme/xml.php?id=BORME-A-2026-162-08
20260824,A,BARCELONA,389061,LUXCENDI CAPITAL S.L,"Constitución. Comienzo de operaciones: 15.07.26. Objeto social: LA ADQUISICION, TENENCIA, DISFRUTE, ADMINISTRACION Y ENAJENACION DE PARTICIPACIONES SOCIALES, ACCIONES U OTROS VALORES MOBILIARIOS, NACIONALES O EXTRANJEROS, POR CUENTA PROPIA, ETC. Domicilio: CL MAJOR DE CAN CARALLEU NUM.6 (BARCELONA). Capital: 3.000,00 Euros. Nombramientos. ADM.SOLIDAR.: RODRIGUEZ MARISCAL MANUEL JOSE;PHILINA CHIAJUNG HSU CHANG.  Datos registrales. S 8 , H B 662363, I/A 1 (17.08.26).",https://www.boe.es/diario_borme/xml.php?id=BORME-A-2026-162-08
20260824,A,BARCELONA,389062,ALMA CASABLANCA S.L,"Constitución. Comienzo de operaciones: 28.07.26. Objeto social: COMPRAVENTA, INTERMEDIACION, ARRENDAMIENTO, ADMINISTRACION, EXPLOTACION EN CUALQUIER FORMA DE FINCAS RUSTICAS Y URBANAS Y REALIZACION DE TODAS CLASES DE OBRAS Y CONSTRUCCIONES TANTO PUBLICAS COMO PRIVADAS, EDIFICACIONES,ETC. Domicilio: CL MUNTANER NUM.332 P.PP PTA.2 (BARCELONA). Capital: 3.000,00 Euros. Nombramientos. ADM.UNICO: ALEXANDRA ROSENBERG WALERSTEIN. Otros conceptos: DECLARACION DE SOCIEDAD UNIPERSONAL, SIENDO SOCIO UNICO ALEXANDRA ROSENBERG WALERSTEIN.  Datos registrales. S 8 , H B 662358, I/A 1 (17.08.26).",https://www.boe.es/diario_borme/xml.php?id=BORME-A-2026-162-08
20260824,A,BARCELONA,389063,PARABELLUM CAPITAL S.L,"Constitución. Comienzo de operaciones: 30.07.26. Objeto social: ACTIVIDAD PRINCIPAL DE CONSULTORIA, ASESORAMIENTO Y ASISTENCIA TECNICA EN SERVICIOS RELACIONADOS CON EL DESARROLLO EMPRESARIAL, LA ESTRATEGIA COMERCIAL Y LAS FINANZAS. CNAE 7020. DESARROLLO Y EJECUCION DE PROYECTOS, ETC. Domicilio: CL CESAR TORRES 177-179 P.1 PTA.2 (SABADELL). Capital: 3.000,00 Euros. Nombramientos. ADM.UNICO: NUÑEZ NUÑEZ ABEL.  Datos registrales. S 8 , H B 662353, I/A 1 (17.08.26).",https://www.boe.es/diario_borme/xml.php?id=BORME-A-2026-162-08
20260824,A,BARCELONA,389064,NEXUS TOURISM CONSULTING S.L,"Constitución. Comienzo de operaciones: 31.07.26. Objeto social: LA PRESTACION DE SERVICIOS DE CONSULTORIA, ASESORAMIENTO Y ASISTENCIA TECNICA A EMPRESAS, ENTIDADES PUBLICAS, ASOCIACIONES Y DEMAS ORGANIZACIONES RELACIONADAS CON EL TURISMO, LA HOSTELERIA, EL OCIO, LA CULTURA, ETC. Domicilio: CL MUNTANER NUM.479 P.2 PTA.5 (BARCELONA). Capital: 3.000,00 Euros. Nombramientos. ADM.UNICO: MARTINEZ BORDONAU CRISTINA. Otros conceptos: DECLARACION DE SOCIEDAD UNIPERSONAL, SIENDO SOCIO UNICO NEXUS TRAINING AND MOBILITY SL.  Datos registrales. S 8 , H B 662375, I/A 1 (17.08.26).",https://www.boe.es/diario_borme/xml.php?id=BORME-A-2026-162-08
20260824,A,BARCELONA,389065,PROPESA 2026 S.L,"Constitución. Comienzo de operaciones: 1.07.26. Objeto social: EL CNAE PRINCIPAL 6421.- ACTIVIDADES DE SOCIEDADES HOLDING. Domicilio: CL CAMI CAL MARGARIT NUM.28 (CASTELLVI DE LA MARCA). Capital: 6.000,00 Euros. Nombramientos. ADM.SOLIDAR.: SARAVIA GOMEZ ESTEFANIA;PEREZ LOPEZ JORDI.  Datos registrales. S 8 , H B 662379, I/A 1 (17.08.26).",https://www.boe.es/diario_borme/xml.php?id=BORME-A-2026-162-08
20260824,A,BARCELONA,389066,LOPEZ ALMONTE ARQUITECTURA BCN & PUERTO PLATA S.L,"Constitución. Comienzo de operaciones: 29.07.26. Objeto social: LA REFORMA DE INTEGRAL DE EDIFICIOS RESIDENCIALES. LA COMPRAVENTA, GESTION, ARRENDAMIENTO Y EXPLOTACION DE BIENES INMUEBLES POR CUENTA PROPIA. EL ASESORAMIENTO E INTERMEDIACION EN ACTIVIDADES INMOBILIARIAS. ETC. Domicilio: CL PROVIDENCIA NUM.30 ESC.1 P.3 PTA.2 (MANRESA). Capital: 215.000,00 Euros. Nombramientos. ADM.UNICO: LOPEZ GIRON ENRIQUE FRANCISCO.  Datos registrales. S 8 , H B 662344, I/A 1 (17.08.26).",https://www.boe.es/diario_borme/xml.php?id=BORME-A-2026-162-08
20260824,A,BARCELONA,389067,GAUDEAT S.L,"Cambio de domicilio social. CL BOLIVIA,NUM.340,LOCAL 46-55D (BARCELONA).  Datos registrales. S 8 , H B 653970, I/A 2 (17.08.26).",https://www.boe.es/diario_borme/xml.php?id=BORME-A-2026-162-08
20260824,A,BARCELONA,389068,AGRIVOLTIO S.L,"Modificaciones estatutarias. ARTICULO 7.- SISTEMA RETRIBUTIVO DEL ORGANO DE ADMINISTRACION SOCIAL.  Datos registrales. S 8 , H B 580256, I/A 3 (17.08.26).",https://www.boe.es/diario_borme/xml.php?id=BORME-A-2026-162-08
20260824,A,BARCELONA,389069,RCV TECMO SLL,"Transformación de sociedad. Denominación y forma adoptada: RCV TECMO SL. Revocaciones. ADM.UNICO: RAMOS CASERO FRANCISCO. Nombramientos. ADM.UNICO: ROBLES HIDALGO DANIEL. Modificaciones estatutarias. MODIFICACION DE LOS ARTICULOS 7, 8, 9, 21 Y 26 DE LOS ESTATUTOS SOCIALES. Otros conceptos: PERDIDA DE LA CONDICION DE SOCIEDAD LABORAL. Cambio de domicilio social. CL SAN CRISTOFOL,12-12, ESC. 1, PB, PTA. C-4 (MANRESA). Cambio de objeto social. AMPLIAR EN: ASI COMO LA CONSTRUCCION Y REHABILITACION DE EDIFICACIONES.  Datos registrales. S 8 , H B 208933, I/A 4 (17.08.26).",https://www.boe.es/diario_borme/xml.php?id=BORME-A-2026-162-08
20260824,A,BARCELONA,389070,GLOBAL BUSINESS FORUM SL,"Revocaciones. ADM.SOLIDAR.: ALBERDI SEWELL ARNAU MIQUEL. Nombramientos. ADM.UNICO: ALBERDI SEWELL POL MIQUEL. Modificaciones estatutarias. ART.- 22: SISTEMA RETRIBUTIVO DEL ORGANO DE ADMINISTRACION.  Datos registrales. S 8 , H B 237239, I/A 6 (17.08.26).",https://www.boe.es/diario_borme/xml.php?id=BORME-A-2026-162-08
20260824,A,BARCELONA,389071,AIGINER S.L,"Constitución. Comienzo de operaciones: 1.09.26. Objeto social: EL DESARROLLO, INVESTIGACION, DISEÑO, PROGRAMACION, FABRICACION, IMPLANTACION, INTEGRACION, MANTENIMIENTO, ACTUALIZACION, COMERCIALIZACION, DISTRIBUCION, CESION, LICENCIA, EXPLOTACION Y SOPORTE DE SOFTWARE, ETC. Domicilio: CL GRAN VIA DE CARLOS III NUM.98 P.10 (BARCELONA). Capital: 3.000,00 Euros. Nombramientos. ADM.UNICO: GINER HINTERMAYER GABRIELA.  Datos registrales. S 8 , H B 662372, I/A 1 (17.08.26).",https://www.boe.es/diario_borme/xml.php?id=BORME-A-2026-162-08
20260824,A,BARCELONA,389072,MOON OPERATIONS COMPANY S.L,"Ampliación de capital. Capital: 200,00 Euros. Resultante Suscrito: 3.200,00 Euros.  Datos registrales. S 8 , H B 616805, I/A 4 (17.08.26).",https://www.boe.es/diario_borme/xml.php?id=BORME-A-2026-162-08
20260824,A,BARCELONA,389073,PINTORS TORRENT 1920 S.L,"Cambio de domicilio social. CL RIERA DE SANT JORDI, NUMERO 73, LOCAL 2. (MONTGAT).  Datos registrales. S 8 , H B 538670, I/A 3 (17.08.26).",https://www.boe.es/diario_borme/xml.php?id=BORME-A-2026-162-08
20260824,A,BARCELONA,389074,GUTIERREZ TRULLAS 2000 SL,"Ampliación de capital. Capital: 45.075,90 Euros. Resultante Suscrito: 141.237,82 Euros.  Datos registrales. S 8 , H B 73728, I/A 8 (14.08.26).",https://www.boe.es/diario_borme/xml.php?id=BORME-A-2026-162-08
20260824,A,BARCELONA,389075,GRB SERVEIS SL,"Revocaciones. ADM.UNICO: GREMI DE RESTAURACIO DE BARCELONA AMBIT DE CATALU. REPR.143 RRM: CHIAS SURIOL PERE;PALLAROLS TAYLOR ROGER. LIQUIDADOR: PALLAROLS TAYLOR ROGER. Nombramientos. REPR.143 RRM: PALLAROLS TAYLOR ROGER. LIQUIDADOR: PALLAROLS TAYLOR ROGER. Extinción.  Datos registrales. S 8 , H B 265879, I/A 7 (17.08.26).",https://www.boe.es/diario_borme/xml.php?id=BORME-A-2026-162-08
20260824,A,BARCELONA,389076,MEDIOLANUM GESTION SOCIEDAD GESTORA DE INSTITUCIONES DE INVERSION COLECTIVA SA,"Revocaciones. APODERAD.SOL: REPISO BENITO MARIA PAZ;REPISO BENITO MARIA PAZ.  Datos registrales. S 8 , H B 42352, I/A 145 (17.08.26).",https://www.boe.es/diario_borme/xml.php?id=BORME-A-2026-162-08
20260824,A,BARCELONA,389077,SAINTS DELYE 2025 S.L,"Revocaciones. ADM.SOLIDAR.: ALBA PANIAGUA JAVIER.  Datos registrales. S 8 , H B 647848, I/A 3 (17.08.26).",https://www.boe.es/diario_borme/xml.php?id=BORME-A-2026-162-08
20260824,A,BARCELONA,389078,MONTECINCA SA,"Nombramientos. ADM.UNICO: IBERCLOR SL. REPR.143 RRM: COLL USANDIZAGA FRANCISCO.  Datos registrales. S 8 , H B 69714, I/A 42 (17.08.26).",https://www.boe.es/diario_borme/xml.php?id=BORME-A-2026-162-08
20260824,A,BARCELONA,389079,MONDENTAL GROUP BCN SL,"Revocaciones. ADM.UNICO: CORUS DENTAL INSTITUTE SL. Nombramientos. ADM.SOLIDAR.: CORUS DENTAL INSTITUTE SL;CORUS EUROPE BV. REPR.143 RRM: ROMA VIVES JUAN.  Datos registrales. S 8 , H B 419272, I/A 12 (17.08.26).",https://www.boe.es/diario_borme/xml.php?id=BORME-A-2026-162-08
20260824,A,BARCELONA,389080,CHOFERING SL,"Revocaciones. ADM.UNICO: RENATO VALENTIN RETHATI. Nombramientos. ADM.UNICO: BERNADETT ZSUZSANNA RETHATI. Otros conceptos: DECLARACION DE CAMBIO DE SOCIO UNICO, SIENDO LA NUEVA SOCIA UNICA: LASZLO PETERNE SARDI.  Datos registrales. S 8 , H B 512130, I/A 5 (17.08.26).",https://www.boe.es/diario_borme/xml.php?id=BORME-A-2026-162-08
20260824,A,BARCELONA,389081,MATEO RENOVACION S.L,"Revocaciones. ADM.UNICO: MIKHAIL SUSLOV. Nombramientos. ADM.UNICO: ROMAN KUNKO.  Datos registrales. S 8 , H B 654262, I/A 3 (17.08.26).",https://www.boe.es/diario_borme/xml.php?id=BORME-A-2026-162-08
20260824,A,BARCELONA,389082,DAVID SA,"Revocaciones. CONSEJERO: MARTINEZ BORDIU BASSO ALEJO;FELIU ROVIRALTA JOSE ANTONIO;ROCA NOGUERA JOSEP. Nombramientos. CONSEJERO: MARTINEZ BORDIU BASSO ALEJO;FELIU ROVIRALTA JOSE ANTONIO;ROCA NOGUERA JOSEP.  Datos registrales. S 8 , H B 100926, I/A 117 (17.08.26).",https://www.boe.es/diario_borme/xml.php?id=BORME-A-2026-162-08
20260824,A,BARCELONA,389083,SOMOS TOPO POINT MUSIC S.L,"Revocaciones. ADM.UNICO: MINAYA DE LA PAZ ROBERTO ENRIQUE. Nombramientos. ADM.UNICO: MAÑON VARGAS ARISMENDY.  Datos registrales. S 8 , H B 642984, I/A 2 (17.08.26).",https://www.boe.es/diario_borme/xml.php?id=BORME-A-2026-162-08
20260824,A,BARCELONA,389084,CHEKOL S.L,"Revocaciones. ADM.UNICO: MASIP DE POO CHRISTIAN.  Datos registrales. S 8 , H B 65992, I/A 23 (17.08.26).",https://www.boe.es/diario_borme/xml.php?id=BORME-A-2026-162-08
20260824,A,BARCELONA,389085,CARNIQUES D'OSONA SL,"Nombramientos. AUDIT.CUENT.: M AUDIT SLP. AUDT.CTS.CON: M AUDIT SLP.  Datos registrales. S 8 , H B 15588, I/A 24 (14.08.26).",https://www.boe.es/diario_borme/xml.php?id=BORME-A-2026-162-08
20260824,A,BARCELONA,389086,EMBUTIDOS OSONA SA,"Nombramientos. AUDIT.CUENT.: M AUDIT SLP.  Datos registrales. S 8 , H B 64796, I/A 31 (17.08.26).",https://www.boe.es/diario_borme/xml.php?id=BORME-A-2026-162-08
20260824,A,BARCELONA,389087,LASERCOMERCIAL ENTERPRISE S.L,"Nombramientos. APOD.SOL/MAN: RODRIGUEZ TARRIDA MARC.  Datos registrales. S 8 , H B 545122, I/A 6 (14.08.26).",https://www.boe.es/diario_borme/xml.php?id=BORME-A-2026-162-08
20260824,A,BARCELONA,389088,KUROSIVO SL,"Nombramientos. APOD.SOL/MAN: JULIA PERS ALEIX;JULIA PERS ANNA;JULIA PERS ZHEN.  Datos registrales. S 8 , H B 224729, I/A 9 (14.08.26).",https://www.boe.es/diario_borme/xml.php?id=BORME-A-2026-162-08
20260824,A,BARCELONA,389089,VICENTE TORNS DISTRIBUTION SL,"Nombramientos. APODERAD.SOL: CURTO CAPDEVILA ENRIC.  Datos registrales. S 8 , H B 316093, I/A 22 (14.08.26).",https://www.boe.es/diario_borme/xml.php?id=BORME-A-2026-162-08
20260824,A,BARCELONA,389090,PIERA BARCELONA SL,"Nombramientos. APODERAD.SOL: SANZ DIAZ MARIA PILAR.  Datos registrales. S 8 , H B 441588, I/A 10 (14.08.26).",https://www.boe.es/diario_borme/xml.php?id=BORME-A-2026-162-08
20260824,A,BARCELONA,389091,NEW NARVIK SL,"Nombramientos. APODERAD.SOL: SANZ DIAZ MARIA PILAR.  Datos registrales. S 8 , H B 252713, I/A 11 (14.08.26).",https://www.boe.es/diario_borme/xml.php?id=BORME-A-2026-162-08
20260824,A,BARCELONA,389092,CETRIKO SL,"Nombramientos. APODERAD.SOL: SANZ DIAZ MARIA PILAR.  Datos registrales. S 8 , H B 458713, I/A 16 (14.08.26).",https://www.boe.es/diario_borme/xml.php?id=BORME-A-2026-162-08
20260824,A,BARCELONA,389093,VYTRUS BIOTECH S.A,"Revocaciones. REPR.143 RRM: GABRIELE ZARETTI. Nombramientos. REPR.143 RRM: NOVO FLOTATS JUDITH.  Datos registrales. S 8 , H B 379639, I/A 26 (14.08.26).",https://www.boe.es/diario_borme/xml.php?id=BORME-A-2026-162-08
20260824,A,BARCELONA,389094,ALS ESPAÑA GLOBAL CUSTOMS SOLUTIONS S.L,"Nombramientos. APOD.SOL/MAN: FRANK LINDNER.  Datos registrales. S 8 , H B 614672, I/A 23 (14.08.26).",https://www.boe.es/diario_borme/xml.php?id=BORME-A-2026-162-08
20260824,A,BARCELONA,389095,ALS ESPAÑA GLOBAL CUSTOMS SOLUTIONS S.L,"Nombramientos. APODERAD.SOL: GOMEZ FERNANDEZ MARIANO.  Datos registrales. S 8 , H B 614672, I/A 24 (14.08.26).",https://www.boe.es/diario_borme/xml.php?id=BORME-A-2026-162-08
20260824,A,BARCELONA,389096,ALS ESPAÑA GLOBAL CUSTOMS SOLUTIONS S.L,"Nombramientos. APODERAD.SOL: MORI MELERO PATRICIA.  Datos registrales. S 8 , H B 614672, I/A 25 (14.08.26).",https://www.boe.es/diario_borme/xml.php?id=BORME-A-2026-162-08
20260824,A,BARCELONA,389097,BLOMERO SL,"Nombramientos. APODERAD.SOL: CASSI ESTEVE PERE;ROMERO GALLARDO VICTOR MANUEL.  Datos registrales. S 8 , H B 279953, I/A 4 (15.08.26).",https://www.boe.es/diario_borme/xml.php?id=BORME-A-2026-162-08
20260824,A,BARCELONA,389098,FERRER FARMA SA,"Nombramientos. APOD.MANCOMU: BAQUES MASSO SILVIA;VILA MORAN BEATRIZ.  Datos registrales. S 8 , H B 80979, I/A 219 (14.08.26).",https://www.boe.es/diario_borme/xml.php?id=BORME-A-2026-162-08
20260824,A,BARCELONA,389099,FERRER FARMA SA,"Nombramientos. APOD.MANCOMU: VILA MORAN BEATRIZ;CUNEO GALLO JORGE.  Datos registrales. S 8 , H B 80979, I/A 220 (14.08.26).",https://www.boe.es/diario_borme/xml.php?id=BORME-A-2026-162-08
20260824,A,BARCELONA,389100,RHENUS LOGISTICS SA,"Revocaciones. APOD.SOL/MAN: VASALLO GUTIERREZ VERONICA.  Datos registrales. S 8 , H B 73260, I/A 606 (14.08.26).",https://www.boe.es/diario_borme/xml.php?id=BORME-A-2026-162-08
20260824,A,BARCELONA,389101,RHENUS LOGISTICS SA,"Nombramientos. APOD.SOL/MAN: DELGADO SANTOS ENRIQUE.  Datos registrales. S 8 , H B 73260, I/A 607 (14.08.26).",https://www.boe.es/diario_borme/xml.php?id=BORME-A-2026-162-08
20260824,A,BARCELONA,389102,RHENUS LOGISTICS SA,"Nombramientos. APOD.SOL/MAN: GONZALEZ CLEMENTE EDGAR MIGUEL.  Datos registrales. S 8 , H B 73260, I/A 608 (14.08.26).",https://www.boe.es/diario_borme/xml.php?id=BORME-A-2026-162-08
20260824,A,BARCELONA,389103,AD PORTS NOATUM S.L,"Nombramientos. APODERAD.SOL: MORENO LOPEZ EDUARDO.  Datos registrales. S 8 , H B 661449, I/A 3 (15.08.26).",https://www.boe.es/diario_borme/xml.php?id=BORME-A-2026-162-08
20260824,A,BARCELONA,389104,AD PORTS NOATUM S.L,"Nombramientos. APODERAD.SOL: GUTIERREZ GONZALEZ SERGIO.  Datos registrales. S 8 , H B 661449, I/A 4 (15.08.26).",https://www.boe.es/diario_borme/xml.php?id=BORME-A-2026-162-08
20260824,A,BARCELONA,389105,AD PORTS NOATUM S.L,"Nombramientos. APODERAD.SOL: MUÑOZ BURGUES FERNANDO.  Datos registrales. S 8 , H B 661449, I/A 5 (15.08.26).",https://www.boe.es/diario_borme/xml.php?id=BORME-A-2026-162-08
20260824,A,BARCELONA,389106,GAGSP LOGISTIC SERVICES S.L,"Nombramientos. APODERAD.SOL: LLINAS VERA MARIA DEL CARMEN.  Datos registrales. S 8 , H B 451332, I/A 9 (14.08.26).",https://www.boe.es/diario_borme/xml.php?id=BORME-A-2026-162-08
20260824,A,BARCELONA,389107,BETWEEN TECHNOLOGY SL,"Revocaciones. APOD.SOL/MAN: SANCHEZ DE LEON LUIS;JEROME ANDRE MICHEL BRUNO CAILLE.  Datos registrales. S 8 , H B 228764, I/A 50 (14.08.26).",https://www.boe.es/diario_borme/xml.php?id=BORME-A-2026-162-08
20260824,A,BARCELONA,389108,SNP STRATEGIC GROUP S.L,"Nombramientos. APODERAD.SOL: GANDIA ESPINOSA ROSA.  Datos registrales. S 8 , H B 625887, I/A 6 (14.08.26).",https://www.boe.es/diario_borme/xml.php?id=BORME-A-2026-162-08
20260824,A,BARCELONA,389109,SERVICIOS Y MANTENIMIENTOS DEL CINCA S.L,"Revocaciones. APOD.SOL/MAN: RONCERO VILLAR LAURA MARIA.  Datos registrales. S 8 , H B 62921, I/A 18 (14.08.26).",https://www.boe.es/diario_borme/xml.php?id=BORME-A-2026-162-08
20260824,A,BARCELONA,389110,ARTEMI NOLLA GRUP GESTIO DE RESTAURANTS SL,"Revocaciones. APODERAD.SOL: URGELL DE CACERES EDUARD;NOLLA WINKEL ARTEMI.  Datos registrales. S 8 , H B 246800, I/A 28 (14.08.26).",https://www.boe.es/diario_borme/xml.php?id=BORME-A-2026-162-08
20260824,A,BARCELONA,389111,J. MARTI NAUS SL,"Nombramientos. APODERAD.SOL: MARTI PORRAS JOAN.  Datos registrales. S 8 , H B 442348, I/A 3 (14.08.26).",https://www.boe.es/diario_borme/xml.php?id=BORME-A-2026-162-08
20260824,A,BARCELONA,389112,TELEMATIC IT SOLUTIONS S.L,"Nombramientos. APODERAD.SOL: BAIGES BAU MONTSERRAT.  Datos registrales. S 8 , H B 191899, I/A 8 (14.08.26).",https://www.boe.es/diario_borme/xml.php?id=BORME-A-2026-162-08
20260824,A,BARCELONA,389113,BELFINTEX SA,"Nombramientos. CONSEJERO: BERTRAN MARTI JOSE MARIA. PRESIDENTE: BERTRAN MARTI JOSE MARIA. CONSEJERO: BERTRAN MARTI LUISA MARIA;BERTRAN DE CELIS ROMA;BERTRAN BUENO DEMOS. SECRETARIO: BERTRAN BUENO DEMOS.  Datos registrales. S 8 , H B 28931, I/A 104 (14.08.26).",https://www.boe.es/diario_borme/xml.php?id=BORME-A-2026-162-08
20260824,A,BARCELONA,389114,EUROHABITATGE ALFA SL,"Revocaciones. APODERAD.SOL: CASALTA AVELLANEDA YOLANDA. Nombramientos. APODERAD.SOL: SORNI HUBRECHT MARIA DOLORES.  Datos registrales. S 8 , H B 196151, I/A 8 (14.08.26).",https://www.boe.es/diario_borme/xml.php?id=BORME-A-2026-162-08
20260824,A,BARCELONA,389115,TAIT ESPAÑA SL,"Revocaciones. REPR.143 RRM: LUC BERTRAND SALUS. Nombramientos. REPR.143 RRM: CELINE LAURE MOTTE.  Datos registrales. S 8 , H B 479206, I/A 35 (14.08.26).",https://www.boe.es/diario_borme/xml.php?id=BORME-A-2026-162-08
20260824,A,BARCELONA,389116,TAIT ESPAÑA SL,"Nombramientos. APODERAD.SOL: CAÑETE HIDALGO ALBERT;ICHART RUIZ RAQUEL.  Datos registrales. S 8 , H B 479206, I/A 36 (14.08.26).",https://www.boe.es/diario_borme/xml.php?id=BORME-A-2026-162-08
20260824,A,BARCELONA,389117,TAIT ESPAÑA SL,"Revocaciones. APODERAD.SOL: PATRICK BEGEY;SOLE ROMEU ELIONORA;LONGAS BELTRAN ALBERTO;LONGAS BELTRAN ALBERTO. Datos registrales. S 8 , H B 479206, I/A 37 (14.08.26).",https://www.boe.es/diario_borme/xml.php?id=BORME-A-2026-162-08
20260824,A,BARCELONA,389118,CERRAJERIA ARCU SA,"Nombramientos. APODERAD.SOL: CUBELES MARQUEZ EVA.  Datos registrales. S 8 , H B 75629, I/A 17 (17.08.26).",https://www.boe.es/diario_borme/xml.php?id=BORME-A-2026-162-08
20260824,A,BARCELONA,389119,MM GESTION DOCUMENTAL S.L,"Revocaciones. APODERAD.SOL: BRUQUE ALEGRE MARTA.  Datos registrales. S 8 , H B 646007, I/A 3 (17.08.26).",https://www.boe.es/diario_borme/xml.php?id=BORME-A-2026-162-08
20260824,A,BARCELONA,389120,ANTONIO'S LODGE SITGES S.L,"Revocaciones. APODERAD.SOL: PAMIES BOSCH JUAN.  Datos registrales. S 8 , H B 543224, I/A 5 (17.08.26).",https://www.boe.es/diario_borme/xml.php?id=BORME-A-2026-162-08
20260824,A,BARCELONA,389121,FRIGORIFICS FERRER SA,"Revocaciones. APODERAD.SOL: NOGUERA BORONAT XAVIER.  Datos registrales. S 8 , H B 14263, I/A 55 (17.08.26).",https://www.boe.es/diario_borme/xml.php?id=BORME-A-2026-162-08
20260824,A,BARCELONA,389122,RPM RACING SL,"Revocaciones. APOD.SOL/MAN: LLORENS CODINACH CRISTIAN.  Datos registrales. S 8 , H B 171258, I/A 56 (17.08.26).",https://www.boe.es/diario_borme/xml.php?id=BORME-A-2026-162-08
20260824,A,BARCELONA,389123,MICRO NATURAL SL,"Nombramientos. APODERAD.SOL: SANCHEZ AGUILERA ANTONIO CANDIDA.  Datos registrales. S 8 , H B 97948, I/A 12 (17.08.26).",https://www.boe.es/diario_borme/xml.php?id=BORME-A-2026-162-08
20260824,A,BARCELONA,389124,INVARSO SL,"Nombramientos. APODERAD.SOL: SORNI HUBRECHT MARIA DOLORES.  Datos registrales. S 8 , H B 11289, I/A 10 (14.08.26).",https://www.boe.es/diario_borme/xml.php?id=BORME-A-2026-162-08
20260824,A,BARCELONA,389125,ROC VERD VETERINARIA SL,"Nombramientos. APODERAD.SOL: CLEMENTE COLLADO ANTONIO;MANZANO TOMAS BELEN VERONICA.  Datos registrales. S 8 , H B 169968, I/A 14 (17.08.26).",https://www.boe.es/diario_borme/xml.php?id=BORME-A-2026-162-08
20260824,A,BARCELONA,389126,QUYNH ANH NAILS S.L,"Constitución. Comienzo de operaciones: 30.07.26. Objeto social: ACTIVIDADES DE CUIDADOS DE BELLEZA Y OTRAS ACTIVIDADES DE TRATAMIENTO DE BELLEZA CNAE 96.22 CNAE ACTIVIDAD PRINCIPAL 9622. OTRAS ACTIVIDADES: PELUQUERIAS Y BARBERIAS. BARES Y RESTAURANTES, ETC. Domicilio: CL GRUP SANT BERNAT NUM.21 P.BJ PTA.2 (OLESA DE MONTSERRAT). Capital: 3.000,00 Euros. Nombramientos. ADM.UNICO: LAO TRAN. Otros conceptos: DECLARACION DE SOCIEDAD UNIPERSONAL, SIENDO SOCIO UNICO LAO TRAN.  Datos registrales. S 8 , H B 662236, I/A 1 (15.08.26).",https://www.boe.es/diario_borme/xml.php?id=BORME-A-2026-162-08
20260824,A,BARCELONA,389127,DMINE NAILS S.L,"Constitución. Comienzo de operaciones: 30.07.26. Objeto social: ACTIVIDADES DE CUIDADOS DE BELLEZA Y OTRAS ACTIVIDADES DE TRATAMIENTO DE BELLEZA CNAE 96.22.CNAE ACTIVIDAD PRINCIOAL 96.22 OTRAS ACTIVIDADES PELUQUERIAS Y BARBERIAS.BARES Y RESTAURANTES, ETC. Domicilio: CL SIBELIUS 11 LOCAL SANT MARTI (BARCELONA). Capital: 3.000,00 Euros. Nombramientos. ADM.UNICO: VAN TY VO. Otros conceptos: DECLARACION DE SOCIEDAD UNIPERSONAL, SIENDO SOCIO UNICO VAN TY VO.  Datos registrales. S 8 , H B 662231, I/A 1 (15.08.26).",https://www.boe.es/diario_borme/xml.php?id=BORME-A-2026-162-08
20260824,A,BARCELONA,389128,VDM1975 S.L,"Constitución. Comienzo de operaciones: 16.07.26. Objeto social: ACTIVIDAD PRINCIPAL: 5611 RESTAURANTES. ACTIVIDADES SECUNDARIAS: 5621 SERVICIOS OCASIONALES DE CATERING. 5622 SERVICIOS REGULARES DE CATERING Y OTROS SERVICIOS DE COMIDAS. 4639 COMERCIO AL POR MAYOR,ETC. Domicilio: CL SANTA ROSA DE LIMA NUM.64 (VILASSAR DE MAR). Capital: 3.000,00 Euros. Nombramientos. ADM.SOLIDAR.: JOAN PARERA DURAN;RAMIR PARERA DURAN. Otros conceptos: DECLARACION DE SOCIEDAD UNIPERSONAL, SIENDO SOCIO UNICO GRUP PARERA 1975 S.L.  Datos registrales. S 8 , H B 662304, I/A 1 (14.08.26).",https://www.boe.es/diario_borme/xml.php?id=BORME-A-2026-162-08
20260824,A,BARCELONA,389129,CAPITAL JESSAL S.L,"Nombramientos. APODERAD.SOL: GALVEZ BASTE ENRIQUE JUAN.  Datos registrales. S 8 , H B 655424, I/A 3 (14.08.26).",https://www.boe.es/diario_borme/xml.php?id=BORME-A-2026-162-08
20260824,A,BARCELONA,389130,BWT PHARMA AND BIOTECH IBERICA S.A,"Nombramientos. CONSEJERO: CAY MIKAEL MATS MANSSON;FERNANDEZ VENTURA SANTIAGO;FEDERICO ALESSANDRO GALLIA;HENRIK FORSLUND.  Datos registrales. S 8 , H B 41626, I/A 74 (14.08.26).",https://www.boe.es/diario_borme/xml.php?id=BORME-A-2026-162-08
20260824,A,BARCELONA,389131,INDUSTRIAS BOLCAR S.L,"Revocaciones. CONSEJERO: DIAZ LEON MARIA CARMEN.  Datos registrales. S 8 , H B 30277, I/A 47 (14.08.26).",https://www.boe.es/diario_borme/xml.php?id=BORME-A-2026-162-08
20260824,A,BARCELONA,389132,NEW WAVE SPORTSWEAR SA,"Nombramientos. CONSEJERO: CARL GORAN HARSTEDT. PRESIDENTE: CARL GORAN HARSTEDT. CONSEJERO: ULF TORSTEN JANSSON. VICEPRESIDEN: ULF TORSTEN JANSSON. CONSEJERO: TUSET MONTANER FRANCESC. SECRETARIO: TUSET MONTANER FRANCESC.  Datos registrales. S 8 , H B 166887, I/A 36 (14.08.26).",https://www.boe.es/diario_borme/xml.php?id=BORME-A-2026-162-08
20260824,A,BARCELONA,389133,APM TERMINALS SPAIN RAILWAY S.L,"Nombramientos. AUDIT.CUENT.: PRICEWATERHOUSECOOPERS AUDITORES SL.  Datos registrales. S 8 , H B 321201, I/A 69 (14.08.26).",https://www.boe.es/diario_borme/xml.php?id=BORME-A-2026-162-08
20260824,A,BARCELONA,389134,GAMARTI SL,"Revocaciones. ADM.UNICO: GARCIA IBAÑEZ MIGUEL ANGEL. Nombramientos. ADM.UNICO: ÑEZGAR HOLDING SL. REPR.143 RRM: GARCIA IBAÑEZ MIGUEL ANGEL.  Datos registrales. S 8 , H B 181016, I/A 15 (14.08.26).",https://www.boe.es/diario_borme/xml.php?id=BORME-A-2026-162-08
20260824,A,BARCELONA,389135,APM TERMINALS SPAIN GATEWAYS S.L,"Nombramientos. AUDIT.CUENT.: PRICEWATERHOUSECOOPERS AUDITORES SL.  Datos registrales. S 8 , H B 201781, I/A 129 (14.08.26).",https://www.boe.es/diario_borme/xml.php?id=BORME-A-2026-162-08
20260824,A,BARCELONA,389136,PALMTEN SA,"Nombramientos. ADM.UNICO: HOTELGEST 10 SL. REPR.143 RRM: ESPELT MANRIQUE JORDI.  Datos registrales. S 8 , H B 91336, I/A 13 (14.08.26).",https://www.boe.es/diario_borme/xml.php?id=BORME-A-2026-162-08
20260824,A,BARCELONA,389137,ASHD DE SARRATEA S.L,"Revocaciones. ADM.SOLIDAR.: RAMOS PIMIENTA VICTOR. Nombramientos. ADM.SOLIDAR.: RAUL IGNACIO CARRASCO CORNEJO.  Datos registrales. S 8 , H B 624447, I/A 4 (14.08.26).",https://www.boe.es/diario_borme/xml.php?id=BORME-A-2026-162-08
20260824,A,BARCELONA,389138,AKA GOODS S.L,"Otros conceptos: SECCION MERCANTIL DEL TI DE BARCELONA, PLAZA NUMERO 6, PROC. CONC. VOLUNTARIO 383/2026, AUTOS FIRMES DE FECHA 28/05/2026: DECLARACION DE CONCURSO VOLUNTARIO; Y 14/07/2026: CONCLUSION DEL CONCURSO Y CIERRE PROVISIONAL DE LA HOJA REGISTRAL.  Datos registrales. S 8 , H B 564240, I/A 2 (17.08.26).",https://www.boe.es/diario_borme/xml.php?id=BORME-A-2026-162-08
20260824,A,BARCELONA,389139,PUDIGAR 2020 S.L,"Revocaciones. ADM.UNICO: TERRADAS FERNANDEZ JUAN MANUEL. Nombramientos. ADM.UNICO: ALHAMBRA CEÑERA CHRISTIAN RICARDO. Otros conceptos: DECLARACION DE CAMBIO DE SOCIO UNICO SIENDO EL NUEVO SOCIO UNICO DON CHRISTIAN RICARDO ALHAMBRA CEÑERA.  Datos registrales. S 8 , H B 548000, I/A 7 (14.08.26).",https://www.boe.es/diario_borme/xml.php?id=BORME-A-2026-162-08
20260824,A,BARCELONA,389140,GTTRUFF S.L,"Revocaciones. ADM.SOLIDAR.: PONS GARRIGA GERARD;LAVIN COSTA TONI. Nombramientos. ADM.UNICO: PONS GARRIGA GERARD. Otros conceptos: DECLARACION DE LA UNIPERSONALIDAD SIENDO EL SOCIO UNICO DON GERARD PONS GARRIGA. Datos registrales. S 8 , H B 644436, I/A 2 (14.08.26).",https://www.boe.es/diario_borme/xml.php?id=BORME-A-2026-162-08
20260824,A,BARCELONA,389141,EL TALLER SANTA COLOMA S.L,"Revocaciones. ADM.UNICO: XIAOJING CHEN. Nombramientos. ADM.UNICO: GARCIA PRIETO BENJAMIN. Otros conceptos: DECLARACION DE CAMBIO DE SOCIO UNICO. SIENDO EL NUEVO SOCIO: DON BENJAMIN GARCIA PRIETO.  Datos registrales. S 8 , H B 581335, I/A 2 (14.08.26).",https://www.boe.es/diario_borme/xml.php?id=BORME-A-2026-162-08
20260824,A,BARCELONA,389142,12 BCASFINTECH S.L,"Reducción de capital. Importe reducción: 3.000,00 Euros. Resultante Suscrito: 0,00 Euros. Ampliación de capital. Capital: 24.493,00 Euros. Resultante Suscrito: 24.493,00 Euros. Ampliación de capital. Capital: 3.443,00 Euros. Resultante Suscrito: 27.936,00 Euros. Otros conceptos: DECLARACION DE PERDIDA DE UNIPERSONALIDAD.  Datos registrales. S 8 , H B 591310, I/A 4 ( 6.08.26).",https://www.boe.es/diario_borme/xml.php?id=BORME-A-2026-162-08
20260824,A,BARCELONA,389143,POWERGO PUBLIC S.L,"Cambio de domicilio social. PZ DEL DR. LETAMENDI Num.1 (BARCELONA).  Datos registrales. S 8 , H B 662359, I/A 6 (17.08.26).",https://www.boe.es/diario_borme/xml.php?id=BORME-A-2026-162-08
20260824,A,BARCELONA,389144,INGLO SL,"Nombramientos. ADM.CONJUNTO: MARIMON SERRA FRANCISCO BORJA;MARIMON SERRA JORGE.  Datos registrales. S 8 , H B 89950, I/A 20 (14.08.26).",https://www.boe.es/diario_borme/xml.php?id=BORME-A-2026-162-08
20260824,A,BARCELONA,389145,LINIA NOU MANTENIMENT SL,"Revocaciones. PRESIDENTE: CAT DESENVOLUPAMENT DE CONCESSIONS CATALANES SL. Nombramientos. PRESIDENTE: DESARROLLO DE CONCESIONES FERROVIARIAS SL.  Datos registrales. S 8 , H B 405047, I/A 40 (14.08.26).",https://www.boe.es/diario_borme/xml.php?id=BORME-A-2026-162-08
20260824,A,BARCELONA,389146,ACTUANT MIDDLE EAST HOLDINGS SL,"Revocaciones. CONSEJERO: ERIK MARTIN DE GREEF. PRESIDENTE: ERIK MARTIN DE GREEF. Nombramientos. CONSEJERO: IMRAN MALIK. SECRETARIO: IMRAN MALIK.  Datos registrales. S 8 , H B 484160, I/A 15 (14.08.26).",https://www.boe.es/diario_borme/xml.php?id=BORME-A-2026-162-08
20260824,A,BARCELONA,389147,CHIRINGUITO ANANDA SL,"Nombramientos. APODERAD.SOL: LOPEZ LIEVANA BORJA.  Datos registrales. S 8 , H B 488082, I/A 8 (17.08.26).",https://www.boe.es/diario_borme/xml.php?id=BORME-A-2026-162-08
20260824,A,BARCELONA,389148,CHOICE BLUE SL,"Nombramientos. APODERAD.SOL: ORTEGA ESTEBANEZ JOSE LEONARDO.  Datos registrales. S 8 , H B 501132, I/A 12 (17.08.26).",https://www.boe.es/diario_borme/xml.php?id=BORME-A-2026-162-08
20260824,A,BARCELONA,389149,THAI CENTER MADRID S.L,"Nombramientos. APODERAD.SOL: ORTEGA ESTEBANEZ JOSE LEONARDO.  Datos registrales. S 8 , H B 637822, I/A 5 (17.08.26).",https://www.boe.es/diario_borme/xml.php?id=BORME-A-2026-162-08
20260824,A,BARCELONA,389150,CLINICA VETERINARIA POBLE NOU SL,"Revocaciones. APOD.MANCOMU: JENNIFER ANGELA ABSON;EMILY ANNETTE HOLDAWAY;IAN EDMONDSON HEAP;LOUISA BING YIN TAM;PENELOPE JANE NASH;ROWENA ALEXANDRA BARTLETT JONES;EMMA CRAYTHORNE;KAMILA URBANOWICZ;RHOESHEENA MARY SLEIGH;KURTIS THOMAS POPE;PIQUERAS MORATAL MARIA ISABELAPOD.SOL/MAN: MANZANO TOMAS BELEN VERONICA. APODERAD.SOL: JEANINE WILKINSON;LOPEZ SUNDH JORGE EDUARDO.  Datos registrales. S 8 , H B 487915, I/A 9 (17.08.26).",https://www.boe.es/diario_borme/xml.php?id=BORME-A-2026-162-08
20260824,A,BARCELONA,389151,KUZNETSOVA&HIJA S.L,"Nombramientos. APODERAD.SOL: CLAUDIA MARIA VILLORDO KANTEK.  Datos registrales. S 8 , H B 573518, I/A 3 (17.08.26).",https://www.boe.es/diario_borme/xml.php?id=BORME-A-2026-162-08
20260824,A,BARCELONA,389152,RHUBARD PIE S.L,"Nombramientos. APODERAD.SOL: CLAUDIA MARIA VILLORDO KANTEK.  Datos registrales. S 8 , H B 620356, I/A 2 (17.08.26).",https://www.boe.es/diario_borme/xml.php?id=BORME-A-2026-162-08
20260824,A,BARCELONA,389153,TINKLE CONSULTANTS SL,"Nombramientos. AUDIT.CUENT.: DELOITTE AUDITORES SL.  Datos registrales. S 8 , H B 193923, I/A 30 (14.08.26).",https://www.boe.es/diario_borme/xml.php?id=BORME-A-2026-162-08
20260824,A,BARCELONA,389154,PRO A PRO HOSTELERIA ORGANIZADA S.A,"Nombramientos. AUDIT.CUENT.: ERNST & YOUNG SL.  Datos registrales. S 8 , H B 227006, I/A 236 (14.08.26).",https://www.boe.es/diario_borme/xml.php?id=BORME-A-2026-162-08
20260824,A,BARCELONA,389155,BERMISALUD SL,"Revocaciones. ADM.UNICO: BERZOSA MIRA CELIA. Nombramientos. ADM.SOLIDAR.: BERZOSA MIRA ISABEL;MIRA ALBA MARIA TERESA;BERZOSA MIRA CELIA;BERZOSA MARTINEZ JESUS.  Datos registrales. S 8 , H B 444177, I/A 7 (14.08.26).",https://www.boe.es/diario_borme/xml.php?id=BORME-A-2026-162-08
20260824,A,BARCELONA,389156,KING SHARED SERVICES SL,"Revocaciones. CONSEJERO: MARIUS JOSEPH MCKEON. PRESIDENTE: MARIUS JOSEPH MCKEON. CONS. DELEG.: MARIUS JOSEPH MCKEON. Nombramientos. PRESIDENTE: BENJAMIN OWEN ORNDORFF.  Datos registrales. S 8 , H B 438095, I/A 47 (15.08.26).",https://www.boe.es/diario_borme/xml.php?id=BORME-A-2026-162-08
20260824,A,BARCELONA,389157,INPEX OPCION SL,"Nombramientos. AUDIT.CUENT.: JM GAY Y SANFELIU AUDITORES SL.  Datos registrales. S 8 , H B 264493, I/A 11 (14.08.26).",https://www.boe.es/diario_borme/xml.php?id=BORME-A-2026-162-08
20260824,A,BARCELONA,389158,ARCOIRIS LIGHTING SYSTEMS S.L,"Revocaciones. AUDIT.ART265: VENTURETECH AUDIT SL.  Datos registrales. S 8 , H B 94661, I/A 31 (17.08.26).",https://www.boe.es/diario_borme/xml.php?id=BORME-A-2026-162-08
20260824,A,BARCELONA,389159,AGROLIMEN SA,"Nombramientos. AUDIT.INDIV.: ERNST & YOUNG SL. AUDT.CTS.CON: ERNST & YOUNG SL.  Datos registrales. S 8 , H B 200132, I/A 166 (14.08.26).",https://www.boe.es/diario_borme/xml.php?id=BORME-A-2026-162-08
20260824,A,BARCELONA,389160,MARMIRE INVERSIONS SA SICAV,"Nombramientos. AUDIT.CUENT.: DELOITTE AUDITORES SL.  Datos registrales. S 8 , H B 194652, I/A 35 (14.08.26).",https://www.boe.es/diario_borme/xml.php?id=BORME-A-2026-162-08
20260824,A,BARCELONA,389161,ANTONIO PUIG SA,"Nombramientos. AUDIT.CUENT.: ERNST & YOUNG SL.  Datos registrales. S 8 , H B 11327, I/A 238 (14.08.26).",https://www.boe.es/diario_borme/xml.php?id=BORME-A-2026-162-08
20260824,A,BARCELONA,389162,BASF ESPAÑOLA SL,"Revocaciones. SECR.NO CONS: COSTA GRAY SUSANA A. Nombramientos. SECR.NO CONS: MARTINEZ NUÑEZ IRENE SOFIA.  Datos registrales. S 8 , H B 85789, I/A 504 (14.08.26).",https://www.boe.es/diario_borme/xml.php?id=BORME-A-2026-162-08
20260824,A,BARCELONA,389163,COMELLA Y COMELLA CONSTRUCTORS SL,"Nombramientos. AUDIT.CUENT.: FIRST PERITOS AUDITORES Y ECONOMISTAS SL.  Datos registrales. S 8 , H B 25237, I/A 8 (14.08.26).",https://www.boe.es/diario_borme/xml.php?id=BORME-A-2026-162-08
20260824,A,BARCELONA,389164,LOREFAR SL,"Nombramientos. V-SEC NO CON: MARTORELL BANUS MARIA TERESA.  Datos registrales. S 8 , H B 67487, I/A 52 (14.08.26).",https://www.boe.es/diario_borme/xml.php?id=BORME-A-2026-162-08
20260824,A,BARCELONA,389165,FINCAS CHIVA SL,"Revocaciones. ADM.UNICO: AVIA ROBLEDO JAIME. Nombramientos. ADM.SOLIDAR.: AVIA OLIVER ALICIA;AVIA ROBLEDO JAIME.  Datos registrales. S 8 , H B 168671, I/A 8 (14.08.26).",https://www.boe.es/diario_borme/xml.php?id=BORME-A-2026-162-08
20260824,A,BARCELONA,389166,CREMYCO FILLINGS SL,"Nombramientos. AUDIT.CUENT.: ENCO AUDITORES SL.  Datos registrales. S 8 , H B 190222, I/A 28 (14.08.26).",https://www.boe.es/diario_borme/xml.php?id=BORME-A-2026-162-08
20260824,A,BARCELONA,389167,CAN XELA 1903 S.L,"Otros conceptos: SECCION MERCANTIL DEL TI DE BARCELONA, PLAZA NUMERO 8, PROC. CONC. VOLUNTARIO 40/2026, AUTOS FIRMES DE FECHA 23/03/2026: DECLARACION DE CONCURSO VOLUNTARIO; Y 24/07/2026: CONCLUSION DEL CONCURSO Y CIERRE PROVISIONAL DE LA HOJA REGISTRAL.  Datos registrales. S 8 , H B 617685, I/A 2 (17.08.26).",https://www.boe.es/diario_borme/xml.php?id=BORME-A-2026-162-08
20260824,A,BARCELONA,389168,APEX FIT S.L,"Constitución. Comienzo de operaciones: 27.07.26. Objeto social: LA EXPLOTACION DE CENTROS DE ENTRENAMIENTO FUNACIONAL E INSTALACIONES DEPORTIVAS; LA PRESTACION DE SERVICIOS DE ENTRENAMIENTO DIRIGIDO Y PERSONALIZADO, PREPARACION FISICA, ENTRENAMIENTO DE FUERZA, ETC. Domicilio: CL ROQUETES 64, POL.IND. CAN MAGRE (SANTA EULALIA DE RONCANA). Capital: 3.000,00 Euros. Nombramientos. ADM.UNICO: JOFRE GARCIA SERGI.  Datos registrales. S 8 , H B 662373, I/A 1 (17.08.26).",https://www.boe.es/diario_borme/xml.php?id=BORME-A-2026-162-08
20260824,A,BARCELONA,389169,TAU INGENIERIA Y CONSTRUCCIONES ESPECIALES SA,"Revocaciones. ADM.CONCURS.: LUGAR ABOGADOS & ASOCIADOS SLP. REP.ADM.CONC: GARCIA FERNANDEZ LUIS. Otros conceptos: SECCION MERCANTIL DEL TI DE BARCELONA, PLAZA NUMERO 4, PROCEDIMIENTO CONCURSO VOLUNTARIO 164/2012, AUTO FIRME DE FECHA 01/07/2026, CONCLUSION DEL CONCURSO VOLUNTARIO DE LA SOCIEDAD Y CIERRE PROVISIONAL DE LA HOJA REGISTRAL.  Datos registrales. S 8 , H B 25218, I/A 62 (17.08.26).",https://www.boe.es/diario_borme/xml.php?id=BORME-A-2026-162-08
20260824,A,BARCELONA,389170,CORELINE SOLUTIONS S.L,"Constitución. Comienzo de operaciones: 15.06.26. Objeto social: DESARROLLO Y GESTION DE SOLUCIONES TECNOLOGICAS: DESARROLLO, CREACION, VENTA Y DISTRIBUCION DE SOLUCIONES INFORMATICAS DISEÑADAS PARA LA GESTION DE SERVICIOS DE ALTA COMPLEJIDAD. ETC. Domicilio: CR DE BARCELONA, 290, OFICINA 2 (BARBERA DEL VALLES). Capital: 3.000,00 Euros. Nombramientos. ADM.UNICO: BRIZ PIZARRO OSCAR. Página web de la sociedad. Creación de la página web corporativa: http://www.coreline.es.  Datos registrales. S 8 , H B 662376, I/A 1 (17.08.26).",https://www.boe.es/diario_borme/xml.php?id=BORME-A-2026-162-08
20260824,A,BARCELONA,389171,AIRENOU SERVEIS DE NETEJA S.L,"Constitución. Comienzo de operaciones: 30.07.26. Objeto social: LIMPIEZA DE VIVIENDAS, EDIFICIOS Y LOCALES. EL CNAE DE LA ACTIVIDAD PRINCIPAL ES 8123 OTRAS ACTIVIDADES DE LIMPIEZA. Domicilio: CL ROMA PIERA Y ARCAL NUM.2 (PREMIA DE MAR). Capital: 3.000,00 Euros. Nombramientos. ADM.UNICO: FECUNDEZ BOZAL MARTA.  Datos registrales. S 8 , H B 662397, I/A 1 (17.08.26).",https://www.boe.es/diario_borme/xml.php?id=BORME-A-2026-162-08
20260824,A,BARCELONA,389172,RESOLUTTECH INNOVA S.L,"Revocaciones. ADM.UNICO: ALEXANDRA SOCACIU. LIQUIDADOR: ALEXANDRA SOCACIU. Nombramientos. LIQUIDADOR: ALEXANDRA SOCACIU. Extinción.  Datos registrales. S 8 , H B 537300, I/A 2 (17.08.26).",https://www.boe.es/diario_borme/xml.php?id=BORME-A-2026-162-08
20260824,A,BARCELONA,389173,STORYSIMO S.L,"Revocaciones. ADM.UNICO: ERAN ERLIK. LIQUIDADOR: ERAN ERLIK. Nombramientos. LIQUIDADOR: ERAN ERLIK. Extinción.  Datos registrales. S 8 , H B 631769, I/A 2 (17.08.26).",https://www.boe.es/diario_borme/xml.php?id=BORME-A-2026-162-08
20260824,A,BARCELONA,389174,STAR PROPERTY MANAGEMENT SL,"Revocaciones. ADM.SOLIDAR.: ECHARRI TORRES JOSEP MARIA;PIQUE PIJUAN ROGER;SANZ ACHIAGA SARA;FONTS CAVESTANY IGNACIO. Nombramientos. ADM.UNICO: CALDERON BERNAUS MARCOS. Cambio de domicilio social. RD GENERAL MITRE Num.29 P.3 (BARCELONA).  Datos registrales. S 8 , H B 431621, I/A 3 (17.08.26).",https://www.boe.es/diario_borme/xml.php?id=BORME-A-2026-162-08
20260824,A,BARCELONA,389175,MKIT MODULARES CATALUNYA SL,"Disolución. Fusion.  Datos registrales. S 8 , H B 302326, I/A 16 (17.08.26).",https://www.boe.es/diario_borme/xml.php?id=BORME-A-2026-162-08
20260824,A,BARCELONA,389176,KAYA HOTELS&RESORTS SPAIN S.L,"Cambio de objeto social. LA COMPRA, SUSCRIPCION, TENENCIA, PERMUTA Y VENTA DE VALORE MOBILIARIOS NACIONALES Y EXTRANJEROS, ACCIONES O PARTICIPACIONES SOCIALES, POR CUENTA PROPIA Y SIN ACTIVIDAD DE INTERMEDIACION. SE EXCEPTUAN LAS ACTIVIDADES ...  Datos registrales. S 8 , H B 661639, I/A 2 (17.08.26).",https://www.boe.es/diario_borme/xml.php?id=BORME-A-2026-162-08
20260824,A,BARCELONA,389177,NORKOPING 2019 S.L,"Reducción de capital. Importe reducción: 131.219,00 Euros. Resultante Suscrito: 868.781,00 Euros.  Datos registrales. S 8 , H B 535126, I/A 4 (17.08.26).",https://www.boe.es/diario_borme/xml.php?id=BORME-A-2026-162-08
20260824,A,BARCELONA,389178,SEMEN AVIA SL,"Revocaciones. ADM.CONJUNTO: COMAPOSADA RIAL AIDA. Modificaciones estatutarias. ARTICULO 20.- ESTRUCTURA DEL ORGANO DE ADMINISTRACION SOCIAL.  Datos registrales. S 8 , H B 198400, I/A 6 (17.08.26).",https://www.boe.es/diario_borme/xml.php?id=BORME-A-2026-162-08
20260824,A,BARCELONA,389179,SIMIMA DOC S.L,"Otros conceptos: DECLARACION DE UNIPERSONALIDAD. SOCIO UNICO: SILVIA VILA GARCIA.  Datos registrales. S 8 , H B 639000, I/A 2 (17.08.26).",https://www.boe.es/diario_borme/xml.php?id=BORME-A-2026-162-08
20260824,A,BARCELONA,389180,CADENA SUPER EXPRESS S.L,"Revocaciones. ADM.UNICO: DANIAL AFZAL SHABANA. Nombramientos. ADM.UNICO: IKHTIAR SABIR MEHMOOD BIBI. Otros conceptos: DECLARACION DE UNIPERSONALIDAD. SOCIO UNICO: IKHTIAR SABIR MEHMOOD BIBI. Cambio de domicilio social. RB ANGEL GUIMERA NUM.32 BAJOS (ALELLA).  Datos registrales. S 8 , H B 631510, I/A 2 (17.08.26).",https://www.boe.es/diario_borme/xml.php?id=BORME-A-2026-162-08
20260824,A,BARCELONA,389181,SIJEL SL,"Revocaciones. APODERAD.SOL: VIZCAINO VALERO PILAR;RUEDA GONZALEZ JUAN. Cambio de domicilio social. CL RAVELLA Num.8 P.1 PTA.2 (BARCELONA).  Datos registrales. S 8 , H B 55208, I/A 22 (17.08.26).",https://www.boe.es/diario_borme/xml.php?id=BORME-A-2026-162-08
20260824,A,BARCELONA,389182,ROSNER SL,"Revocaciones. APODERAD.SOL: VIZCAINO VALERO PILAR;RUEDA GONZALEZ JUAN. Cambio de domicilio social. CL RAVELLA Num.8 P.1 PTA.2 (BARCELONA).  Datos registrales. S 8 , H B 64992, I/A 21 (17.08.26).",https://www.boe.es/diario_borme/xml.php?id=BORME-A-2026-162-08
20260824,A,BARCELONA,389183,BLISS POINT S.L,"Cambio de domicilio social. CL BOLIVIA,NUM.340,LOCAL 46-55D (BARCELONA).  Datos registrales. S 8 , H B 620455, I/A 6 (17.08.26).",https://www.boe.es/diario_borme/xml.php?id=BORME-A-2026-162-08
20260824,A,BARCELONA,389184,ONBOARDING S.L,"Revocaciones. ADM.UNICO: CHRISTINE HO HIO HEN. Nombramientos. ADM.UNICO: MAXIME DOMINIQUE GRATENS. Otros conceptos: DECLARACION CAMBIO SOCIO UNICO, PASANDO A SER DON MAXIME DOMINIQUE GRATENS. Cambio de domicilio social. CL PAU CLARIS Num.97 P.4 PTA.1 (BARCELONA). Cambio de objeto social. A) LA PRESTACION A EMPRESAS Y OTRAS ORGANIZACIONES DE SERVICIOS DE CONSULTORIA, ASISTENCIA TECNICA, COORDINACION, IMPLANTACION, SUPERVISION Y SEGUIMIENTO EN MATERIA DE CUMPLIMIENTO MEDIOAMBIENTAL, ECONOMIA CIRCULAR, ETC.  Datos registrales. S 8 , H B 653763, I/A 2 (17.08.26).",https://www.boe.es/diario_borme/xml.php?id=BORME-A-2026-162-08
20260824,A,BARCELONA,389185,BAULENAS AULET SL,"Modificaciones estatutarias. ARTICULO 21.- RETRIBUCION DEL ORGANO DE ADMINISTRACION.  Datos registrales. S 8 , H B 157499, I/A 5 (17.08.26).",https://www.boe.es/diario_borme/xml.php?id=BORME-A-2026-162-08
20260824,A,BARCELONA,389186,VASOS COMUNICANTS REFORMES I CONSTRUCCIONS S.L,"Cambio de objeto social. A) LA REALIZACION DE TRABAJOS DE ALBAÑILERIA Y LA PROMOCION, CONSTRUCCION, EDIFICACION, REHABILITACION, REFORMA, REPARACION, CONSERVACION, MANTENIMIENTO Y DEMOLICION DE TODA CLASE DE EDIFICIOS, CONSTRUCCIONES E INMUEBLES ETC.  Datos registrales. S 8 , H B 256057, I/A 7 (17.08.26).",https://www.boe.es/diario_borme/xml.php?id=BORME-A-2026-162-08
20260824,A,BARCELONA,389187,GRUPO LIBERTADOR CABANILLAS S.L,"Otros conceptos: DECLARACION DEL CARACTER DE UNIPERSONAL,SOCIO UNICO:""GRUPO LIBERTADOR SL"".  Datos registrales. S 8 , H B 631659, I/A 3 (17.08.26).",https://www.boe.es/diario_borme/xml.php?id=BORME-A-2026-162-08
20260824,A,BARCELONA,389188,BCN PROJECT MANAGEMENT S.L,"Revocaciones. ADM.UNICO: GUMI MERINO JORDI. Nombramientos. ADM.SOLIDAR.: GUMI MERINO JORDI;FORNIELES HERRAIZ ORIOL;ARRIBAS MELGOSA OSCAR. Modificaciones estatutarias. ARTICULO 7: NOMBRAMIENTO, DURACION Y PROHIBICION DE COMPETENCIA. Otros conceptos: PERDIDA DE LA UNIPERSONALIDAD.  Datos registrales. S 8 , H B 643425, I/A 3 (17.08.26).",https://www.boe.es/diario_borme/xml.php?id=BORME-A-2026-162-08
20260824,A,BARCELONA,389189,GRUPO LIBERTADOR GUADALAJARA S.L,"Otros conceptos: DECLARACION DE LA UNIPERSONALIDAD. SOCIA UNICA ""GRUPO LIBERTADOR, S.L."".  Datos registrales. S 8 , H B 631609, I/A 3 (17.08.26).",https://www.boe.es/diario_borme/xml.php?id=BORME-A-2026-162-08
20260824,A,BARCELONA,389190,GOLASHA EXPERIENCE S.L,"Cambio de domicilio social. CL GUELL I FERRER,NUM.94-100 P.2 (BADALONA).  Datos registrales. S 8 , H B 654086, I/A 2 (17.08.26).",https://www.boe.es/diario_borme/xml.php?id=BORME-A-2026-162-08
20260824,A,BARCELONA,389191,INT-SDM CONFERENCES MARKETING AND EVENTS S.L,"Cambio de domicilio social. CL BEGUR Num.80 P.4 PTA.2 (BARCELONA).  Datos registrales. S 8 , H B 510285, I/A 7 (17.08.26).",https://www.boe.es/diario_borme/xml.php?id=BORME-A-2026-162-08
20260824,A,BARCELONA,389192,INT GRUP CONGRESS AND EVENTS SL,"Cambio de domicilio social. CL BEGUR Num.80 P.4 PTA.2 (BARCELONA).  Datos registrales. S 8 , H B 419805, I/A 5 (17.08.26).",https://www.boe.es/diario_borme/xml.php?id=BORME-A-2026-162-08
20260824,A,BARCELONA,389193,DR ROCA ESTETICS S.L.P,"Otros conceptos: TRANSMISION DE PARTICIPACIONES SOCIALES, INCORPORACION DE MARTA ROCA GARCES COMO NUEVA SOCIA PROFESIONAL Y CAMBIOS EN LA TITULARIDAD DE LAS PARTICIPACIONES.  Datos registrales. S 8 , H B 505262, I/A 4 (17.08.26).",https://www.boe.es/diario_borme/xml.php?id=BORME-A-2026-162-08
20260824,A,BARCELONA,389194,GUTOR ELECTRONIC FRANCE SOCIETE PAR ACTIONS SIMPLIFIEE SUCURSAL EN ESPAÑA,"Cambio de domicilio social. CL DE SANCHO DE AVILA Num.65 (BARCELONA).  Datos registrales. S 8 , H B 598386, I/A 5 (17.08.26).",https://www.boe.es/diario_borme/xml.php?id=BORME-A-2026-162-08
20260824,A,BARCELONA,389195,BLASTER HOTELS SL,"Ampliación de capital. Capital: 12.621,25 Euros. Resultante Suscrito: 253.026,09 Euros.  Datos registrales. S 8 , H B 115788, I/A 14 (17.08.26).",https://www.boe.es/diario_borme/xml.php?id=BORME-A-2026-162-08
20260824,A,BARCELONA,389196,BCV ORGANIZACION LOGISTICA S.L,"Revocaciones. ADM.UNICO: SUEIRO ARCE RICARDO. Nombramientos. LIQUIDADOR: SUEIRO ARCE RICARDO. Disolución. Voluntaria.  Datos registrales. S 8 , H B 533142, I/A 5 (17.08.26).",https://www.boe.es/diario_borme/xml.php?id=BORME-A-2026-162-08
20260824,A,BARCELONA,389197,NKC CONVEYORS UK LTD SUCURSAL EN ESPAÑA,"Cambio de domicilio social. CL ROC BORONAT Num.147 P.10 (BARCELONA).  Datos registrales. S 8 , H B 370819, I/A 6 (17.08.26).",https://www.boe.es/diario_borme/xml.php?id=BORME-A-2026-162-08
20260824,A,BARCELONA,389198,ISABELLA'S HOUSE S.L,"Ampliación de capital. Capital: 1.020,00 Euros. Resultante Suscrito: 4.020,00 Euros. Ampliación de capital. Capital: 220,00 Euros. Resultante Suscrito: 4.240,00 Euros.  Datos registrales. S 8 , H B 539626, I/A 7 (17.08.26).",https://www.boe.es/diario_borme/xml.php?id=BORME-A-2026-162-08
20260824,A,BARCELONA,389199,SERUNT INVERSIONES S.L,"Ampliación de capital. Capital: 150,00 Euros. Resultante Suscrito: 223.350,00 Euros. Modificaciones estatutarias. ARTICULO 12.-JUNTA GENERAL;ARTICULO 24.-CUOTA DE LIQUIDACION;ADICION DEL ARTICULO 27.- APLICACION DEL RESULTADO Y REPARTO DE DIVIDENDOS;ARTICULO 7-.-CREACION DE CLASES DE PARTICIPACIONES SOCIALES.  Datos registrales. S 8 , H B 606798, I/A 3 (17.08.26).",https://www.boe.es/diario_borme/xml.php?id=BORME-A-2026-162-08
20260824,A,BARCELONA,389200,MARINER FARGAS SL,"Cambio de domicilio social. CL PINTOR JOSEP PINOS NUM.22 LOCAL 3 (BARCELONA).  Datos registrales. S 8 , H B 393957, I/A 11 (17.08.26).",https://www.boe.es/diario_borme/xml.php?id=BORME-A-2026-162-08
20260824,A,BARCELONA,389201,SANFANDENA S.L,"Modificaciones estatutarias. ARTICULO 3: FIJACION DE LA FECHA DE CIERRE DEL EJERCICIO ECONOMICO SOCIAL, PASANDO A SER EL 31 DE JULIO.  Datos registrales. S 8 , H B 621981, I/A 3 (17.08.26).",https://www.boe.es/diario_borme/xml.php?id=BORME-A-2026-162-08
20260824,A,BARCELONA,389202,SIA IBERIA SL,"Nombramientos. CONSEJERO: GIUSEPPINA MUNERATO. SECRETARIO: GIUSEPPINA MUNERATO. Cambio de domicilio social. CL ARIBAU Num.168 P.1 PTA.1 (BARCELONA).  Datos registrales. S 8 , H B 260916, I/A 16 (17.08.26).",https://www.boe.es/diario_borme/xml.php?id=BORME-A-2026-162-08
20260824,A,BARCELONA,389203,TAPORE INVESTMENTS S.L,"Reducción de capital. Importe reducción: 973,00 Euros. Resultante Suscrito: 19.027,00 Euros.  Datos registrales. S 8 , H B 589951, I/A 4 (18.08.26).",https://www.boe.es/diario_borme/xml.php?id=BORME-A-2026-162-08
20260824,A,BARCELONA,389204,TAPORE INVESTMENTS S.L,"Reducción de capital. Importe reducción: 171,00 Euros. Resultante Suscrito: 18.856,00 Euros.  Datos registrales. S 8 , H B 589951, I/A 5 (18.08.26).",https://www.boe.es/diario_borme/xml.php?id=BORME-A-2026-162-08
20260824,A,BARCELONA,389205,SIA IBERIA SL,"Revocaciones. CONSEJERO: STEFANO CIMATTI;FRANCESCO MERZARI. PRESIDENTE: FRANCESCO MERZARI. CONS. DELEG.: FRANCESCO MERZARI. CONSEJERO: GIUSEPPINA MUNERATO. SECRETARIO: GIUSEPPINA MUNERATO. Nombramientos. LIQUIDADOR: EGGERT NAVARRETE ALEJANDRO. Disolución. Voluntaria.  Datos registrales. S 8 , H B 260916, I/A 17 (17.08.26).",https://www.boe.es/diario_borme/xml.php?id=BORME-A-2026-162-08
20260824,A,BARCELONA,389206,SEVEN SECRETS SL,"Cambio de domicilio social. CL AUSTRALIA Num.7 (BADALONA).  Datos registrales. S 8 , H B 316021, I/A 7 (17.08.26).",https://www.boe.es/diario_borme/xml.php?id=BORME-A-2026-162-08
20260824,A,BARCELONA,389207,VIDARA LIFE INGREDIENTS S.A,"Nombramientos. CONSEJERO: TOMAS KEISERS. PRESIDENTE: SENTIS MASOLIVER JAUME. SECR.NO CONS: LLEVAT FELIUS ALEJANDRO.  Datos registrales. S 8 , H B 86058, I/A 168 (17.08.26).",https://www.boe.es/diario_borme/xml.php?id=BORME-A-2026-162-08
20260824,A,BARCELONA,389208,SERMETRA SL,"Revocaciones. CONSEJERO: VALDES LOPEZ MANUEL. CONS.DEL.MAN: VALDES LOPEZ MANUEL;SAGALES ORTEU RAMON. Nombramientos. CONSEJERO: SOLER MOLL JOAN. PRESIDENTE: SOLER MOLL JOAN. CONSEJERO: VALDES LOPEZ MANUEL. CONS.DEL.MAN: VALDES LOPEZ MANUEL. CONSEJERO: SAGALES ORTEU RAMON;CALDU CEBRIAN JOSEP;LAMAS SANCHEZ MIQUEL;GILABERT VAZQUEZ ALEJANDRO;CASTELLS PORTA JORDI. CONS.DEL.MAN: SAGALES ORTEU RAMON.  Datos registrales. S 8 , H B 295431, I/A 35 (17.08.26).",https://www.boe.es/diario_borme/xml.php?id=BORME-A-2026-162-08
20260824,A,BARCELONA,389209,KARTAPRICE SL,"Cambio de domicilio social. AV DE SITGES Num.9 (SANT PERE DE RIBES).  Datos registrales. S 8 , H B 501422, I/A 4 (17.08.26).",https://www.boe.es/diario_borme/xml.php?id=BORME-A-2026-162-08
20260824,A,BARCELONA,389210,HOLDING ANZORENA SL,"Revocaciones. ADM.SOLIDAR.: TORQUEMADA BOTO MONTSERRAT.  Datos registrales. S 8 , H B 223753, I/A 9 (17.08.26).",https://www.boe.es/diario_borme/xml.php?id=BORME-A-2026-162-08
20260824,A,BARCELONA,389211,BAYTAN RESTAURACION SL,"Revocaciones. ADM.UNICO: SERGIO FARACO. LIQUIDADOR: SERGIO FARACO. Nombramientos. LIQUIDADOR: SERGIO FARACO. Extinción.  Datos registrales. S 8 , H B 381102, I/A 6 (17.08.26).",https://www.boe.es/diario_borme/xml.php?id=BORME-A-2026-162-08
20260824,A,BARCELONA,389212,HARBOURLINK IBERIA S.L,"Revocaciones. CONSEJERO: SALGUERO CENTENO IRENE. SECRETARIO: SALGUERO CENTENO IRENE. Nombramientos. CONSEJERO: NIEN SHEN NELSON FONG. SECR.NO CONS: SALGUERO CENTENO IRENE.  Datos registrales. S 8 , H B 652605, I/A 3 (17.08.26).",https://www.boe.es/diario_borme/xml.php?id=BORME-A-2026-162-08
20260824,A,BARCELONA,389213,ELS COSTA DAURADA BUS SL,"Otros conceptos: CESAR A ""ESTYOFI SL"" COMO ADM. UNICO CON EFECTOS A 16/09/2026 Y NOMBRAR POR PLAZO INDEFINIDO ADM. UNICO A ""NORTE DE INVERSIONES SL"" CON EFECTOS A 16/09/2026 Y RPF A DON FRANCISCO SAGALES SALA.  Datos registrales. S 8 , H B 79395, I/A 20 (17.08.26).",https://www.boe.es/diario_borme/xml.php?id=BORME-A-2026-162-08
20260824,A,BARCELONA,389214,CMT 1264 S.L,"Revocaciones. ADM.UNICO: TORRES GALLARDO ANA MARIA. LIQUIDADOR: TORRES GALLARDO ANA MARIA. Nombramientos. LIQUIDADOR: TORRES GALLARDO ANA MARIA. Otros conceptos: DECLARACION DE UNIPERSONALIDAD. SOCIO UNICO: SKELLEN SL. Extinción.  Datos registrales. S 8 , H B 578733, I/A 4 (17.08.26).",https://www.boe.es/diario_borme/xml.php?id=BORME-A-2026-162-08
20260824,A,BARCELONA,389215,CLICKART TALLER DE COMUNICACIO SL,"Nombramientos. AUDIT.CUENT.: AOB GLOBAL AUDITORIA DE CUENTAS SL.  Datos registrales. S 8 , H B 225743, I/A 37 (17.08.26).",https://www.boe.es/diario_borme/xml.php?id=BORME-A-2026-162-08
20260824,A,BARCELONA,389216,GLOBAL AMINES SPAIN S.L,"Revocaciones. ADM.SOLIDAR.: ERNESTO IWAO HORIKOSHI. Nombramientos. ADM.SOLIDAR.: CARINE JULIA G FREDERIX.  Datos registrales. S 8 , H B 638381, I/A 6 (17.08.26).",https://www.boe.es/diario_borme/xml.php?id=BORME-A-2026-162-08
20260824,A,BARCELONA,389217,MERGARBOR S.L,"Revocaciones. ADM.UNICO: GARDES BORRAS MERCEDES. Nombramientos. ADM.UNICO: MUÑOZ GARDES XAVIER.  Datos registrales. S 8 , H B 627842, I/A 2 (17.08.26).",https://www.boe.es/diario_borme/xml.php?id=BORME-A-2026-162-08
20260824,A,BARCELONA,389218,DUMACA SL,"Revocaciones. CONSEJERO: DURAN BASTE CARLOS. PRESIDENTE: DURAN BASTE CARLOS. CONS. DELEG.: DURAN BASTE CARLOS. CONSEJERO: ROIG LOSANTOS MARIA JESUS. SECRETARIO: ROIG LOSANTOS MARIA JESUS. CONSEJERO: BASTE LOPEZ DE SAGREDO PILAR. Nombramientos. ADM.UNICO: 03OSLO SL. REPR.143 RRM: DURAN BASTE CARLOS.  Datos registrales. S 8 , H B 20154, I/A 13 (17.08.26).",https://www.boe.es/diario_borme/xml.php?id=BORME-A-2026-162-08
20260824,A,BARCELONA,389219,INNOVIAN26 S.L,"Constitución. Comienzo de operaciones: 25.06.26. Objeto social: LA COMPRA-VENTA DE VIVIENDAS, LOCALES, TERRENOS Y APARCAMIENTOS EN GENERAL, A LA QUE CORRESPONDE EL CODIGO CNAE 6811, QUE, DE CONFORMIDAD CON LO PREVISTO EN EL ARTICULO 20 DE LA LEY 14/2013, DE 27 DE SEPTIEMBRE, ETC. Domicilio: AV PI I MARGALL NUM.31 P.BJ (SANT ADRIA DE BESOS). Capital: 3.000,00 Euros. Nombramientos. ADM.SOLIDAR.: LOPEZ BAÑOS JUAN MANUEL;LOPEZ BUZON VICTOR MANUEL;LOPEZ BUZON JUAN.  Datos registrales. S 8 , H B 662403, I/A 1 (17.08.26).",https://www.boe.es/diario_borme/xml.php?id=BORME-A-2026-162-08
20260824,A,BARCELONA,389220,PROMOCIONS INMOBILIARIES HABITAT IDEAL 2002 SA,"Revocaciones. REP.ADM.CONC: MIRO MARTI ANGEL JUAN. Nombramientos. REP.ADM.CONC: ALONSO SUAREZ CRISTINA. Otros conceptos: SECCION DE LO MERCANTIL DEL TI DE BARCELONA, PLAZA NUMERO 6, PROCEDIMIENTO CONCURSO VOLUNTARIO 638/2012, PROVIDENCIA FIRME DE FECHA 23/02/2026, CESE Y NOMBRAMIENTO DE LEGAL REPRESENTANTE DEL ADMINISTRADOR CONCURSAL.  Datos registrales. S 8 , H B 117152, I/A 16 (17.08.26).",https://www.boe.es/diario_borme/xml.php?id=BORME-A-2026-162-08
20260824,A,BARCELONA,389221,CUATROROTAS TERRAZA S.L,"Constitución. Comienzo de operaciones: 18.05.26. Objeto social: TODA CLASE DE SERVICIOS DE RESTAURACION. LA PRINCIPAL ACTIVIDAD DE LA SOCIEDAD TIENE COMO C.N.A.E. EL NUMERO 56.11. Domicilio: CL MALLORCA NUM.230 P.PR PTA.1 (BARCELONA). Capital: 3.000,00 Euros. Nombramientos. ADM.UNICO: HORECA PARTNERS S.L. REPR.143 RRM: PIERA VIVO JORGE.  Datos registrales. S 8 , H B 662388, I/A 1 (17.08.26).",https://www.boe.es/diario_borme/xml.php?id=BORME-A-2026-162-08
20260824,A,BARCELONA,389222,PREPARADOS ADITIVOS Y MATERIAS PRIMAS SA,"Nombramientos. AUDIT.CUENT.: GESTION Y AUDITORIA DE EMPRESAS SL.  Datos registrales. S 8 , H B 225648, I/A 42 (17.08.26).",https://www.boe.es/diario_borme/xml.php?id=BORME-A-2026-162-08
20260824,A,BARCELONA,389223,GERIATRIC SANT GERVASI PARC SL,"Nombramientos. AUDIT.CUENT.: UNIAUDIT OLIVER CAMPS SL.  Datos registrales. S 8 , H B 402758, I/A 18 (17.08.26).",https://www.boe.es/diario_borme/xml.php?id=BORME-A-2026-162-08
20260824,A,BARCELONA,389224,DINAT 2006 SL,"Nombramientos. AUDIT.CUENT.: AUDRIA AUDITORIA Y CONSULTORIA SLP.  Datos registrales. S 8 , H B 321313, I/A 22 (17.08.26).",https://www.boe.es/diario_borme/xml.php?id=BORME-A-2026-162-08
20260824,A,BARCELONA,389225,LUNDBECK ESPAÑA SA,"Nombramientos. AUDIT.CUENT.: PRICEWATERHOUSECOOPERS AUDITORES SL.  Datos registrales. S 8 , H B 115449, I/A 119 (17.08.26).",https://www.boe.es/diario_borme/xml.php?id=BORME-A-2026-162-08
20260824,A,BARCELONA,389226,ALTIMIRA A R SL,"Revocaciones. ADM.CONJUNTO: ALTIMIRA RUIZ JORGE;ALTIMIRA RUIZ MIRIAM. LIQUIDADOR: ALTIMIRA RUIZ JORDI. Nombramientos. LIQUIDADOR: ALTIMIRA RUIZ JORDI. Extinción.  Datos registrales. S 8 , H B 196529, I/A 7 (17.08.26).",https://www.boe.es/diario_borme/xml.php?id=BORME-A-2026-162-08
20260824,A,BARCELONA,389227,SYP CENTRE ODONTOLOGIC I MEDICINA ESTETICA S.L,"Otros conceptos: SECCION MERCANTIL DEL TI DE BARCELONA, PLAZA NUMERO 1, PROC. CONC. VOLUNTARIO 308/2026, AUTOS FIRMES DE FECHA 06/03/2026: DECLARACION DE CONCURSO VOLUNTARIO; Y 21/07/2026: CONCLUSION DEL CONCURSO Y CIERRE PROVISIONAL DE LA HOJA REGISTRAL.  Datos registrales. S 8 , H B 505002, I/A 2 (17.08.26).",https://www.boe.es/diario_borme/xml.php?id=BORME-A-2026-162-08
20260824,A,BARCELONA,389228,EDICIONS DEL GARRAF SL,"Revocaciones. ADM.CONCURS.: FIGUERAS LEGAL SLP. REP.ADM.CONC: ATARES PARIS GEMMA. Otros conceptos: SECCION DE LO MERCANTIL DEL TI DE BARCELONA, PLAZA NUMERO 8, PROCEDIMIENTO CONCURSO VOLUNTARIO 120/2012, AUTO FIRME DE FECHA 30/06/2026, CONCLUSION DEL CONCURSO VOLUNTARIO DE LA SOCIEDAD. Extinción.  Datos registrales. S 8 , H B 46071, I/A 23 (17.08.26).",https://www.boe.es/diario_borme/xml.php?id=BORME-A-2026-162-08
20260824,A,BARCELONA,389229,BROWNIE DESIGN S.L,"Constitución. Comienzo de operaciones: 14.07.26. Objeto social: LA CREACION DE DISEÑOS INDUSTRIALES, POR CUALQUIER MEDIO Y EN TODAS SUS FASES Y PROCESOS, ASI COMO LA INVESTIGACION DE TODA CLASE DE MOTIVOS, DIBUJOS, TEXTILES, TEJIDOS Y ACCESORIOS. LA COMPOSICION DE DIBUJOS, MODELOS, ETC. Domicilio: CL CASTANYER NUM.29 (BARCELONA). Capital: 3.000,00 Euros. Nombramientos. ADM.UNICO: GRUPO TEXTIL BROWNIE SL. REPR.143 RRM: MORERA ORTEGA LUCAS. Otros conceptos: DECLARACION DE SOCIEDAD UNIPERSONAL, SIENDO SOCIO UNICO GRUPO TEXTIL BROWNIE SL. Datos registrales. S 8 , H B 662382, I/A 1 (17.08.26).",https://www.boe.es/diario_borme/xml.php?id=BORME-A-2026-162-08
20260824,A,BARCELONA,389230,CONSTRUCCION SIOUNG 2001 S.L,"Constitución. Comienzo de operaciones: 31.03.26. Objeto social: TRABAJOS DE CONSTRUCCION, MANTENIMIENTO, REFORMAS, CONSERVACION, REHABILITACION Y ACONDICIONAMIENTO DE INMUEBLES Y EDIFICIOS DE TODA CLASE. CONTRATACION, GESTION Y EJECUCION DE TODA CLASE DE OBRAS Y CONSTRUCCIONES, ETC. Domicilio: CL SANT EUDALD NUM.2 P.6 PTA.2 (CANOVELLES). Capital: 4.300,00 Euros. Nombramientos. ADM.UNICO: ABDENABI NOGCH SIOUN. Otros conceptos: DECLARACION DE SOCIEDAD UNIPERSONAL, SIENDO SOCIO UNICO ABDENABI NOGCH SIOUN.  Datos registrales. S 8 , H B 662400, I/A 1 (17.08.26).",https://www.boe.es/diario_borme/xml.php?id=BORME-A-2026-162-08
20260824,A,BARCELONA,389231,TERRA PRETA CONSEIL S.L,"Constitución. Comienzo de operaciones: 24.07.26. Objeto social: LA PRESTACION DE SERVICIOS DE CONSULTORIA COMERCIAL Y EMPRESARIAL, MARKETING, PUBLICIDAD Y COMUNICACION; EL DISEÑO GRAFICO, DIGITAL Y DE IMAGEN CORPORATIVA; EL DESARROLLO Y EXPLOTACION DE APLICACIONES, ETC. Domicilio: CL DE L'HOSPITAL NUM.29 P.4 PTA.4 (BARCELONA). Capital: 3.000,00 Euros. Nombramientos. ADM.UNICO: CATHERINE CAROLINE CLEMENTINE FERRAND POBEDA.  Datos registrales. S 8 , H B 662378, I/A 1 (17.08.26).",https://www.boe.es/diario_borme/xml.php?id=BORME-A-2026-162-08
20260824,A,BARCELONA,389232,CLINICA DENTAL ARIÑO GORNAL S.L,"Constitución. Comienzo de operaciones: 11.06.26. Objeto social: LA EXPLOTACION DE CLINICAS DENTALES, LA INTERMEDIACION Y PRESTACIONDE SERVICIOS ODONTOLOGICOS Y SANITARIOS, ODONTOLOGIA GENERAL Y ESPECIALIZADA, IMPLANTOLOGIA, ORTODONCIA, ENDODONCIA, PROTESIS DENTAL, ETC. Domicilio: AV CARMEN AMAYA NUMERO 18, LOCAL 2 (HOSPITALET DE LLOBREGAT (L'). Capital: 74.285,00 Euros. Nombramientos. ADM.UNICO: PILARES MEJIAS ANABEL.  Datos registrales. S 8 , H B 662365, I/A 1 (17.08.26).",https://www.boe.es/diario_borme/xml.php?id=BORME-A-2026-162-08
20260824,A,BARCELONA,389233,GRUP-GUELL-2026 S.L,"Constitución. Comienzo de operaciones: 9.07.26. Objeto social: ACTIVIDAD PRINCIPAL: CNAE 4641.- COMERCIO AL POR MAYOR DE TEXTILES. ACTIVIDADES SECUNDARIAS: CNAE 5611.- RESTAURANTES. CNAE 5612.- PUESTOS DE COMIDAS. CNAE 4689.- OTRO COMERCIO AL POR MAYOR ESPECIALIZADO N.C.O.P. ETC4772. Domicilio: CL ENERGIA, 13 NAVE P, BAJO 1 (BADALONA). Capital: 3.100,00 Euros. Nombramientos. ADM.UNICO: BUCH GUELL JAIME.  Datos registrales. S 8 , H B 662387, I/A 1 (17.08.26).",https://www.boe.es/diario_borme/xml.php?id=BORME-A-2026-162-08
20260824,A,BARCELONA,389234,CASA BOBO 2026 S.L,"Constitución. Comienzo de operaciones: 30.07.26. Objeto social: CREACION, DESARROLLO Y PREPARADO DE FORMULACIONES INNOVADORAS PARA LA ELABORACION DE BEBIDAS NO ALCOHOLICAS. FABRICACION, PRODUCCION, VENTA Y DISTRIBUCION DE BEBIDAS NO ALCOHOLICAS. Domicilio: CL PAMPLONA 66 (SANT CUGAT DEL VALLES). Capital: 3.000,00 Euros. Nombramientos. ADM.UNICO: BONNIN CASTELLA CARLOS.  Datos registrales. S 8 , H B 662355, I/A 1 (17.08.26).",https://www.boe.es/diario_borme/xml.php?id=BORME-A-2026-162-08
20260824,A,BARCELONA,389235,LICO TECHNICAL SERVICES S.L,"Constitución. Comienzo de operaciones: 30.07.26. Objeto social: FABRICACION, COMPRA-VENTA, DISTRIBUCION, REPRESENTACION, IMPORTACION, EXPORTACION, INSTALACION Y REPARACION DE PAVIMENTOS Y RECUBRIMIENTOS DE SUELOS PAREDES Y TECHOS, DE PERGOLAS, MARQUESINAS Y CELOSIAS, DE SEPARACIONES, ETC. Domicilio: PG MOLI DEL RACO NUM.7 (SANT SADURNI D'ANOIA). Capital: 3.200,00 Euros. Nombramientos. ADM.UNICO: ARJONA REY JUAN.  Datos registrales. S 8 , H B 662398, I/A 1 (17.08.26).",https://www.boe.es/diario_borme/xml.php?id=BORME-A-2026-162-08
20260824,A,BARCELONA,389236,LLOVERAS HORTICULTURA S.L,"Constitución. Comienzo de operaciones: 1.09.26. Objeto social: EL CULTIVO DE MACETEROS, SEMBRADOS, PLANTAS, HORTALIZAS, ASI COMO SU COMPRAVENTA, REPRESENTACION, IMPORTACION Y TODO TIPO DE OPERACIONES RELACIONADAS CON LA AGRICULTURA. CNAE ACTIVIDAD PRINCIPAL 0130 PROPAGACION DE PLANTAS. Domicilio: CL CAMI DEL PLA, NUMERO 3A (SANT ANDREU DE LLAVANERES). Capital: 3.600,00 Euros. Nombramientos. ADM.UNICO: LLOVERAS GUELQUE PAUL MIQUEL. Otros conceptos: DECLARACION DE SOCIEDAD UNIPERSONAL, SIENDO SOCIO UNICO, PAUL MIQUEL LLOVERAS GUELQUE.  Datos registrales. S 8 , H B 662394, I/A 1 (17.08.26).",https://www.boe.es/diario_borme/xml.php?id=BORME-A-2026-162-08
20260824,A,BARCELONA,389237,ECO FUEL TRADING SPAIN S.L,"Constitución. Comienzo de operaciones: 14.04.26. Objeto social: COMPRAVENTA, ALMACENAJE, DISTRIBUCION, TRANSPORTE, IMPORTACION Y EXPORTACION DE HIDROCARBUROS Y DE TODOS LOS DERIVADOS DE PRODUCTOS PETROLIFEROS, TANTO AL POR MAYOR COMO AL POR MENOR. CNAE ACTIVIDAD PRINCIPAL 4671. ETC. Domicilio: RB DE CATALUNYA NUM.38 (BARCELONA). Capital: 3.003.000,00 Euros. Nombramientos. ADM.UNICO: CONOR OZTEMEL CAPORALE. Otros conceptos: DECLARACION DE SOCIEDAD UNIPERSONAL, SIENDO SOCIO UNICO, ECO FUEL TRADING S.A.  Datos registrales. S 8 , H B 662377, I/A 1 (18.08.26).",https://www.boe.es/diario_borme/xml.php?id=BORME-A-2026-162-08
20260824,A,BARCELONA,389238,MOVENTIA INSURANCE BROKER S.L,"Constitución. Comienzo de operaciones: 28.07.26. Objeto social: EXCLUSIVAMENTE, LA REALIZACION DE ACTIVIDADES DE DISTRIBUCION DE SEGUROS COMO CORREDURIA DE SEGUROS. EL CNAE (CODIGO NACIONAL DE ACTIVIDADES ECONOMICAS) DE LA ACTIVIDAD SERA 6622. Domicilio: VIA AUGUSTA NUM.105 (SANT CUGAT DEL VALLES). Capital: 100.000,00 Euros. Nombramientos. ADM.SOLIDAR.: MARTI ESCURSELL JOSEP MARIA;MARTI ESCURSELL SILVIA. Otros conceptos: DECLARACION DE SOCIEDAD UNIPERSONAL, SIENDO SOCIO UNICO, MARFINA S.L.  Datos registrales. S 8 , H B 662369, I/A 1 (17.08.26).",https://www.boe.es/diario_borme/xml.php?id=BORME-A-2026-162-08
20260824,A,BARCELONA,389239,FLEETOEM MOBILITY S.L,"Constitución. Comienzo de operaciones: 29.07.26. Objeto social: DISEÑO, DESARROLLO, INVESTIGACION, MANTENIMIENTO, ACTUALIZACION, COMERCIALIZACION, CESION, LICENCIA, IMPLANTACION, INTEGRACION Y EXPLOTACION DE PROGRAMAS INFORMATICOS, INTEGRACION Y EXPLOTACION DE PROGRAMAS INFORMATICOS, ETC. Domicilio: CM DE CANT AMETLLER, 24, EFIFICIO 2, PLANTA 2 (SANT CUGAT DEL VALLES). Capital: 3.000,00 Euros. Nombramientos. ADM.UNICO: SENI INVESTMENTS S.L. REPR.143 RRM: DEU ESTAPE BERNAT.  Datos registrales. S 8 , H B 662356, I/A 1 (17.08.26).",https://www.boe.es/diario_borme/xml.php?id=BORME-A-2026-162-08
20260824,A,BARCELONA,389240,MINAHIL 2027 S.L,"Constitución. Comienzo de operaciones: 24.07.26. Objeto social: EL COMERCIO AL POR MENOR DE PRODUCTOS ALIMENTICIOS. EL COMERCIO AL POR MENOR DE CARNE Y PRODUCTOS CARNICOS, BEBIDAS, PASCADOS Y MARISCOS, PAN Y PRODUCTOS DE PANADERIA, CONFITERIA ETC. Domicilio: CL TARRAGONA NUM.31 P.2 PTA.2 (SABADELL). Capital: 3.000,00 Euros. Nombramientos. ADM.UNICO: IRAM KHALIL. Otros conceptos: DECLARACION DE SOCIEDAD UNIPERSONAL, SIENDO SOCIO UNICO IRAM KHALIL.  Datos registrales. S 8 , H B 662399, I/A 1 (17.08.26).",https://www.boe.es/diario_borme/xml.php?id=BORME-A-2026-162-08
20260824,A,BARCELONA,389241,EBRE Y OBRA S.L,"Constitución. Comienzo de operaciones: DIA ALTA CENSAL. Objeto social: ACTIVIDAD PRINCIPAL: CONSTRUCCION EN GENERAL EN OBRA CIVIL Y PUBLICA Y ADEMAS REFORMAS EN GENERAL, CARPINTERIA DE ALUMINIO, ELECTRICIDAD Y COMPRAVENTA DE INMUEBLES. Domicilio: CL PROVENZA NUM.191 P.1 PTA.2 (TERRASSA). Capital: 3.010,00 Euros. Nombramientos. ADM.UNICO: ABDELMJID DAIH. Otros conceptos: DECLARACION DE SOCIEDAD UNIPERSONAL, SIENDO SOCIO UNICO ABDELMJID DAIH.  Datos registrales. S 8 , H B 662368, I/A 1 (17.08.26).",https://www.boe.es/diario_borme/xml.php?id=BORME-A-2026-162-08
20260824,A,BARCELONA,389242,CLAU DORADA S.L,"Constitución. Comienzo de operaciones: 30.07.26. Objeto social: LA PREPARACION, ELABORACION, DISTRIBUCION Y SERVICIO DE ALIMENTOS Y BEBIDAS PARA EL CONSUMO EN EL PROPIO ESTABLECIMIENTO O FUERA DE EL, SERVICIO DE CATERING O COMIDA PARA LLEVAR. LA ORGANIZACION DE EVENTOS GASTRONOMICOS.ETC. Domicilio: CL SANT ANTONI MARIA CLARET, NUM. 6 (VIC). Capital: 3.000,00 Euros. Nombramientos. ADM.UNICO: ANA MARIA PARES MARTINEZ. Otros conceptos: DECLARACION DE SOCIEDAD UNIPERSONAL, SIENDO SOCIA UNICA DOÑA ANNA MARIA PARES MARTINEZ.  Datos registrales. S 8 , H B 662346, I/A 1 (17.08.26).",https://www.boe.es/diario_borme/xml.php?id=BORME-A-2026-162-08
20260824,A,BARCELONA,389243,AUGER 1909. ADMINISTRACIO DE FINQUES SL,"Nombramientos. APODERAD.SOL: AUGER MARTINEZ JUAN ALEJANDRO.  Datos registrales. S 8 , H B 462478, I/A 6 (17.08.26).",https://www.boe.es/diario_borme/xml.php?id=BORME-A-2026-162-08
20260824,A,BARCELONA,389244,RADITEC RX SL,"Revocaciones. APODERAD.SOL: VAQUERO DURAN MANUEL;VAQUERO DURAN MANUEL. Nombramientos. APOD.SOL/MAN: SANCHEZ ARGUELLES JUAN ANTONIO;MORETA JIMENEZ JOSE DANIEL. APOD.MANCOMU: VAQUERO DURAN MANUEL.  Datos registrales. S 8 , H B 107133, I/A 20 (17.08.26).",https://www.boe.es/diario_borme/xml.php?id=BORME-A-2026-162-08
20260824,A,BARCELONA,389245,FLIP REALTY S.L,"Nombramientos. APODERAD.SOL: OLENA OLEKSANDRIVNA MAKARCHUK.  Datos registrales. S 8 , H B 612956, I/A 4 (17.08.26).",https://www.boe.es/diario_borme/xml.php?id=BORME-A-2026-162-08
20260824,A,BARCELONA,389246,QONTINUUM PLUS SL,"Nombramientos. APODERAD.SOL: SANMARTI BELETA ELENA.  Datos registrales. S 8 , H B 133085, I/A 13 (17.08.26).",https://www.boe.es/diario_borme/xml.php?id=BORME-A-2026-162-08
20260824,A,BARCELONA,389247,SOC INFORMACIO DE TRANSPORT S.L,"Nombramientos. APOD.SOL/MAN: SERRANO REGOL OSCAR;CASTELLS PORTA JORDI;MARTI PIERRE VICTOR.  Datos registrales. S 8 , H B 540783, I/A 8 (17.08.26).",https://www.boe.es/diario_borme/xml.php?id=BORME-A-2026-162-08
20260824,A,BARCELONA,389248,TRANSNOVA LOGISTICA S.L,"Nombramientos. APODERAD.SOL: SANCHEZ CASAS JESUS.  Datos registrales. S 8 , H B 644917, I/A 2 (17.08.26).",https://www.boe.es/diario_borme/xml.php?id=BORME-A-2026-162-08
20260824,A,BARCELONA,389249,HERLOPLAS 81 SL,"Nombramientos. APODERAD.SOL: CAÑAS GARCIA PIEDAD GABRIELA.  Datos registrales. S 8 , H B 202060, I/A 6 (17.08.26).",https://www.boe.es/diario_borme/xml.php?id=BORME-A-2026-162-08
20260824,A,BARCELONA,389250,MONTAJES APERADOR SL,"Nombramientos. APODERAD.SOL: APERADOR MOYA ESTEFANIA.  Datos registrales. S 8 , H B 171949, I/A 5 (17.08.26).",https://www.boe.es/diario_borme/xml.php?id=BORME-A-2026-162-08
20260824,A,BARCELONA,389251,BRAKER Y CONEI SL,"Nombramientos. APODERAD.SOL: COMES COLL MARIO.  Datos registrales. S 8 , H B 198949, I/A 30 (17.08.26).",https://www.boe.es/diario_borme/xml.php?id=BORME-A-2026-162-08
20260824,A,BARCELONA,389252,PRODUCTES DEL CINQUE QUART SA,"Nombramientos. AUDIT.CUENT.: AUDILEGALIA SL.  Datos registrales. S 8 , H B 142280, I/A 46 (17.08.26).",https://www.boe.es/diario_borme/xml.php?id=BORME-A-2026-162-08
20260824,A,BARCELONA,389253,ALIVEDX IBERIA S.L,"Revocaciones. APOD.MANCOMU: OLIVIER BLANDIN.  Datos registrales. S 8 , H B 552214, I/A 18 (17.08.26).",https://www.boe.es/diario_borme/xml.php?id=BORME-A-2026-162-08
20260824,A,BARCELONA,389254,REITER SOLUTIONS SL,"Revocaciones. APODERADO: SITJAR PIÑANA JUAN LUIS. APOD.MANCOMU: SITJAR PIÑANA JUAN LUIS;LLADO PI JORDI. APODERAD.SOL: SITJAR PIÑANA JUAN LUIS.  Datos registrales. S 8 , H B 223783, I/A 19 (17.08.26).",https://www.boe.es/diario_borme/xml.php?id=BORME-A-2026-162-08
20260824,A,BARCELONA,389255,ELEV8 HC S.L,"Nombramientos. APODERAD.SOL: GIL ORTIZ ELENA.  Datos registrales. S 8 , H B 661753, I/A 2 (17.08.26).",https://www.boe.es/diario_borme/xml.php?id=BORME-A-2026-162-08
20260824,A,BARCELONA,389256,FERRER INTERNACIONAL SA,"Nombramientos. APODERAD.SOL: MARTINEZ JARAIZ FRANCISCO.  Datos registrales. S 8 , H B 78309, I/A 315 (17.08.26).",https://www.boe.es/diario_borme/xml.php?id=BORME-A-2026-162-08
20260824,A,BARCELONA,389257,LOCO POR TI LA PELICULA A.I.E,"Revocaciones. ADM.UNICO: ELIPSIS CAPITAL SL. REPR.143 RRM: GARCIA PEREDO JUAN ANTONIO. Nombramientos. ADM.SOLIDAR.: CARRIZOSA LOPEZ ANTONIO;ARANDA VELASCO ALBERTO.  Datos registrales. S 8 , H B 525352, I/A 9 (17.08.26).",https://www.boe.es/diario_borme/xml.php?id=BORME-A-2026-162-08
20260824,A,BARCELONA,389258,FERRER INTERNACIONAL SA,"Nombramientos. APODERAD.SOL: GUZMAN QUILO CARLOS.  Datos registrales. S 8 , H B 78309, I/A 316 (17.08.26).",https://www.boe.es/diario_borme/xml.php?id=BORME-A-2026-162-08
20260824,A,BARCELONA,389259,FERRER INTERNACIONAL SA,"Nombramientos. APODERAD.SOL: TEJERO GIL ROMAN.  Datos registrales. S 8 , H B 78309, I/A 317 (17.08.26).",https://www.boe.es/diario_borme/xml.php?id=BORME-A-2026-162-08
20260824,A,BARCELONA,389260,FERRER INTERNACIONAL SA,"Nombramientos. APOD.MANCOMU: BAQUES MASSO SILVIA;VILA MORAN BEATRIZ.  Datos registrales. S 8 , H B 78309, I/A 318 (17.08.26).",https://www.boe.es/diario_borme/xml.php?id=BORME-A-2026-162-08
20260824,A,BARCELONA,389261,ESPECTARAMA SA,"Revocaciones. APODERAD.SOL: SERRATOSA FIGUEROLA FERRETI RAFAEL CARLOS.  Datos registrales. S 8 , H B 24030, I/A 37 (17.08.26).",https://www.boe.es/diario_borme/xml.php?id=BORME-A-2026-162-08
20260824,A,BARCELONA,389262,WAGRAM INVERSIONES S.L,"Otros conceptos: CIERRE DE LA HOJA REGISTRAL POR PLAZO DE 6 MESES,AL HABERSE ACORDADO LA TRANSFORMACION TRANSFRONTERIZA EXTRAEUROPEA CON TRASLADO DEL DOMICILIO SOCIAL A ANDORRA,PARROQUIA LA MASSANA,ANYOS,URB.ELS ORIOSOS 9,MIRADOR D'ANYOS,CASA 52.  Datos registrales. S 8 , H B 541972, I/A DIL (13.08.26).",https://www.boe.es/diario_borme/xml.php?id=BORME-A-2026-162-08
20260824,A,BARCELONA,389263,FUXBAU S.L,"Revocaciones. ADM.UNICO: MABILON PUIG AUGUSTO.  Datos registrales. S 8 , H B 420820, I/A 6 (17.08.26).",https://www.boe.es/diario_borme/xml.php?id=BORME-A-2026-162-08
20260824,A,BARCELONA,389264,FERRER INTERNACIONAL SA,"Nombramientos. APOD.MANCOMU: CUNEO GALLO JORGE;VILA MORAN BEATRIZ.  Datos registrales. S 8 , H B 78309, I/A 319 (17.08.26).",https://www.boe.es/diario_borme/xml.php?id=BORME-A-2026-162-08
20260824,A,BARCELONA,389265,CAL GUARDIET SL,"Nombramientos. AUDIT.ART265: ADADE AUDITORES SA.  Datos registrales. S 8 , H B 11958, I/A 8 (17.08.26).",https://www.boe.es/diario_borme/xml.php?id=BORME-A-2026-162-08
20260824,A,BARCELONA,389266,ATICA MAGNA S.L,"Revocaciones. ADM.UNICO: ATIENZA ALARCON LUIS.  Datos registrales. S 8 , H B 621994, I/A 3 (17.08.26).",https://www.boe.es/diario_borme/xml.php?id=BORME-A-2026-162-08
20260824,A,BARCELONA,389267,AVINCLA ASESORES FISCALES S.L,"Nombramientos. APODERAD.SOL: PACHA GIL MAITE.  Datos registrales. S 8 , H B 514656, I/A 12 (17.08.26).",https://www.boe.es/diario_borme/xml.php?id=BORME-A-2026-162-08
20260824,A,BARCELONA,389268,SIMM MOLECULAR S.L,"Nombramientos. APOD.SOL/MAN: IRIONDO ARRIOLA ALBERTO. APODERAD.SOL: BORRAS CASES HELENA. APOD.MANCOMU: CAMUÑAS CARUANA GABRIELA;ALONSO ALONSO JOSE LUIS.  Datos registrales. S 8 , H B 153483, I/A 49 (17.08.26).",https://www.boe.es/diario_borme/xml.php?id=BORME-A-2026-162-08
20260824,A,BARCELONA,389269,MAIA CARE SOLUTIONS S.L,"Nombramientos. CONS.DEL.SOL: VILADOMIU CUSI NORA.  Datos registrales. S 8 , H B 661272, I/A 3 (17.08.26).",https://www.boe.es/diario_borme/xml.php?id=BORME-A-2026-162-08
20260824,A,BARCELONA,389270,MAIA CARE SOLUTIONS S.L,"Nombramientos. APOD.MANCOMU: HEREDIA IGLESIAS ADRIAN;COTS MIGUEL LAURA.  Datos registrales. S 8 , H B 661272, I/A 4 (17.08.26).",https://www.boe.es/diario_borme/xml.php?id=BORME-A-2026-162-08
20260824,A,BARCELONA,389271,STANNAH INCISA SL,"Nombramientos. APODERAD.SOL: GRACIA AZNAR JORDI;FEDERICO KUJAWSKA.  Datos registrales. S 8 , H B 467795, I/A 19 (17.08.26).",https://www.boe.es/diario_borme/xml.php?id=BORME-A-2026-162-08
20260824,A,BARCELONA,389272,BINIGOTIC S.L,"Nombramientos. APODERAD.SOL: LLUCH PRATS JAVIER.  Datos registrales. S 8 , H B 640691, I/A 2 (17.08.26).",https://www.boe.es/diario_borme/xml.php?id=BORME-A-2026-162-08
20260824,A,BARCELONA,389273,RAMBLA 70 BCN S.L,"Nombramientos. APODERAD.SOL: LLUCH PRATS JAVIER.  Datos registrales. S 8 , H B 568202, I/A 3 (17.08.26).",https://www.boe.es/diario_borme/xml.php?id=BORME-A-2026-162-08
20260824,A,BARCELONA,389274,BINILLAMBERT S.L,"Nombramientos. APODERAD.SOL: LLUCH PRATS JAVIER.  Datos registrales. S 8 , H B 657513, I/A 2 (17.08.26).",https://www.boe.es/diario_borme/xml.php?id=BORME-A-2026-162-08
20260824,A,BARCELONA,389275,BINIBORN S.L,"Nombramientos. APODERAD.SOL: LLUCH PRATS JAVIER.  Datos registrales. S 8 , H B 640714, I/A 2 (17.08.26).",https://www.boe.es/diario_borme/xml.php?id=BORME-A-2026-162-08
20260824,A,BARCELONA,389276,BINICHIGRE S.L,"Nombramientos. APODERAD.SOL: LLUCH PRATS JAVIER.  Datos registrales. S 8 , H B 657501, I/A 2 (17.08.26).",https://www.boe.es/diario_borme/xml.php?id=BORME-A-2026-162-08
20260824,A,BARCELONA,389277,MONTARTO FOODS S.L,"Nombramientos. APODERAD.SOL: BOILLOS MATEO JAIME.  Datos registrales. S 8 , H B 659454, I/A 4 (17.08.26).",https://www.boe.es/diario_borme/xml.php?id=BORME-A-2026-162-08
20260824,A,BARCELONA,389278,CONSTRUCTORA DEL CARDONER SA,"Nombramientos. APOD.SOL/MAN: FORTUN RODRIGUEZ CARLOS.  Datos registrales. S 8 , H B 53960, I/A 41 (17.08.26).",https://www.boe.es/diario_borme/xml.php?id=BORME-A-2026-162-08
20260824,A,BARCELONA,389279,CONSTRUCTORA DEL CARDONER SA,"Nombramientos. APOD.SOL/MAN: FERRERO MOLL SANTIAGO PABLO.  Datos registrales. S 8 , H B 53960, I/A 42 (17.08.26).",https://www.boe.es/diario_borme/xml.php?id=BORME-A-2026-162-08
20260824,A,BARCELONA,389280,CONSTRUCTORA DEL CARDONER SA,"Nombramientos. APOD.SOL/MAN: MANTERO PEÑA JOSE LUIS.  Datos registrales. S 8 , H B 53960, I/A 43 (17.08.26).",https://www.boe.es/diario_borme/xml.php?id=BORME-A-2026-162-08
20260824,A,BARCELONA,389281,CONSTRUCTORA DEL CARDONER SA,"Nombramientos. APOD.SOL/MAN: NUÑEZ ARENAS CARLOS.  Datos registrales. S 8 , H B 53960, I/A 44 (17.08.26).",https://www.boe.es/diario_borme/xml.php?id=BORME-A-2026-162-08
20260824,A,BARCELONA,389282,BLADAR SL,"Revocaciones. ADM.UNICO: ESTEVE CRUELLA ALBERT. Nombramientos. CONSEJERO: ESTEVE CRUELLA ALBERT. PRESIDENTE: ESTEVE CRUELLA ALBERT. CONSEJERO: ESTEVE GRAU JAN. SECRETARIO: ESTEVE GRAU JAN. DTOR.EJECUT.: ESTEVE GRAU JAN. CONSEJERO: ESTEVE GRAU MARC;ESTEVE GRAU ALBERT. DTOR.EJECUT.: GRAU PUJADAS MARINA. Modificaciones estatutarias. ARTICULO 15.- SISTEMA RETRIBUTIVO DEL ORGANO DE ADMINISTRACION SOCIAL. Cambio de objeto social. LA ADQUISICION, SUSCRIPCION, TENENCIA, DISFRUTE, ADMINISTRACION, GESTION, DIRECCION, TRANSMISION Y ENAJENACION POR CUENTA PROPIA DE TODA CLASE DE ACCIONES, PARTICIPACIONES SOCIALES, VALORES MOBILIARIOS, INSTRUMENTOS Y...  Datos registrales. S 8 , H B 335957, I/A 17 (17.08.26).",https://www.boe.es/diario_borme/xml.php?id=BORME-A-2026-162-08
20260824,A,BARCELONA,389283,ELEMOSA XXI S.L,"Otros conceptos: DECLARACION CAMBIO DE SOCIO UNICO, SIENDO EL NUEVO SOCIO UNICO ""CMJI AB"".  Datos registrales. S 8 , H B 652859, I/A 3 (17.08.26).",https://www.boe.es/diario_borme/xml.php?id=BORME-A-2026-162-08
20260824,A,BARCELONA,389284,RECREATIVOS EURONIC SL,"Cambio de objeto social. LA EXPLOTACION DE MAQUINAS RECREATIVAS TIPO A Y TIPO B. EL ALQUILER DE LOCALES INDUSTRIALES.  Datos registrales. S 8 , H B 299252, I/A 4 (17.08.26).",https://www.boe.es/diario_borme/xml.php?id=BORME-A-2026-162-08
20260824,A,BARCELONA,389285,INVERSIONS FECO 2004 SL,"Modificaciones estatutarias. ARTICULO 19.- SISTEMA RETRIBUTIVO DEL ORGANO DE ADMINISTRACION SOCIAL.  Datos registrales. S 8 , H B 316890, I/A 10 (17.08.26).",https://www.boe.es/diario_borme/xml.php?id=BORME-A-2026-162-08
20260824,A,BARCELONA,389286,WIN RESULT SL,"Cambio de domicilio social. LG DISEMINADOS CASAS CAMPO Num.94 (CANOVES I SAMALUS).  Datos registrales. S 8 , H B 311812, I/A 7 (17.08.26).",https://www.boe.es/diario_borme/xml.php?id=BORME-A-2026-162-08
20260824,A,BARCELONA,389287,SAGUM SL,"Modificaciones estatutarias. MODIFICACION DE LOS ARTICULOS 8, 9, 10, 13, 15, 16 Y 23 DE LOS ESTATUTOS SOCIALES.  Datos registrales. S 8 , H B 60700, I/A 32 (17.08.26).",https://www.boe.es/diario_borme/xml.php?id=BORME-A-2026-162-08
20260824,A,BARCELONA,389288,CONDUCECONGAS S.L,"Revocaciones. ADM.UNICO: ZARAGOZA FERNANDEZ JORGE. LIQUIDADOR: ZARAGOZA FERNANDEZ JORGE. Nombramientos. LIQUIDADOR: ZARAGOZA FERNANDEZ JORGE. Extinción.  Datos registrales. S 8 , H B 545268, I/A 7 (17.08.26).",https://www.boe.es/diario_borme/xml.php?id=BORME-A-2026-162-08
20260824,A,BARCELONA,389289,S&M NOVA TECHNOLOGIES S.L,"Cambio de domicilio social. PJ DE DOMENECH I MONTANER, NUM. 42A (SANT POL DE MAR).  Datos registrales. S 8 , H B 662367, I/A 4 (17.08.26).",https://www.boe.es/diario_borme/xml.php?id=BORME-A-2026-162-08
20260824,A,BARCELONA,389290,MISKA INVEST SL,"Revocaciones. ADM.UNICO: DIAZ GARCIA MARIA PALOMA. Nombramientos. ADM.UNICO: FAMILIAR 08 SL. REPR.143 RRM: DIAZ GARCIA PALOMA. Modificaciones estatutarias. ARTICULO 19.- SISTEMA RETRIBUTIVO DEL ORGANO DE ADMINISTRACION SOCIAL.  Datos registrales. S 8 , H B 270630, I/A 8 (17.08.26).",https://www.boe.es/diario_borme/xml.php?id=BORME-A-2026-162-08
20260824,A,BARCELONA,389291,VON KLEIN S.L,"Cambio de domicilio social. CL DE TORRAS I PUJALT, NUM. 12-20 P.BJ PTA.B (BARCELONA).  Datos registrales. S 8 , H B 662380, I/A 3 (17.08.26).",https://www.boe.es/diario_borme/xml.php?id=BORME-A-2026-162-08
20260824,A,BARCELONA,389292,BRUSI CATERING SL,"Revocaciones. ADMINISTR.: SOLDEVILA MOLINER ROBERTO. Nombramientos. ADM.UNICO: OLIVELLA BATET ORIOL. Otros conceptos: DECLARACION DE LA PERDIDA DE CONDICION DE SOCIEDAD UNIPERSONAL.  Datos registrales. S 8 , H B 190455, I/A 4 (17.08.26).",https://www.boe.es/diario_borme/xml.php?id=BORME-A-2026-162-08
20260824,A,BARCELONA,389293,SPECIALISTERNE GLOBAL S.L,"Revocaciones. APOD.SOL/MAN: SISTACH VALLVE FRANCISCO. Nombramientos. APOD.SOL/MAN: SEGUNDO SANCHEZ JOSE;PUIGGALI LAUCIRICA MARC;IBARRA ORDOÑEZ ANGEL MANUEL;BARCELO GARCIA RAMON.  Datos registrales. S 8 , H B 210298, I/A 41 (18.08.26).",https://www.boe.es/diario_borme/xml.php?id=BORME-A-2026-162-08
20260824,A,BARCELONA,389294,GRUP D A G FAMILIAR SL,"Nombramientos. APODERAD.SOL: VENTURA TANTIÑA XAVIER.  Datos registrales. S 8 , H B 147191, I/A 5 (18.08.26).",https://www.boe.es/diario_borme/xml.php?id=BORME-A-2026-162-08
20260824,A,BARCELONA,389295,ALSIN SPARTIUM SL,"Nombramientos. APODERAD.SOL: SINGLA MILA JOAN;MILA PLANS JOSEFA.  Datos registrales. S 8 , H B 465766, I/A 8 (18.08.26).",https://www.boe.es/diario_borme/xml.php?id=BORME-A-2026-162-08
20260824,A,BARCELONA,389296,EFICIENTPRINT GRAPHICS SL,"Revocaciones. APODERADO: GALLEGO LOZANO ANA MARIA. APODERAD.SOL: GALLEGO LOZANO ANA MARIA.  Datos registrales. S 8 , H B 404088, I/A 14 (18.08.26).",https://www.boe.es/diario_borme/xml.php?id=BORME-A-2026-162-08
20260824,A,BARCELONA,389297,GINESTA SPARTIUM CORPORATION SL,"Nombramientos. APODERAD.SOL: SINGLA MILA JOAN.  Datos registrales. S 8 , H B 465745, I/A 6 (18.08.26).",https://www.boe.es/diario_borme/xml.php?id=BORME-A-2026-162-08
20260824,A,BARCELONA,389298,CORUS BALLESDENT BRUGUERA S.L,"Revocaciones. ADM.UNICO: CORUS DENTAL INSTITUTE SL. Nombramientos. ADM.SOLIDAR.: CORUS DENTAL INSTITUTE SL;CORUS EUROPE BV. REPR.143 RRM: ROMA VIVES JUAN.  Datos registrales. S 8 , H B 461420, I/A 9 (17.08.26).",https://www.boe.es/diario_borme/xml.php?id=BORME-A-2026-162-08
20260824,A,BARCELONA,389299,MOLI DEL BOIX SL,"Revocaciones. APOD.MANCOMU: OLIVA VILA JUDITH. Nombramientos. ADM.CONJUNTO: TRISTANY 1922 SL. REPR.143 RRM: OLIVA FAINE EDUARD.  Datos registrales. S 8 , H B 72337, I/A 15 (17.08.26).",https://www.boe.es/diario_borme/xml.php?id=BORME-A-2026-162-08
20260824,A,BARCELONA,389300,MARFEEL SOLUTIONS SL,"Nombramientos. AUDIT.INDIV.: DELOITTE AUDITORES SL.  Datos registrales. S 8 , H B 414491, I/A 29 (17.08.26).",https://www.boe.es/diario_borme/xml.php?id=BORME-A-2026-162-08
20260824,A,BARCELONA,389301,CONMED IBERIA SL,"Revocaciones. CONSEJERO: DANIEL SALL JONAS;PATRICK JOSEPH BEYER. Nombramientos. CONSEJERO: ANDREW DAVID KEARNS;TOME MANUEL DE SOUSA.  Datos registrales. S 8 , H B 250624, I/A 25 (17.08.26).",https://www.boe.es/diario_borme/xml.php?id=BORME-A-2026-162-08
20260824,A,BARCELONA,389302,PORTIC BARCELONA SA,"Revocaciones. PRESIDENTE: GARCIA MILA LLOVERAS SANTIAGO. Nombramientos. PRESIDENTE: GRIMALT FALCO CATALINA.  Datos registrales. S 8 , H B 196856, I/A 43 (17.08.26).",https://www.boe.es/diario_borme/xml.php?id=BORME-A-2026-162-08
20260824,A,BARCELONA,389303,URBAGONPISOL SA,"Nombramientos. ADM.UNICO: BALTASAR MARIA CARLOS CASANOVA HABSBURG LOTHRINGEN. Otros conceptos: EL CONTENIDO DE LA INSCRIPCION 20 MODIFICA EL HECHO REFLEJADO POR LA NOTA EXTENDIDA EL DIA 2 DE JULIO DE 2026 AL MARGEN DE LA INSCRIPCION 19, EN CUANTO A LA CADUCIDAD DEL ADMINISTRADOR UNICO.  Datos registrales. S 8 , H B 89879, I/A 20 (17.08.26).",https://www.boe.es/diario_borme/xml.php?id=BORME-A-2026-162-08
20260824,A,BARCELONA,389304,JUSELA IBERICOS S.L,"Revocaciones. ADMINISTR.: LOPEZ CRESPO SERGIO;TORRECILLAS TOMAS JULIA. Nombramientos. CONSEJERO: LOPEZ CRESPO SERGIO. PRESIDENTE: LOPEZ CRESPO SERGIO. CONSEJERO: TORRECILLAS TOMAS JULIA;CASALS JENE FRANCISCO. SECR.NO CONS: BONAVENTURA REBES GONZALEZ NANDIN.  Datos registrales. S 8 , H B 233203, I/A 8 (17.08.26).",https://www.boe.es/diario_borme/xml.php?id=BORME-A-2026-162-08
20260824,A,BARCELONA,389305,ODISEA INGENIERIA S.L,"Revocaciones. ADM.SOLIDAR.: CARRASCO FERNANDEZ ELMER;JOSE JOEL ZAVALETA PINILLOS. Nombramientos. ADM.UNICO: ELMER CARRASCO FERNANDEZ.  Datos registrales. S 8 , H B 593233, I/A 5 (17.08.26).",https://www.boe.es/diario_borme/xml.php?id=BORME-A-2026-162-08
20260824,A,BARCELONA,389306,SIA OBRA CIVIL S.L,"Revocaciones. ADM.SOLIDAR.: ELMER CARRASCO FERNANDEZ;JOSE JOEL ZAVALETA PINILLOS. Nombramientos. ADM.UNICO: ELMER CARRASCO FERNANDEZ.  Datos registrales. S 8 , H B 609025, I/A 3 (17.08.26).",https://www.boe.es/diario_borme/xml.php?id=BORME-A-2026-162-08
20260824,A,BARCELONA,389307,MASSA EXCELENTE S.L,"Revocaciones. ADM.UNICO: HUICUAN YU. Nombramientos. ADM.SOLIDAR.: LU RONG;FEI XIANG.  Datos registrales. S 8 , H B 592563, I/A 3 (17.08.26).",https://www.boe.es/diario_borme/xml.php?id=BORME-A-2026-162-08
20260824,A,BARCELONA,389308,DENTEKLAB SL,"Revocaciones. ADM.UNICO: CORUS DENTAL INSTITUTE SL. Nombramientos. ADM.SOLIDAR.: CORUS DENTAL INSTITUTE SL;CORUS EUROPE BV. REPR.143 RRM: ROMA VIVES JUAN.  Datos registrales. S 8 , H B 298986, I/A 9 (17.08.26).",https://www.boe.es/diario_borme/xml.php?id=BORME-A-2026-162-08
20260824,A,BARCELONA,389309,HABASIT HISPANICA SA,"Nombramientos. CONSEJERO: WAI KIN CHONG.  Datos registrales. S 8 , H B 69690, I/A 84 (17.08.26).",https://www.boe.es/diario_borme/xml.php?id=BORME-A-2026-162-08
20260824,A,BARCELONA,389310,PICKL3 TECH S.L,"Revocaciones. ADM.UNICO: SOLER CARRASCO VICTORIA. Nombramientos. ADM.UNICO: SANCHEZ MARTINEZ JOSE.  Datos registrales. S 8 , H B 559372, I/A 3 (17.08.26).",https://www.boe.es/diario_borme/xml.php?id=BORME-A-2026-162-08
20260824,A,BARCELONA,389311,ELROW GLOBAL S.L,"Revocaciones. PRESIDENTE: LESPEÑETES SL. CONSEJERO: ROSEMBERG MONTES EFRAIN. Nombramientos. PRESIDENTE: ALEXANDRA ROSE MAHON. VICEPRESIDEN: LESPEÑETES SL.  Datos registrales. S 8 , H B 441454, I/A 29 (17.08.26).",https://www.boe.es/diario_borme/xml.php?id=BORME-A-2026-162-08
20260824,A,BARCELONA,389312,KALES AIRLINE SERVICES S.L,"Nombramientos. AUDIT.CUENT.: GRANT THORNTON SLP.  Datos registrales. S 8 , H B 542116, I/A 15 (17.08.26).",https://www.boe.es/diario_borme/xml.php?id=BORME-A-2026-162-08
20260824,A,BARCELONA,389313,KALES AIRLINE SERVICES S.L,"Revocaciones. AUDIT.CUENT.: GRANT THORNTON SLP.  Datos registrales. S 8 , H B 542116, I/A 16 (17.08.26).",https://www.boe.es/diario_borme/xml.php?id=BORME-A-2026-162-08
20260824,A,BARCELONA,389314,SFERA EDITORES ESPAÑA SL,"Revocaciones. CONSEJERO: ILARIA CARNEVALE MIACCA;BERGNES DE LAS CASAS HALL GUILLERMO. SECRETARIO: BERGNES DE LAS CASAS HALL GUILLERMO. Nombramientos. CONSEJERO: CESIRA FRANCESCA RUSSO;RIVAS BOYERO ANA ISABEL. SECRETARIO: RIVAS BOYERO ANA ISABEL.  Datos registrales. S 8 , H B 29946, I/A 48 (17.08.26).",https://www.boe.es/diario_borme/xml.php?id=BORME-A-2026-162-08
20260824,A,BARCELONA,389315,PROGRAMAS DE TRANSFORMACION Y SALUD CONSCIENTE S.L,"Ampliación de capital. Capital: 3.000,00 Euros. Resultante Suscrito: 6.000,00 Euros.  Datos registrales. S 8 , H B 645813, I/A 2 (17.08.26).",https://www.boe.es/diario_borme/xml.php?id=BORME-A-2026-162-08
20260824,A,BARCELONA,389316,DISPOSITIVOS ALMACENAMIENTO DE CONSUMO S.L,"Ampliación de capital. Capital: 7.600,00 Euros. Resultante Suscrito: 10.600,00 Euros.  Datos registrales. S 8 , H B 649994, I/A 2 (17.08.26).",https://www.boe.es/diario_borme/xml.php?id=BORME-A-2026-162-08
20260824,A,BARCELONA,389317,AGUIVIL SA,"Reducción de capital. Importe reducción: 81.736,00 Euros. Resultante Suscrito: 14.424,00 Euros.  Datos registrales. S 8 , H B 113921, I/A 11 (17.08.26).",https://www.boe.es/diario_borme/xml.php?id=BORME-A-2026-162-08
20260824,A,BARCELONA,389318,AGUIVIL SA,"Revocaciones. ADM.CONJUNTO: AGUILERA VILAMAJO MARIA NEUS;AGUILERA VILAMAJO MANEL. Nombramientos. LIQUID.MANC.: AGUILERA VILAMAJO MARIA NEUS;AGUILERA VILAMAJO MANEL. Disolución. Voluntaria.  Datos registrales. S 8 , H B 113921, I/A 12 (17.08.26).",https://www.boe.es/diario_borme/xml.php?id=BORME-A-2026-162-08
20260824,A,BARCELONA,389319,VIFOR PHARMA ESPAÑA SL,"Revocaciones. APOD.SOL/MAN: ANTONIO JOSE PEREIRA DA SILVA CHARRUA;GARCIA HILL JAVIER;LERIS CASULLERAS ESTER;DOMENECH MAESTRO ANNA. APOD.MANCOMU: LORENTE CRUZ ANTONIO. APODERAD.SOL: ANTONIO JOSE PEREIRA DA SILVA CHARRUA;GARCIA HILL JAVIER;LERIS CASULLERAS ESTER;DIAZ GARCIA ALICIA;JIMENEZ RODRIGUEZ MARIA BELEN;LEMMEL MONTOYA MARIA PIA;LOPEZ LOPEZ CRISTINA;REINA JIMENEZ MIGUEL;HERRAN GARCIA ELSA ALEJANDRA;GONZALEZ SUBILS RUTH;MARTIN SANCHO AMELIA. APOD.SOL/MAN: ANTONIO JOSE PEREIRA DA SILVA CHARRUA DE SOUSA;GARCIA HILL JAVIER;LERIS CASULLERAS ESTER;LORENTE CRUZ ANTONIO;DOMENECH MAESTRO ANNA. Nombramientos. APOD.SOL/MAN: ANTONIO JOSE PEREIRA DA SILVA CHARRUA DE SOUSA. APOD.MANCOMU: VANESSA CELINE LAURENCE KOSNISKY. APOD.SOL/MAN: FIERRO VALENZUELA JULIAN;GARCIA HILL JAVIER;ROIG MARTINEZ DAVID;ARTEAGA BRACHO EDUARDO;LERIS CASULLERAS ESTER;SALVADOR VELAZQUEZ PATRICIA;GIBERT MORAL JUAN CARLOS;CALLEJO OVEJAS VENANCIO;INES OLIVEIRA;JULIAN MUNAR JAVIER;GONZALEZ SANCHEZ BEGOÑA;GAVILAN CALZADO CARMEN.  Datos registrales. S 8 , H B 380437, I/A 51 (18.08.26).",https://www.boe.es/diario_borme/xml.php?id=BORME-A-2026-162-08
20260824,A,BARCELONA,389320,VIFOR PHARMA ESPAÑA SL,"Revocaciones. APODERAD.SOL: MENDEZ FALCATO SHEILA. Nombramientos. APODERAD.SOL: GARCIA FUSTER LAURA;MUÑOZ NAVARRO ALEJANDRA;MERCADE PLASENCIA MARIA.  Datos registrales. S 8 , H B 380437, I/A 52 (18.08.26).",https://www.boe.es/diario_borme/xml.php?id=BORME-A-2026-162-08
20260824,A,BARCELONA,389321,MUSEU PROHIBIT S.L,"Ampliación de capital. Capital: 1.000,00 Euros. Resultante Suscrito: 9.400,00 Euros.  Datos registrales. S 8 , H B 590350, I/A 10 (18.08.26).",https://www.boe.es/diario_borme/xml.php?id=BORME-A-2026-162-08
20260824,A,BARCELONA,389322,HELISWISS IBERICA SA,"Ampliación de capital. Suscrito: 3.709.152,50 Euros. Desembolsado: 3.709.152,50 Euros. Resultante Suscrito: 5.404.827,50 Euros. Resultante Desembolsado: 5.404.827,50 Euros. Ampliación de capital. Suscrito: 4.657.672,50 Euros. Desembolsado: 3.000.000,00 Euros. Resultante Suscrito: 10.062.500,00 Euros. Resultante Desembolsado: 8.404.827,50 Euros.  Datos registrales. S 8 , H B 68316, I/A 59 (18.08.26).",https://www.boe.es/diario_borme/xml.php?id=BORME-A-2026-162-08
20260824,A,BARCELONA,389323,SERVICIOS FAKENZO S.L,"Constitución. Comienzo de operaciones: 30.07.26. Objeto social: COMO ACTIVIDAD PRINCIPAL, COMERCIO AL POR MENOR DE VEHICULOS DE MOTOR, CNAE NUMERO 4781. OTRAS ACTIVIDADES: ALQUILER DE AUTOMOVILES Y VEHICULOS DE MOTOR LIGEROS SIN CONDUCTOR, CNAE NUMERO 7711. TRANSPORTE DE MERCANCIAS, ETC. Domicilio: CL NOSTRA SENYORA DE LOURDES NUM.20 P.2 PTA.3 (MOLINS DE REI). Capital: 3.000,00 Euros. Nombramientos. ADM.UNICO: ECHEVARRIA ENCISO EVEL AMET. Otros conceptos: DECLARACION DE SOCIEDAD UNIPERSONAL, SIENDO SOCIO UNICO EVEL AMET ECHEVARRIA ENCISO.  Datos registrales. S 8 , H B 662408, I/A 1 (18.08.26).",https://www.boe.es/diario_borme/xml.php?id=BORME-A-2026-162-08
20260824,A,BARCELONA,389324,LIGHTALE CULTURE & MEDIA S.L,"Constitución. Comienzo de operaciones: 30.07.26. Objeto social: COMO ACTIVIDAD PRINCIPAL, COMERCIO AL POR MAYOR NO ESPECIALIZADO, CNAE NUMERO 46.90. OTRAS ACTIVIDADES: COMERCIO AL POR MENOR POR CORREO O POR INTERNET, CNAE NUMERO 47.91. ACTIVIDADES DE LAS AGENCIAS DE PUBLICIDAD, ETC. Domicilio: CL ALTIMIRA NUM.14 (BARBERA DEL VALLES). Capital: 3.000,00 Euros. Nombramientos. ADM.UNICO: XITAO LI. Otros conceptos: DECLARACION DE SOCIEDAD UNIPERSONAL, SIENDO SOCIO UNICO NAIHE YAN.  Datos registrales. S 8 , H B 662412, I/A 1 (18.08.26).",https://www.boe.es/diario_borme/xml.php?id=BORME-A-2026-162-08
20260824,A,BARCELONA,389325,BUGAPRATS S.L,"Constitución. Comienzo de operaciones: 28.07.26. Objeto social: ACTIVIDAD PRINCIPAL: CNAE: 9610: LAVADO Y LIMPIEZA DE PIEZAS DE ROPA Y DE PIEL. SECUNDARIAS: CNAE: 5210- DEPOSITO Y ALMACENAMIENTO. CNAE: 9609 - OTROS SERVICIOS PERSONALES. CNAE: 4690- COMERCIO AL MAYOR NO ESPECIALIZADO. ETC. Domicilio: PZ VELLA NUM.3 (PRATS DE LLUCANES). Capital: 3.000,00 Euros. Nombramientos. ADM.SOLIDAR.: PINEDA CIRERA JORDI;CIRERA DOMENECH ARNAU.  Datos registrales. S 8 , H B 662429, I/A 1 (18.08.26).",https://www.boe.es/diario_borme/xml.php?id=BORME-A-2026-162-08
20260824,A,BARCELONA,389326,SURCER PARTNERS S.L,"Constitución. Comienzo de operaciones: 29.07.26. Objeto social: LA GESTION Y ADMINISTRACION DE LA PROPIEDAD INMOBILIARIA, POR CUENTA PROPIA O DE TERCEROS CNAE 6832. LA ADQUISICION, TENENCIA, ADMINISTRACION, REHABILITACION, EXPLOTACION Y ENAJENACION DE BIENES INMUEBLES, ETC. Domicilio: CL TRAVESERA DE GRACIA NUM.44 P.1 PTA.4 (BARCELONA). Capital: 3.000,00 Euros. Nombramientos. ADM.UNICO: ROITG CERVERO MARIA JOSE.  Datos registrales. S 8 , H B 662410, I/A 1 (18.08.26).",https://www.boe.es/diario_borme/xml.php?id=BORME-A-2026-162-08
20260824,A,BARCELONA,389327,FISMA SPORT SOLUTIONS S.L,"Constitución. Comienzo de operaciones: 30.07.26. Objeto social: LA FABRICACION, DISEÑO, MONTAJE,REPARACION, MANTENIMIENTO, COMERCIALIZACION, IMPORTACION, EXPORTACION DE PISTAS E INSTALACIONES DEPORTIVAS, EN PARTICULAR DE PADEL, PICKLEBALL Y TENIS, SUS COMPONENTES, CERRAMIENTOS, ETC. Domicilio: CL SANTA AMELIA NUM.31 ESC.A P.2 PTA.4 (BARCELONA). Capital: 1.000,00 Euros. Nombramientos. ADM.UNICO: MANTILLA BOTELLA FELIX.  Datos registrales. S 8 , H B 662357, I/A 1 (18.08.26).",https://www.boe.es/diario_borme/xml.php?id=BORME-A-2026-162-08
20260824,A,BARCELONA,389328,COPY PRATS COPY S.L,"Constitución. Comienzo de operaciones: 15.07.26. Objeto social: EL ALQUILER DE MAQUINARIA Y EQUIPOS DE OFICINA Y ORDENADORES, SIENDO EL CNAE DE SU ACTIVIDAD PRINCIPAL: 7733; Y EL COMERCIO AL MAYOR DE MAQUINARIA Y EQUIPOS DE OFICINA, CNAE: 4666. Domicilio: CL LLEIDA NUM.60 P.BX (MANLLEU). Capital: 3.000,00 Euros. Nombramientos. ADM.UNICO: FONT CABEZAS ISAAC. Otros conceptos: DECLARACION DE SOCIEDAD UNIPERSONAL, SIENDO SOCIO UNICO ISAAC FONT CABEZAS.  Datos registrales. S 8 , H B 662381, I/A 1 (18.08.26).",https://www.boe.es/diario_borme/xml.php?id=BORME-A-2026-162-08
20260824,A,BARCELONA,389329,SERVEIS COMARCALS INSTAL LACIONS SL,"Revocaciones. ADMINISTR.: LLOPIS PRIME JOAN;SALVANS VILA FRANCISCO. Nombramientos. ADM.UNICO: SALVANS VILA FRANCISCO. Reducción de capital. Importe reducción: 1.502,53 Euros. Resultante Suscrito: 1.502,53 Euros. Ampliación de capital. Capital: 1.502,53 Euros. Resultante Suscrito: 3.005,06 Euros. Otros conceptos: DECLARACION DE LA UNIPERSONALIDAD. SOCIO UNICO, DON FRANCISCO SALVANS VILA.  Datos registrales. S 8 , H B 107389, I/A 7 (18.08.26).",https://www.boe.es/diario_borme/xml.php?id=BORME-A-2026-162-08
20260824,A,BARCELONA,389330,CUMAR 98 SL,"Nombramientos. APODERAD.SOL: CUBELES MARQUEZ EVA.  Datos registrales. S 8 , H B 177044, I/A 3 (18.08.26).",https://www.boe.es/diario_borme/xml.php?id=BORME-A-2026-162-08
20260824,A,BARCELONA,389331,FLIITS24 S.L,"Nombramientos. APODERAD.SOL: RULL RODES PAU;LEVIT COMA CROS MARC;ANDRES ENRIQUE DELLACASA GUERRA.  Datos registrales. S 8 , H B 626864, I/A 9 (18.08.26).",https://www.boe.es/diario_borme/xml.php?id=BORME-A-2026-162-08
20260824,A,BARCELONA,389332,CREFICA SL,"Nombramientos. APODERAD.SOL: CASSI ESTEVE PERE;ROMERO GALLARDO VICTOR MANUEL.  Datos registrales. S 8 , H B 86506, I/A 34 (18.08.26).",https://www.boe.es/diario_borme/xml.php?id=BORME-A-2026-162-08
20260824,A,BARCELONA,389333,PROQUO PARTNERS S.L,"Nombramientos. APODERAD.SOL: MARTINEZ MARTINEZ ROBERTO.  Datos registrales. S 8 , H B 659644, I/A 2 (18.08.26).",https://www.boe.es/diario_borme/xml.php?id=BORME-A-2026-162-08
20260824,A,BARCELONA,389334,AARON CONSTRUCTORA MAGNA S.L,"Constitución. Comienzo de operaciones: 17.02.26. Objeto social: LA PROMOCION, CONSTRUCCION, REHABILITACION, COMPRA, VENTA, PERMUTA, EXPLOTACION, ARRENDAMIENTO (EXCLUIDO EL ARRENDAMIENTO FINANCIERO) Y ADMINISTRACION DE TODA CLASE DE BIENES INMUEBLES, ETC. Domicilio: GV DE CARLOS III NUM.99 P.8 PTA.2 (BARCELONA). Capital: 3.000,00 Euros. Nombramientos. ADM.UNICO: SAEED MAZHAR.  Datos registrales. S 8 , H B 662354, I/A 1 (18.08.26).",https://www.boe.es/diario_borme/xml.php?id=BORME-A-2026-162-08
20260824,A,BARCELONA,389335,FUNDAMENTAL TECHNOLOGIES S.L,"Constitución. Comienzo de operaciones: 16.07.26. Objeto social: LA INVESTIGACION, DISEÑO, DESARROLLO, PRODUCCION, EXPLOTACION, COMERCIALIZACION, LICENCIA, DISTRIBUCION, MANTENIMIENTO Y ACTUALIZACION DE PROGRAMAS INFORMATICOS, APLICACIONES, PLATAFORMAS DIGITALES, ETC. Domicilio: CL PALLARS, 180, 7- (SANT MARTI) (BARCELONA). Capital: 3.000,00 Euros. Nombramientos. ADM.UNICO: GABRIEL KHALIFA SUISSA. Otros conceptos: DECLARACION DE SOCIEDAD UNIPERSONAL, SIENDO SOCIO UNICO GABRIEL KHALIFA SUISSA.  Datos registrales. S 8 , H B 662414, I/A 1 (18.08.26).",https://www.boe.es/diario_borme/xml.php?id=BORME-A-2026-162-08
20260824,A,BARCELONA,389336,ALICOFFE BAR S.L,"Otros conceptos: SECCION MERCANTIL DEL TI DE BARCELONA, PLAZA NUMERO 6, PROC. CONC. VOLUNTARIO 528/2026, AUTOS FIRMES DE FECHA 30/04/2026: DECLARACION DE CONCURSO VOLUNTARIO; Y 30/06/2026: CONCLUSION DEL CONCURSO Y CIERRE PROVISIONAL DE LA HOJA REGISTRAL.  Datos registrales. S 8 , H B 581917, I/A 2 (18.08.26).",https://www.boe.es/diario_borme/xml.php?id=BORME-A-2026-162-08
20260824,A,BARCELONA,389337,HOFMANN PLASTICS S.L,"Constitución. Comienzo de operaciones: 28.07.26. Objeto social: LA ELABORACION, TRANSFORMACION, COMERCIALIZACION, COMPRA Y VENTA DE TRIPAS NATURALES Y ARTIFICIALES, ASI COMO TODA CLASE DE ENVOLTORIOS DE POLIMEROS, PARA PRODUCTOS CARNICOS. ETC. Domicilio: AV SANT FERRAN, NUM. 72, NAVE (CORNELLA DE LLOBREGAT). Capital: 3.000,00 Euros. Nombramientos. ADM.UNICO: MARCOS HOFMANN BATLLORI. Otros conceptos: DECLARACION DE SOCIEDAD UNIPERSONAL, SIENDO SOCIO UNICO SUCESORES DE W HOFMANN SL.  Datos registrales. S 8 , H B 662392, I/A 1 (18.08.26).",https://www.boe.es/diario_borme/xml.php?id=BORME-A-2026-162-08
20260824,A,BARCELONA,389338,BARCELONA PRIME REAL ESTATE PROPERTIES S.L,"Revocaciones. ADM.UNICO: FERRER COSTA IVAN. Nombramientos. ADM.UNICO: LACALLE DE LA CRUZ FRANCISCO JAVIER. Otros conceptos: DECLARACION DE PERDIDA DE LA CONDICION DE SOCIEDAD UNIPESONAL.  Datos registrales. S 8 , H B 612867, I/A 2 (18.08.26).",https://www.boe.es/diario_borme/xml.php?id=BORME-A-2026-162-08
20260824,A,BARCELONA,389339,AIGUES DE MANRESA SA,"Nombramientos. CONSEJERO: CABALLOL TEIXIDOR RAMON.  Datos registrales. S 8 , H B 87260, I/A 103 (18.08.26).",https://www.boe.es/diario_borme/xml.php?id=BORME-A-2026-162-08
20260824,A,BARCELONA,389340,EDICIONES DEPORTIVAS CATALANAS SA,"Nombramientos. ADM.UNICO: GRUPO ZETA SA.  Datos registrales. S 8 , H B 86570, I/A 81 (18.08.26).",https://www.boe.es/diario_borme/xml.php?id=BORME-A-2026-162-08
20260824,A,BARCELONA,389341,GUARDAYA VALLES S.L,"Revocaciones. ADM.UNICO: PONCE ALONSO JAVIER DAVID. Nombramientos. ADM.SOLIDAR.: PONCE ALONSO JAVIER DAVID;PEREZ TUDELA ANGEL.  Datos registrales. S 8 , H B 596043, I/A 3 (18.08.26).",https://www.boe.es/diario_borme/xml.php?id=BORME-A-2026-162-08
20260824,A,BARCELONA,389342,STC AVIATION MAINTENANCE SL,"Revocaciones. ADM.UNICO: YURY PIN. Nombramientos. ADM.UNICO: ARTURO EDUARDO CRUZ TORRES.  Datos registrales. S 8 , H B 378921, I/A 3 (18.08.26).",https://www.boe.es/diario_borme/xml.php?id=BORME-A-2026-162-08
20260824,A,BARCELONA,389343,VAKASA DISEÑOS S.L,"Revocaciones. ADM.UNICO: EMMA LOUISE BISSON. Nombramientos. ADM.UNICO: BENJAMIN JOHN MAY.  Datos registrales. S 8 , H B 583812, I/A 2 (18.08.26).",https://www.boe.es/diario_borme/xml.php?id=BORME-A-2026-162-08
20260824,A,BARCELONA,389344,AUTO SUSPENSION BUENOS AIRES SL,"Revocaciones. ADM.UNICO: ARENAS SORARRAIN JAVIER. Nombramientos. ADM.UNICO: ARENAS DE SORARRAIN JOSE MARIA.  Datos registrales. S 8 , H B 34434, I/A 19 (18.08.26).",https://www.boe.es/diario_borme/xml.php?id=BORME-A-2026-162-08
20260824,C,CONVOCATORIAS DE JUNTAS,BORME-C-2026-4795,"ALOSNERA DE CONSTRUCCIONES, S.A.",,https://www.boe.es/diario_borme/xml.php?id=BORME-C-2026-4795
20260824,C,CONVOCATORIAS DE JUNTAS,BORME-C-2026-4796,"CLINICA MADRID, S.A.",,https://www.boe.es/diario_borme/xml.php?id=BORME-C-2026-4796
20260824,C,CONVOCATORIAS DE JUNTAS,BORME-C-2026-4797,"CONTREBIA, S.A. EN LIQUIDACIÓN",,https://www.boe.es/diario_borme/xml.php?id=BORME-C-2026-4797
20260824,C,CONVOCATORIAS DE JUNTAS,BORME-C-2026-4798,"FACTORY AUTOMOTIVE, S.L.",,https://www.boe.es/diario_borme/xml.php?id=BORME-C-2026-4798
20260824,C,CONVOCATORIAS DE JUNTAS,BORME-C-2026-4799,"INVERSIONES GLOMADA, S.A.",,https://www.boe.es/diario_borme/xml.php?id=BORME-C-2026-4799
20260824,C,FUSIONES Y ABSORCIONES DE EMPRESAS,BORME-C-2026-4800,"FERRETERIA TIAS, S.L. 
(SOCIEDAD ABSORBENTE) 
LAOBAN GROUP, S.L. 
(SOCIEDAD ABSORBIDA)",,https://www.boe.es/diario_borme/xml.php?id=BORME-C-2026-4800
20260824,C,FUSIONES Y ABSORCIONES DE EMPRESAS,BORME-C-2026-4801,"NIJI IBERIA, S.L. (SOCIEDAD ABSORBENTE) 
WITH DIGITAL ORCHESTRATION, S.L.U. (SOCIEDAD ABSORBIDA)",,https://www.boe.es/diario_borme/xml.php?id=BORME-C-2026-4801
20260824,C,ESCISIÓN DE EMPRESAS,BORME-C-2026-4802,"CARPINTERIA Y LACADOS ESCOLAR, S.L. 
(SOCIEDAD SEGREGADA) 
CLAUMAR ARGANDA, S.L. 
(SOCIEDAD BENEFICIARIA DE NUEVA CREACIÓN)",,https://www.boe.es/diario_borme/xml.php?id=BORME-C-2026-4802
20260824,C,ESCISIÓN DE EMPRESAS,BORME-C-2026-4803,"JABONERO Y MORALEDA, S.L. (SOCIEDAD ESCINDIDA) 
MALACUERA, S.L. (SOCIEDAD BENEFICIARIA) 
URBASANTOS, S.L. 
(SOCIEDAD BENEFICIARIA DE NUEVA CREACIÓN)",,https://www.boe.es/diario_borme/xml.php?id=BORME-C-2026-4803
20260824,C,ESCISIÓN DE EMPRESAS,BORME-C-2026-4804,"MEDITERRÁNEA DE CATERING, S.L.U. 
(SOCIEDAD ESCINDIDA) 
ORIGEN MEDITERRÁNEA FOOD SERVICES, S.L. 
(SOCIEDAD BENEFICIARIA)",,https://www.boe.es/diario_borme/xml.php?id=BORME-C-2026-4804
20260824,C,REDUCCIÓN DE CAPITAL,BORME-C-2026-4805,"RECREATIVOS PUENTECILLAS, S.A.",,https://www.boe.es/diario_borme/xml.php?id=BORME-C-2026-4805
20260825,A,BARCELONA,390603,BROKER & RENT YACHTS &JET SKI 2019 S.L,"Constitución. Comienzo de operaciones: 12.08.26. Objeto social: ACTIVIDAD PRINCIPAL: 4779 / COMERCIO AL POR MENOR DE ARTICULOS DE SEGUNDA MANO. OTRAS ACTIVIDADES: 3315 / REPARACION Y MANTENIMIENTO DE BUQUES Y EMBARCACIONES CIVILES. 4614 / ACTIVIDADES DE INTERMEDIARIOS DEL COMERCIO, ETC. Domicilio: CL RAMBLA RAFAEL CASANOVA NUM.66 (SANT BOI DE LLOBREGAT). Capital: 29.865,00 Euros. Nombramientos. ADM.UNICO: MUSTAPHA MOUZZOU ECHIB. Otros conceptos: DECLARACION DE SOCIEDAD UNIPERSONAL, SIENDO SOCIO UNICO MUSTAPHA MOUZZOU ECHIB.  Datos registrales. S 8 , H B 662407, I/A 1 (18.08.26).",https://www.boe.es/diario_borme/xml.php?id=BORME-A-2026-163-08
20260825,A,BARCELONA,390604,BARBARA JUAN PORTOLES EVENTS S.L,"Constitución. Comienzo de operaciones: 20.08.26. Objeto social: ACTIVIDAD PRINCIPAL: 8230 / ORGANIZACION DE CONVENCIONES Y FERIAS DE MUESTRAS. OTRAS ACTIVIDADES: 5915 / ACTIVIDADES DE PRODUCCION CINEMATOGRAFICA Y DE VIDEO. 7414 / OTRAS ACTIVIDADES DE DISEÑO ESPECIALIZADO. Domicilio: PS SANT GERVASI NUM.57 BIS P.3 PTA.3 (BARCELONA). Capital: 15.000,00 Euros. Nombramientos. ADM.UNICO: JUAN PORTOLES BARBARA. Otros conceptos: DECLARACION DE SOCIEDAD UNIPERSONAL, SIENDO SOCIO UNICO BARBARA JUAN PORTOLES.  Datos registrales. S 8 , H B 662413, I/A 1 (18.08.26).",https://www.boe.es/diario_borme/xml.php?id=BORME-A-2026-163-08
20260825,A,BARCELONA,390605,SEK CATALUNYA SA,"Nombramientos. APOD.MANCOMU: DE HOYOS MAROTO JOSE;PIÑA HUIDOBRO MIGUEL ANGEL;VELA YUSTAS GARCIA JAVIER.  Datos registrales. S 8 , H B 118283, I/A 105 (18.08.26).",https://www.boe.es/diario_borme/xml.php?id=BORME-A-2026-163-08
20260825,A,BARCELONA,390606,INGENI SERVEIS INTEGRALS DE LEGALITZACIONS SL,"Otros conceptos: CAMBIO DE SOCIO UNICO DE LA SOCIEDAD.NUEVO SOCIO:ESTUDIO OCT, S.L.  Datos registrales. S 8 , H B 282042, I/A 7 (18.08.26).",https://www.boe.es/diario_borme/xml.php?id=BORME-A-2026-163-08
20260825,A,BARCELONA,390607,MAXINTAL LOGISTIA S.L,"Revocaciones. ADM.UNICO: GARCIA PASTRANA MARIA ELENA. Nombramientos. ADM.UNICO: LAGUNA ALISEDA MARIA PILAR. Otros conceptos: DECLARACION DE UNIPERSONALIDAD. SOCIO UNICO: MARIA PILAR LAGUNA ALISEDA. Cambio de domicilio social. CL CABANES Num.38 P.AT PTA.1 (BARCELONA). Cambio de objeto social. PRINCIPAL:INSTALACIONES ELECTRICAS.CNAE 4321.ACTIVIDADES ACCESORIAS:1.-COMPRAVENTA,ADQUISICION,TENENCIA Y ENAJENACION DE VALORES MOBILIARIOS Y DE PARTICIPACIONES SOCIALES O ACCIONES EN EL CAPITAL SOCIAL DE CUALQUIER TIPO ...  Datos registrales. S 8 , H B 649365, I/A 2 (18.08.26).",https://www.boe.es/diario_borme/xml.php?id=BORME-A-2026-163-08
20260825,A,BARCELONA,390608,KURDES SL,"Modificaciones estatutarias. ART.16.- SISTEMA RETRIBUTIVO DEL ORGANO DE ADMINISTRACION SOCIAL.  Datos registrales. S 8 , H B 73083, I/A 32 (18.08.26).",https://www.boe.es/diario_borme/xml.php?id=BORME-A-2026-163-08
20260825,A,BARCELONA,390609,MINGOTHINGS SL,"Revocaciones. APODERAD.SOL: MUÑOZ LOPEZ JOSE VICENTE.  Datos registrales. S 8 , H B 491515, I/A 10 (18.08.26).",https://www.boe.es/diario_borme/xml.php?id=BORME-A-2026-163-08
20260825,A,BARCELONA,390610,SEANERGY YACHTS S.L,"Revocaciones. ADM.UNICO: PELLA FRANCO MIGUEL. LIQUIDADOR: PELLA FRANCO MIGUEL. Nombramientos. LIQUIDADOR: PELLA FRANCO MIGUEL. Extinción.  Datos registrales. S 8 , H B 502255, I/A 6 (18.08.26).",https://www.boe.es/diario_borme/xml.php?id=BORME-A-2026-163-08
20260825,A,BARCELONA,390611,APEX MOBILITY 68 S.L,"Constitución. Comienzo de operaciones: 11.08.26. Objeto social: ACTIVIDAD PRINCIPAL: 4783 / COMERCIO AL POR MENOR DE MOTOCICLETAS, Y REPUESTOS Y ACCESORIOS DE MOTOCICLETAS. OTRAS ACTIVIDADES: 4671 / COMERCIO AL POR MAYOR DE VEHICULOS DE MOTOR. 4672 / COMERCIO AL POR MAYOR DE REPUESTO. ETC. Domicilio: CL ENERGIA NUM.59 (BADALONA). Capital: 3.000,00 Euros. Nombramientos. ADM.UNICO: CHAOFAN XU.  Datos registrales. S 8 , H B 662446, I/A 1 (18.08.26).",https://www.boe.es/diario_borme/xml.php?id=BORME-A-2026-163-08
20260825,A,BARCELONA,390612,GAES POWER TRANSMISSIONS S.L,"Otros conceptos: No aprobacion de las cuentas anuales correspondientes al ejercicio 2024 (Art. 378.5 del Reglamento del Registro Mercantil).  Datos registrales. S 8 , H B 573789, I/A 4 (18.08.26).",https://www.boe.es/diario_borme/xml.php?id=BORME-A-2026-163-08
20260825,A,BARCELONA,390613,ILUNION HOTELS CATALUNYA SA,"Nombramientos. APODERAD.SOL: BARRETA CORADI LUCAS.  Datos registrales. S 8 , H B 452445, I/A 69 (18.08.26).",https://www.boe.es/diario_borme/xml.php?id=BORME-A-2026-163-08
20260825,A,BARCELONA,390614,BRINOVA BUSINESS S.L,"Constitución. Comienzo de operaciones: 18.09.26. Objeto social: ACTIVIDAD PRINCIPAL: 1410 / CONFECCION DE PRENDAS DE VESTIR DE PUNTO. OTRAS ACTIVIDADES: 1330 / ACABADO DE TEXTILES. 1421 / CONFECCION DE PRENDAS DE VESTIR EXTERIORES. ETC. Domicilio: CL MARATHON NUM.49 (MATARO). Capital: 3.000,00 Euros. Nombramientos. ADM.UNICO: HAN LING. Otros conceptos: DECLARACION DE SOCIEDAD UNIPERSONAL, SIENDO SOCIO UNICO HAN LING.  Datos registrales. S 8 , H B 662449, I/A 1 (18.08.26).",https://www.boe.es/diario_borme/xml.php?id=BORME-A-2026-163-08
20260825,A,BARCELONA,390615,CALDIVA BARCELONA S.L,"Constitución. Comienzo de operaciones: 18.08.26. Objeto social: ACTIVIDAD PRINCIPAL: 4684 / COMERCIO AL POR MAYOR DE EQUIPOS Y SUMINISTROS DE FERRETERIA, FONTANERIA Y CALEFACCION. OTRAS ACTIVIDADES: 4322 / FONTANERIA, INSTALACION DE SISTEMAS DE CALEFACCION Y AIRE ACONDICIONADO. ETC. Domicilio: CL SEGLE XX NUM.84 P.2 (BARCELONA). Capital: 3.000,00 Euros. Nombramientos. ADM.UNICO: JURGEN STURM. Otros conceptos: DECLARACION DE SOCIEDAD UNIPERSONAL, SIENDO SOCIO UNICO JURGEN STURM.  Datos registrales. S 8 , H B 662448, I/A 1 (18.08.26).",https://www.boe.es/diario_borme/xml.php?id=BORME-A-2026-163-08
20260825,A,BARCELONA,390616,BLUEONOMY S.L,"Constitución. Comienzo de operaciones: 1.09.26. Objeto social: ACTIVIDAD PRINCIPAL: 7210 / INVESTIGACION Y DESARROLLO EXPERIMENTAL EN CIENCIAS NATURALES Y TECNICAS. Domicilio: CL SALVADOR SOLER I FORMENT NUM.12 P.2 PTA.2 (SITGES). Capital: 10,00 Euros. Nombramientos. ADM.UNICO: VIACHESLAV SAFRONOV. Otros conceptos: DECLARACION DE SOCIEDAD UNIPERSONAL, SIENDO SOCIO UNICO VIACHESLAV SAFRONOV.  Datos registrales. S 8 , H B 662450, I/A 1 (18.08.26).",https://www.boe.es/diario_borme/xml.php?id=BORME-A-2026-163-08
20260825,A,BARCELONA,390617,GRUPO LOREN RESTOBAR S.L,"Constitución. Comienzo de operaciones: 16.07.26. Objeto social: ACTIVIDAD PRINCIPAL: 5611 / RESTAURANTES. OTRAS ACTIVIDADES: 5320 / OTRAS ACTIVIDADES POSTALES Y DE MENSAJERIA. 6220 / ACTIVIDADES DE CONSULTORIA INFORMATICA Y GESTION DE INSTALACIONES INFORMATICAS. ETC. Domicilio: CL MUNTANYA NUM.1 PTA.1 (BARCELONA). Capital: 3.000,00 Euros. Nombramientos. ADM.UNICO: VERA SANCHEZ LIDIA LORENZA.  Datos registrales. S 8 , H B 662457, I/A 1 (18.08.26).",https://www.boe.es/diario_borme/xml.php?id=BORME-A-2026-163-08
20260825,A,BARCELONA,390618,EXIMUN SYSTEMS S.L,"Constitución. Comienzo de operaciones: 19.08.26. Objeto social: ACTIVIDAD PRINCIPAL: 5829 / EDICION DE OTROS PROGRAMAS INFORMATICOS. OTRAS ACTIVIDADES: 4618 / ACTIVIDADES DE INTERMEDIARIOS DEL COMERCIO AL POR MAYOR DE OTROS PRODUCTOS ESPECIFICOS. 4619 / ACTIVIDADES DE LOS AGENTES ETC. Domicilio: CL LEPANT NUM.270 P.0 (BARCELONA). Capital: 20,00 Euros. Nombramientos. ADM.UNICO: JIMIENEZ LARRUY PABLO. Otros conceptos: DECLARACION DE SOCIEDAD UNIPERSONAL, SIENDO SOCIO UNICO PABLO JIMIENEZ LARRUY.  Datos registrales. S 8 , H B 662456, I/A 1 (18.08.26).",https://www.boe.es/diario_borme/xml.php?id=BORME-A-2026-163-08
20260825,A,BARCELONA,390619,GESTIO D'ENGINYERIA SERVEIS I ARQUITECTURA GESA SL,"Otros conceptos: CAMBIO DE SOCIO UNICO PASANDO A SER EL NUEVO SOCIO LA COMPAÑIA ""ESTUDIO OCT S.L."".  Datos registrales. S 8 , H B 114100, I/A 11 (18.08.26).",https://www.boe.es/diario_borme/xml.php?id=BORME-A-2026-163-08
20260825,A,BARCELONA,390620,GESTIO D'ENGINYERIA SERVEIS I ARQUITECTURA GESA SL,"Ampliación de capital. Capital: 250.057,60 Euros. Resultante Suscrito: 253.063,10 Euros.  Datos registrales. S 8 , H B 114100, I/A 12 (18.08.26).",https://www.boe.es/diario_borme/xml.php?id=BORME-A-2026-163-08
20260825,A,BARCELONA,390621,BASE2 AUDIOVISUAL SL,"Revocaciones. ADM.UNICO: INVERSIONES SANUMA 2002 SL. LIQUIDADOR: INVERSIONES SANUMA 2002 SL. REPR.143 RRM: VERDU SOLER SANTIAGO JOSE. Nombramientos. LIQUIDADOR: INVERSIONES SANUMA 2002 SL. REPR.143 RRM: VERDU SOLER SANTIAGO JOSE. Extinción.  Datos registrales. S 8 , H B 220017, I/A 7 (18.08.26).",https://www.boe.es/diario_borme/xml.php?id=BORME-A-2026-163-08
20260825,A,BARCELONA,390622,ALEA IBERIA S.L,"Nombramientos. AUDIT.INDIV.: ENTRELINEAS AUDITORES SLP.  Datos registrales. S 8 , H B 543572, I/A 7 (18.08.26).",https://www.boe.es/diario_borme/xml.php?id=BORME-A-2026-163-08
20260825,A,BARCELONA,390623,DA SILVA 2026 S.L,"Constitución. Comienzo de operaciones: 18.08.26. Objeto social: ACTIVIDAD PRINCIPAL: 4101 / CONSTRUCCION DE EDIFICIOS RESIDENCIALES. OTRAS ACTIVIDADES: 4334 / PINTURA Y ACRISTALAMIENTO. 4399 / OTRAS ACTIVIDADES DE CONSTRUCCION ESPECIALIZADA N.C.O.P.. 8121 / LIMPIEZA GENERAL DE EDIFICIOS. Domicilio: CL MANUEL DE FALLA NUM.26 P.4 PTA.2 (BARCELONA). Capital: 3.000,00 Euros. Nombramientos. ADM.UNICO: LUCAS FERNANDO DA SILVA. Otros conceptos: DECLARACION DE SOCIEDAD UNIPERSONAL, SIENDO SOCIO UNICO LUCAS FERNANDO DA SILVA. Datos registrales. S 8 , H B 662461, I/A 1 (18.08.26).",https://www.boe.es/diario_borme/xml.php?id=BORME-A-2026-163-08
20260825,A,BARCELONA,390624,ATLANTIDA MEDICA DE ESPECIALIDADES SA DE SEGUROS,"Nombramientos. APODERAD.SOL: PUEYO SCHMITT CLAUDIA.  Datos registrales. S 8 , H B 95842, I/A 80 (18.08.26).",https://www.boe.es/diario_borme/xml.php?id=BORME-A-2026-163-08
20260825,A,BARCELONA,390625,TORCANY XXI S.L,"Ampliación de capital. Capital: 1.500,00 Euros. Resultante Suscrito: 4.500,00 Euros.  Datos registrales. S 8 , H B 638905, I/A 2 (18.08.26).",https://www.boe.es/diario_borme/xml.php?id=BORME-A-2026-163-08
20260825,A,BARCELONA,390626,NEURAXPHARM PHARMACEUTICALS S.L,"Nombramientos. APODERAD.SOL: GONZALEZ FUENTES MARIA DEL CARMEN.  Datos registrales. S 8 , H B 24474, I/A 171 (18.08.26).",https://www.boe.es/diario_borme/xml.php?id=BORME-A-2026-163-08
20260825,A,BARCELONA,390627,NEURAXPHARM PHARMACEUTICALS S.L,"Nombramientos. APOD.SOL/MAN: CALZADO GIOL MARIA.  Datos registrales. S 8 , H B 24474, I/A 172 (18.08.26).",https://www.boe.es/diario_borme/xml.php?id=BORME-A-2026-163-08
20260825,A,BARCELONA,390628,NEURAXPHARM PHARMACEUTICALS S.L,"Nombramientos. APOD.SOL/MAN: MARCEL GERHARDS.  Datos registrales. S 8 , H B 24474, I/A 173 (19.08.26).",https://www.boe.es/diario_borme/xml.php?id=BORME-A-2026-163-08
20260825,A,BARCELONA,390629,NEURAXPHARM PHARMACEUTICALS S.L,"Nombramientos. APODERAD.SOL: PRIOR GARCIA MERCEDES.  Datos registrales. S 8 , H B 24474, I/A 174 (19.08.26).",https://www.boe.es/diario_borme/xml.php?id=BORME-A-2026-163-08
20260825,A,BARCELONA,390630,NEURAXPHARM PHARMACEUTICALS S.L,"Revocaciones. APODERAD.SOL: ALMAZOR ALFRANCA FRANCISCO JAVIER. APOD.MANCOMU: ALMAZOR ALFRANCA FRANCISCO JAVIER;ALMAZOR ALFRANCA FRANCISCO JAVIER. APOD.SOL/MAN: BIOSCA GARCIA GEMMA. APODERAD.SOL: MURIEL KAFONGO.  Datos registrales. S 8 , H B 24474, I/A 175 (19.08.26).",https://www.boe.es/diario_borme/xml.php?id=BORME-A-2026-163-08
20260825,A,BARCELONA,390631,NEURAXPHARM PHARMACEUTICALS S.L,"Nombramientos. APOD.SOL/MAN: RODRIGUEZ DOMINGUEZ CESAR.  Datos registrales. S 8 , H B 24474, I/A 176 (19.08.26).",https://www.boe.es/diario_borme/xml.php?id=BORME-A-2026-163-08
20260825,A,BARCELONA,390632,BIOSYSTEMS SA,"Revocaciones. APOD.SOL/MAN: RODRIGUEZ MARTIN ALBERTO. APODERAD.SOL: RODRIGUEZ MARTIN ALBERTO;RODRIGUEZ MARTIN ALBERTO.  Datos registrales. S 8 , H B 78595, I/A 85 (18.08.26).",https://www.boe.es/diario_borme/xml.php?id=BORME-A-2026-163-08
20260825,A,BARCELONA,390633,CAR BUYERS CLUB S.L,"Cambio de denominación social. BOCATTA CLUB SANT CUGAT S.L. Cambio de domicilio social. PZ DELS RABASSAIRES Num.2 (SANT CUGAT DEL VALLES). Cambio de objeto social. LA EXPLOTACION, GESTION, ADMINISTRACION Y DIRECCION DE TODA CLASES DE ESTABLECIMIENTOS DE HOSTELERIA Y RESTAURACION, TALES COMO RESTAURANTES, BARES, CAFETERIAS, GASTROBARES, PUBS, HOTELES, HOSTALES Y DEMAS ETC.  Datos registrales. S 8 , H B 571308, I/A 4 (19.08.26).",https://www.boe.es/diario_borme/xml.php?id=BORME-A-2026-163-08
20260825,A,BARCELONA,390634,ZINC TANK PROJECTES SL,"Revocaciones. ADM.UNICO: CRAIG MARKARIAN DEMIRJIAN. LIQUIDADOR: MARKARIAN DEMIRJIAN CRAIG. Nombramientos. LIQUIDADOR: MARKARIAN DEMIRJIAN CRAIG. Extinción.  Datos registrales. S 8 , H B 360264, I/A 6 (19.08.26).",https://www.boe.es/diario_borme/xml.php?id=BORME-A-2026-163-08
20260825,A,BARCELONA,390635,VERMUTERIA LA GUAPA BARCELONA S.L,"Revocaciones. ADM.UNICO: CRUZ TAUBER ALBERTO NAHUEL. Nombramientos. ADM.SOLIDAR.: VELOSO SPINOLA JAVIER;MAXIMO OCHOA.  Datos registrales. S 8 , H B 503108, I/A 5 (19.08.26).",https://www.boe.es/diario_borme/xml.php?id=BORME-A-2026-163-08
20260825,A,BARCELONA,390636,GRUPO AS SOCIAL S.L,"Disolución. Fusion.  Datos registrales. S 8 , H B 589593, I/A 5 (19.08.26).",https://www.boe.es/diario_borme/xml.php?id=BORME-A-2026-163-08
20260825,A,BARCELONA,390637,ITAN MEDIA S.L,"Otros conceptos: RECTIFICACION DE LA INSCRIPCION 5 EN CUANTO AL NEGOCIO Y FECHA DE LA DECLARACION DE UNIPERSONALIDAD DE LA SOCIEDAD,PRODUCIENDOSE DICHA UNIPERSONALIDAD EN LA INSCRIPCION 6,SIENDO SU SOCIO UNICO ""VETULA STRATEGIC SOLUTIONS S.L."".  Datos registrales. S 8 , H B 513835, I/A 6 (19.08.26).",https://www.boe.es/diario_borme/xml.php?id=BORME-A-2026-163-08
20260825,A,BARCELONA,390638,DIPRO TECHNOLOGIES SL,"Revocaciones. ADM.UNICO: SANMARTI GIMENEZ ERMENGOL. Nombramientos. ADM.UNICO: DOMINGO BONAL FRANCISCO.  Datos registrales. S 8 , H B 493200, I/A 8 (19.08.26).",https://www.boe.es/diario_borme/xml.php?id=BORME-A-2026-163-08
20260825,A,BARCELONA,390639,ATRAPALO INTERNACIONAL SL,"Revocaciones. ADM.SOLIDAR.: ROCA PINTADO MANUEL;GIRAL CALVO IGNACIO. LIQUIDADOR: ROCA PINTADO MANUEL. Nombramientos. LIQUIDADOR: ROCA PINTADO MANUEL. Extinción.  Datos registrales. S 8 , H B 443940, I/A 7 (19.08.26).",https://www.boe.es/diario_borme/xml.php?id=BORME-A-2026-163-08
20260825,A,BARCELONA,390640,PRISMIBERICA SA,"Nombramientos. ADM.SOLIDAR.: MARTIN BARNES NURIA.  Datos registrales. S 8 , H B 118546, I/A 21 (18.08.26).",https://www.boe.es/diario_borme/xml.php?id=BORME-A-2026-163-08
20260825,A,BARCELONA,390641,BARILLA ESPAÑA S.L,"Revocaciones. CONSEJERO: FLORIANA ANTONIETTA RITA NOTARANGELO.  Datos registrales. S 8 , H B 629976, I/A 49 (17.08.26).",https://www.boe.es/diario_borme/xml.php?id=BORME-A-2026-163-08
20260825,A,BARCELONA,390642,IVENTIONS INVESTMENT HOLDING S.L,"Cambio de denominación social. MAISON FLORIN S.L. Cambio de domicilio social. CL TUSET Num.3 P.5 (BARCELONA).  Datos registrales. S 8 , H B 533210, I/A 3 (18.08.26).",https://www.boe.es/diario_borme/xml.php?id=BORME-A-2026-163-08
20260825,A,BARCELONA,390643,SANJO EV S.L,"Revocaciones. ADM.UNICO: CRUZ SAUMELL SANTIAGO. Nombramientos. ADM.UNICO: RODRIGUEZ CALAZA JOSE MARIA FRANCISCO. Modificaciones estatutarias. ARTICULO 19.- SISTEMA RETRIBUTIVO DEL ORGANO DE ADMINISTRACION SOCIAL. Cambio de denominación social. KORSA SOLUTIONS S.L. Cambio de domicilio social. AV PAU CASALS Num.28 (SANT JUST DESVERN). Cambio de objeto social. ACTIVIDAD PRINCIPAL: CNAE 7739.- ALQUILER DE OTRA MAQUINARIA, EQUIPOS Y BIENES TANGIBLES. ALQUILER Y ARRENDAMIENTO OPERATIVO DE MAQUINAS HERRAMIENTA Y MAQUINARIA PARA LA INDUSTRIA MANUFACTURERA.  Datos registrales. S 8 , H B 554430, I/A 5 (18.08.26).",https://www.boe.es/diario_borme/xml.php?id=BORME-A-2026-163-08
20260825,A,BARCELONA,390644,GEOMAR ENGINYERIA DEL TERRENY SLP,"Cambio de domicilio social. CL TARRAGONA, NUM. 110, LOCAL 22, PLAZA INTERIOR (BARCELONA).  Datos registrales. S 8 , H B 271591, I/A 4 (18.08.26).",https://www.boe.es/diario_borme/xml.php?id=BORME-A-2026-163-08
20260825,A,BARCELONA,390645,COVEIN 2004 SL,"Revocaciones. ADM.UNICO: FELICE TUFANO. LIQUIDADOR: TUFANO FELICE. Nombramientos. LIQUIDADOR: TUFANO FELICE. Extinción.  Datos registrales. S 8 , H B 280506, I/A 7 (18.08.26).",https://www.boe.es/diario_borme/xml.php?id=BORME-A-2026-163-08
20260825,A,BARCELONA,390646,ZOUNDREAM S.L,"Modificaciones estatutarias. ADICION DEL ARTICULO 7 BIS A LOS ESTATUTOS SOCIALES.  Datos registrales. S 8 , H B 535528, I/A 12 (18.08.26).",https://www.boe.es/diario_borme/xml.php?id=BORME-A-2026-163-08
20260825,A,BARCELONA,390647,VALLES BENESTAR SL,"Revocaciones. ADM.UNICO: RAMOS CALVO GEORGINA. Nombramientos. ADM.UNICO: CASTRO VENTEO ISABEL. Cambio de domicilio social. CL MARIA REVERTER Num.37 (BARCELONA).  Datos registrales. S 8 , H B 330054, I/A 4 (18.08.26).",https://www.boe.es/diario_borme/xml.php?id=BORME-A-2026-163-08
20260825,A,BARCELONA,390648,HER LIGHTING S.L,"Otros conceptos: DECLARACION DE CAMBIO DE SOCIO UNICO. NUEVO SOCIO UNICO: METOO ED SL. Cambio de objeto social. INVESTIGACION, DESARROLLO E INNOVACION, INCLUYENDO LA REALIZACION DE PROYECTOS, ESTUDIOS, ACTIVIDADES TECNICAS, CREATIVAS, TECNOLOGICAS O METODOLOGICAS ORIENTADAS A LA GENERACION, MEJORA, APLICACION O EXPLOTACION DE ...  Datos registrales. S 8 , H B 583951, I/A 2 (18.08.26).",https://www.boe.es/diario_borme/xml.php?id=BORME-A-2026-163-08
20260825,A,BARCELONA,390649,FLOKI 13 S.L,"Revocaciones. ADM.UNICO: SELLES ROS ALBERT.  Datos registrales. S 8 , H B 602426, I/A 2 (18.08.26).",https://www.boe.es/diario_borme/xml.php?id=BORME-A-2026-163-08
20260825,A,BARCELONA,390650,INTISI SL,"Reducción de capital. Importe reducción: 1.550,00 Euros. Resultante Suscrito: 1.550,00 Euros. Otros conceptos: DECLARACION UNIPERSONALIDAD. SOCIO UNICO CARLOS-ELIAS LOPEZ SANCHEZ.  Datos registrales. S 8 , H B 394745, I/A 10 (18.08.26).",https://www.boe.es/diario_borme/xml.php?id=BORME-A-2026-163-08
20260825,A,BARCELONA,390651,INTISI SL,"Ampliación de capital. Capital: 132.129,00 Euros. Resultante Suscrito: 133.679,00 Euros.  Datos registrales. S 8 , H B 394745, I/A 11 (18.08.26).",https://www.boe.es/diario_borme/xml.php?id=BORME-A-2026-163-08
20260825,A,BARCELONA,390652,INICIATIVAS BALLDUR 94 SL,"Nombramientos. APOD.SOL/MAN: LAJUNTA RAFECAS JOSE MARIA;LAJUNTA RAFECAS NURIA;LAJUNTA RAFECAS ROSA MARIA;LAJUNTA RAFECAS MARIA TERESA.  Datos registrales. S 8 , H B 120500, I/A 9 (18.08.26).",https://www.boe.es/diario_borme/xml.php?id=BORME-A-2026-163-08
20260825,A,BARCELONA,390653,"TUNELS DE BARCELONA I CADI, CONCESSIONARIA DE LA GENERALITAT DE CATALUNYA SA","Modificaciones estatutarias. MODIFICACION DE LOS ARTICULOS 8,11,14,16,17 Y 18 Y REFUNDICION DE LOS ESTATUTOS SOCIALES.  Datos registrales. S 8 , H B 431237, I/A 53 (18.08.26).",https://www.boe.es/diario_borme/xml.php?id=BORME-A-2026-163-08
20260825,A,BARCELONA,390654,CASP 1-13 BARCELONA SL,"Revocaciones. CONSEJERO: PEREZ SALA MALDONADO CRISTINA MARIA. APODERAD.SOL: MARTI ROVIRA JUAN FRANCISCO. CONSEJERO: CASAMITJANA PINEDA SERGI;PEREZ SALA MALDONADO FERNANDO. PRESIDENTE: PEREZ SALA MALDONADO FERNANDO. SECRETARIO: CASAMITJANA PINEDA SERGI. APODERAD.SOL: PERU 84 102 BARCELONA SL. Nombramientos. ADM.CONJUNTO: MERIC BURAK KAYA;DORUK KAYA. Otros conceptos: CAMBIO DE SOCIO UNICO. NUEVO SOCIO UNICO: KAYA HOTELS&RESORTS SPAIN S.L. Cambio de domicilio social. CL DE CASP NUM.1-13 (BARCELONA).  Datos registrales. S 8 , H B 455729, I/A 25 (18.08.26).",https://www.boe.es/diario_borme/xml.php?id=BORME-A-2026-163-08
20260825,A,BARCELONA,390655,INICIATIVAS BALLDUR 94 SL,"Nombramientos. APODERAD.SOL: LAJUNTA RAFECAS JOSE MARIA;LAJUNTA RAFECAS NURIA;LAJUNTA RAFECAS ROSA MARIA;LAJUNTA RAFECAS MARIA TERESA.  Datos registrales. S 8 , H B 120500, I/A 10 (18.08.26).",https://www.boe.es/diario_borme/xml.php?id=BORME-A-2026-163-08
20260825,A,BARCELONA,390656,EDISSET OBRES I SERVEIS SL,"Nombramientos. APODERAD.SOL: FERRANDIZ PICO FERRAN;RUIZ FERNANDEZ MIREIA.  Datos registrales. S 8 , H B 483662, I/A 7 (18.08.26).",https://www.boe.es/diario_borme/xml.php?id=BORME-A-2026-163-08
20260825,A,BARCELONA,390657,CAN MARLES SA,"Nombramientos. APOD.SOL/MAN: VILA MORAN BEATRIZ.  Datos registrales. S 8 , H B 140043, I/A 33 (18.08.26).",https://www.boe.es/diario_borme/xml.php?id=BORME-A-2026-163-08
20260825,A,BARCELONA,390658,FRIENDS SPECIALISTERNE S.L,"Revocaciones. APOD.SOL/MAN: SISTACH VALLVE FRANCISCO. APODERAD.SOL: SISTACH VALLVE FRANCISCO. Nombramientos. APOD.SOL/MAN: SEGUNDO SANCHEZ JOSE;YANGUAS GOMEZ SONIA;PUIGGALI LAUCIRICA MARC;IBARRA ORDOÑEZ ANGEL MANUEL.  Datos registrales. S 8 , H B 366367, I/A 14 (18.08.26).",https://www.boe.es/diario_borme/xml.php?id=BORME-A-2026-163-08
20260825,A,BARCELONA,390659,PATTEX INTERNACIONAL SL,"Nombramientos. APODERAD.SOL: CARRANZA RAMOS RAMON.  Datos registrales. S 8 , H B 35398, I/A 30 (18.08.26).",https://www.boe.es/diario_borme/xml.php?id=BORME-A-2026-163-08
20260825,A,BARCELONA,390660,GET IT NOW S.L,"Nombramientos. APOD.MANCOMU: LUIS SANTISIMA TRINIDAD REIG DE LA HOZ;SEDANO DELGADO FRANCISCO RAMON;SAIZ FERNANDEZ JUAN IGNACIO;DELICADO RAMOS ISIDORO;RAURICH VENTURES SL;KURO CAPITAL SL.  Datos registrales. S 8 , H B 507079, I/A 24 (18.08.26).",https://www.boe.es/diario_borme/xml.php?id=BORME-A-2026-163-08
20260825,A,BARCELONA,390661,SPECIALISTERNE SL,"Revocaciones. APOD.SOL/MAN: SISTACH VALLVE FRANCISCO. Nombramientos. APOD.SOL/MAN: SEGUNDO SANCHEZ JOSE;YANGUAS GOMEZ SONIA;PUIGGALI LAUCIRICA MARC;IBARRA ORDOÑEZ ANGEL MANUEL.  Datos registrales. S 8 , H B 441172, I/A 18 (18.08.26).",https://www.boe.es/diario_borme/xml.php?id=BORME-A-2026-163-08
20260825,A,BARCELONA,390662,SKEELO ESPAÑA EDICIONES S.L,"Nombramientos. APODERAD.SOL: AGOSTINO CORFINI;ALESSIO CUSIN.  Datos registrales. S 8 , H B 653424, I/A 3 (17.08.26).",https://www.boe.es/diario_borme/xml.php?id=BORME-A-2026-163-08
20260825,A,BARCELONA,390663,GEODOMIX INVEX SL,"Cambio de domicilio social. CL CAN PUIG Num.9 (MARTORELLES).  Datos registrales. S 8 , H B 475458, I/A 4 (18.08.26).",https://www.boe.es/diario_borme/xml.php?id=BORME-A-2026-163-08
20260825,A,BARCELONA,390664,FOREXSTREET SL,"Nombramientos. APODERAD.SOL: MORALES CAMPOS RUTH.  Datos registrales. S 8 , H B 230633, I/A 11 (17.08.26).",https://www.boe.es/diario_borme/xml.php?id=BORME-A-2026-163-08
20260825,A,BARCELONA,390665,FOREXSTREET MEDIA S.L,"Nombramientos. APODERAD.SOL: MORALES CAMPOS RUTH.  Datos registrales. S 8 , H B 540862, I/A 5 (17.08.26).",https://www.boe.es/diario_borme/xml.php?id=BORME-A-2026-163-08
20260825,A,BARCELONA,390666,SNARCUATRO SERVICIOS DE TRANSPORTE SL,"Otros conceptos: SOCIEDAD UNIPERSONAL.SOCIO UNICO:SERTRANS CATALUNYA S.A.  Datos registrales. S 8 , H B 474289, I/A 7 (18.08.26).",https://www.boe.es/diario_borme/xml.php?id=BORME-A-2026-163-08
20260825,A,BARCELONA,390667,ARGILAGA INVESTMENTS S.L,"Nombramientos. APODERAD.SOL: MORALES CAMPOS RUTH.  Datos registrales. S 8 , H B 537519, I/A 5 (17.08.26).",https://www.boe.es/diario_borme/xml.php?id=BORME-A-2026-163-08
20260825,A,BARCELONA,390668,GRUPO LIBERTADOR GOLF S.L,"Otros conceptos: SOCIEDAD UNIPERSONAL.SOCIO UNICO:GRUPO LIBERTADOR S.L.  Datos registrales. S 8 , H B 628869, I/A 3 (18.08.26).",https://www.boe.es/diario_borme/xml.php?id=BORME-A-2026-163-08
20260825,A,BARCELONA,390669,KALKALITA SL,"Nombramientos. APODERAD.SOL: MORALES CAMPOS RUTH.  Datos registrales. S 8 , H B 403267, I/A 6 (17.08.26).",https://www.boe.es/diario_borme/xml.php?id=BORME-A-2026-163-08
20260825,A,BARCELONA,390670,AJ VENTURES S.L,"Cambio de domicilio social. CL CAN PUIG Num.9 (MARTORELLES).  Datos registrales. S 8 , H B 580570, I/A 7 (18.08.26).",https://www.boe.es/diario_borme/xml.php?id=BORME-A-2026-163-08
20260825,A,BARCELONA,390671,INTERNATIONAL TRADING INSTITUTE S.L,"Nombramientos. APODERAD.SOL: MORALES CAMPOS RUTH.  Datos registrales. S 8 , H B 615840, I/A 3 (17.08.26).",https://www.boe.es/diario_borme/xml.php?id=BORME-A-2026-163-08
20260825,A,BARCELONA,390672,BODEGA GOL S.L,"Nombramientos. APODERAD.SOL: MORALES CAMPOS RUTH.  Datos registrales. S 8 , H B 614347, I/A 3 (17.08.26).",https://www.boe.es/diario_borme/xml.php?id=BORME-A-2026-163-08
20260825,A,BARCELONA,390673,CATALONIA BASKETBALL INSTITUTE S.L,"Nombramientos. APODERAD.SOL: MORALES CAMPOS RUTH.  Datos registrales. S 8 , H B 616312, I/A 2 (17.08.26).",https://www.boe.es/diario_borme/xml.php?id=BORME-A-2026-163-08
20260825,A,BARCELONA,390674,C G CREACIONES GRAFICAS SA,"Revocaciones. APODERADO: GALLEGO LOZANO ANA MARIA.  Datos registrales. S 8 , H B 10937, I/A 56 (18.08.26).",https://www.boe.es/diario_borme/xml.php?id=BORME-A-2026-163-08
20260825,A,BARCELONA,390675,APARTAMENTOS CATALANES S.L,"Nombramientos. APODERAD.SOL: ELENA BAKMAZ.  Datos registrales. S 8 , H B 538407, I/A 3 (18.08.26).",https://www.boe.es/diario_borme/xml.php?id=BORME-A-2026-163-08
20260825,A,BARCELONA,390676,THE CROSSROADS DEVELOPMENT A.I.E,"Modificaciones estatutarias. ARTICULO 5:CAPITAL Y APORTACIONES. Otros conceptos: TRANSMISION DE CUOTAS DE PARTICIPACIONES SOCIALES,SEPARACION DE CARPATHIA CAPITAL S.L.,SIDERCOM S.L.,MAINJOBS INTERNACIONAL EDUCATIVA Y TECNOLOGICA S.A.,VIBA PROPERTIES 1976 S.L.,TABANCO LOS ARCOS S.L.,ARQUIA BANK S.A.,ACADEMIA INTEGRAL UNANI S.L.,LN MODA 98 S.L.,ZELLET ASESORAMIENTO Y GESTION S.L.,DIURNUS S.L.,ECONOCOM SERVICIOS S.A.,INSUR PATRIMONIAL S.L.,LINEAL ESP S.L. E INCORPORACION DE LEYTON IBERIA S.L. COMO SOCIOS DE LA AGRUPACION.  Datos registrales. S 8 , H B 629332, I/A 8 (18.08.26).",https://www.boe.es/diario_borme/xml.php?id=BORME-A-2026-163-08
20260825,A,BARCELONA,390677,TAGART 2014 SL,"Nombramientos. APODERAD.SOL: SOLA VILASECA JOSEP.  Datos registrales. S 8 , H B 451387, I/A 2 (18.08.26).",https://www.boe.es/diario_borme/xml.php?id=BORME-A-2026-163-08
20260825,A,BARCELONA,390678,VIFOR FRESENIUS MEDICAL CARE RENAL PHARMA ESPAÑA SL,"Revocaciones. APOD.SOL/MAN: ANTONNIO JOSE PEREIRA DA SILVA CHARRUA;GARCIA HILL JAVIER;LERIS CASULLERAS ESTERAPODERAD.SOL: VIFOR PHARMA ESPAÑA SLU. APOD.SOL/MAN: DOMENECH MAESTRO ANNA. APOD.MANCOMU: LORENTE CRUZ ANTONIO. APODERAD.SOL: ANTONIO JOSE PEREIRA DA SILVA CHARRUA;GARCIA HILL JAVIER;LERIS CASULLERAS ESTER;MARTIN SANCHO AMELIA;DIAZ GARCIA ALICIA;JIMENEZ RODRIGUEZ MARIA BELEN;LEMMEL MONTOYA MARIA PIA;LOPEZ LOPEZ CRISTINA;REINA JIMENEZ MIGUEL;HERRAN GARCIA ELSA ALEJANDRA;GONZALEZ SUBILS RUTH. APOD.SOL/MAN: ANTONIO JOSE PEREIRA DA SILVA CHARRUA DE SOUSA;GARCIA HILL JAVIER;LERIS CASULLERAS ESTER;LORENTE CRUZ ANTONIO;DOMENECH MAESTRO ANNA. Nombramientos. APOD.SOL/MAN: ANTONIO JOSE PEREIRA DA SILVA CHARRUA DE SOUSA;VANESSA CELINE LAURENCE KOSNISKY;FIERRO VALENZUELA JULIAN;GARCIA HILL JAVIER;ROIG MARTINEZ DAVID;ARTEAGA BRACHO EDUARDO;LERIS CASULLERAS ESTER;SALVADOR VELAZQUEZ PATRICIA;GIBERT MORAL JUAN CARLOS;CALLEJO OVEJAS VENANCIO;INES OLIVEIRA;JULIAN MUNAR JAVIER;GONZALEZ SANCHEZ BEGOÑA;GAVILAN CALZADO CARMEN.  Datos registrales. S 8 , H B 472401, I/A 26 (18.08.26).",https://www.boe.es/diario_borme/xml.php?id=BORME-A-2026-163-08
20260825,A,BARCELONA,390679,SUMBOX SUSTAINABLE COMPANY S.L,"Revocaciones. ADM.UNICO: MOLINA MUNTAÑOLA IGNACIO. LIQUIDADOR: MOLINA MUNTAÑOLA IGNACIO. Nombramientos. LIQUIDADOR: MOLINA MUNTAÑOLA IGNACIO. Extinción.  Datos registrales. S 8 , H B 619328, I/A 2 (18.08.26).",https://www.boe.es/diario_borme/xml.php?id=BORME-A-2026-163-08
20260825,A,BARCELONA,390680,VIFOR FRESENIUS MEDICAL CARE RENAL PHARMA ESPAÑA SL,"Revocaciones. APODERAD.SOL: MENDEZ FALCATO SHEILA. Nombramientos. APODERAD.SOL: GARCIA FUSTER LAURA;MUÑOZ NAVARRO ALEJANDRA;MERCADE PLASENCIA MARIA.  Datos registrales. S 8 , H B 472401, I/A 27 (18.08.26).",https://www.boe.es/diario_borme/xml.php?id=BORME-A-2026-163-08
20260825,A,BARCELONA,390681,CARDONER INSTAL.LACIONS S.L,"Nombramientos. APOD.SOL/MAN: ALSINA BOLADERAS PERE.  Datos registrales. S 8 , H B 565172, I/A 3 (17.08.26).",https://www.boe.es/diario_borme/xml.php?id=BORME-A-2026-163-08
20260825,A,BARCELONA,390682,CARDONER INSTAL.LACIONS S.L,"Nombramientos. APOD.SOL/MAN: ESTIVILL ESTRADA JAUME;MORENTE CARO CARLOS.  Datos registrales. S 8 , H B 565172, I/A 4 (17.08.26).",https://www.boe.es/diario_borme/xml.php?id=BORME-A-2026-163-08
20260825,A,BARCELONA,390683,GRAPA WEST SAMOA SL,"Revocaciones. ADM.UNICO: CARO DUGO FRANCISCO JAVIER. LIQUIDADOR: CARO DUGO FRANCISCO JAVIER. Nombramientos. LIQUIDADOR: CARO DUGO FRANCISCO JAVIER. Extinción.  Datos registrales. S 8 , H B 371449, I/A 8 (18.08.26).",https://www.boe.es/diario_borme/xml.php?id=BORME-A-2026-163-08
20260825,A,BARCELONA,390684,INVERSIONES GENUMO S.L,"Constitución. Comienzo de operaciones: 22.07.26. Objeto social: LA ADQUISICION, TENENCIA, ADMINISTRACION Y ENAJENACION DE TODA CLASE DE PARTICIPACIONES Y ACCIONES EN OTRAS SOCIEDADES, ASI COMO LA DIRECCION, CONTROL Y GESTION DE DICHAS PARTICIPACIONES, ETC. Domicilio: CL ZARAGOZA NUM.13 (TERRASSA). Capital: 3.000,00 Euros. Nombramientos. ADM.UNICO: RIUS GASOL NURIA.  Datos registrales. S 8 , H B 662401, I/A 1 (18.08.26).",https://www.boe.es/diario_borme/xml.php?id=BORME-A-2026-163-08
20260825,A,BARCELONA,390685,WILD MOON GAVIN S.L,"Constitución. Comienzo de operaciones: 24.07.26. Objeto social: LA ADQUISICION, ADMINISTRACION, GESTION, DISFRUTE, CESION Y ENAJENACION DE ACCIONES Y PARTICIPACIONES REPRESENTATIVAS DEL CAPITAL DE SOCIEDADES CON LA FINALIDAD DE DIRIGIR Y GESTIONAR LAS MISMAS, ETC. Domicilio: CL BALMES NUM.152 P.5 PTA.4 (BARCELONA). Capital: 3.000,00 Euros. Nombramientos. ADM.SOLIDAR.: BENJAMIN VOLE;AMIR ROCHMAN ROSEN. Otros conceptos: DECLARACION DE SOCIEDAD UNIPERSONAL, SIENDO SOCIO UNICO WILD MOON HOLDING 2026 S.L.  Datos registrales. S 8 , H B 662416, I/A 1 (18.08.26).",https://www.boe.es/diario_borme/xml.php?id=BORME-A-2026-163-08
20260825,A,BARCELONA,390686,STUDIO DESIGN BCN22 S.L,"Otros conceptos: SECCION DE LO MERCANTIL DEL TI DE BARCELONA, PLAZA NUMERO 8, PROCEDIMIENTO ESPECIAL LIQUIDACION 765/2026, AUTO FIRME DE FECHA 08/07/2026, APERTURA DEL PROCEDIMIENTO ESPECIAL DE LIQUIDACION PARA MICROEMPRESAS PREVISTO EN LA LEY CONCURSAL. Disolución. Judicial.  Datos registrales. S 8 , H B 581382, I/A 5 (18.08.26).",https://www.boe.es/diario_borme/xml.php?id=BORME-A-2026-163-08
20260825,A,BARCELONA,390687,PAEZ BANYS I CUINES SL,"Revocaciones. ADMINISTR.: PAEZ GALLARDO SALVADOR. LIQUIDADOR: PAEZ GALLARDO SALVADOR. Nombramientos. LIQUIDADOR: PAEZ GALLARDO SALVADOR. Extinción.  Datos registrales. S 8 , H B 173366, I/A 4 (18.08.26).",https://www.boe.es/diario_borme/xml.php?id=BORME-A-2026-163-08
20260825,A,BARCELONA,390688,CARBAX ITEMS SL,"Ampliación de capital. Capital: 50.000,00 Euros. Resultante Suscrito: 200.000,00 Euros.  Datos registrales. S 8 , H B 493556, I/A 5 (18.08.26).",https://www.boe.es/diario_borme/xml.php?id=BORME-A-2026-163-08
20260825,A,BARCELONA,390689,AMERICAN PAN SOUTHERN EUROPE SL,"Revocaciones. CONSEJERO: JASON WILLIAM BOWMAN;GILBERT LUDWIG BUNDY;JEAN PHILIPPE LECHELLE. PRESIDENTE: JASON WILLIAM BOWMAN. Nombramientos. CONSEJERO: ROBERT ALEXANDER BUNDY. PRESIDENTE: WILLIAM DOUGLAS BUNDY.  Datos registrales. S 8 , H B 474466, I/A 14 (18.08.26).",https://www.boe.es/diario_borme/xml.php?id=BORME-A-2026-163-08
20260825,A,BARCELONA,390690,TINAR ROAD SL,"Ampliación de capital. Capital: 50.000,00 Euros. Resultante Suscrito: 200.000,00 Euros.  Datos registrales. S 8 , H B 494810, I/A 6 (18.08.26).",https://www.boe.es/diario_borme/xml.php?id=BORME-A-2026-163-08
20260825,A,BARCELONA,390691,TURO DE VILANA SL,"Revocaciones. ADM.UNICO: ORTEU BALUST MARIA ROSA. Nombramientos. ADM.UNICO: ROVET CINC SL. REPR.143 RRM: ORTEU BALUST MARIA ROSA.  Datos registrales. S 8 , H B 185403, I/A 5 (18.08.26).",https://www.boe.es/diario_borme/xml.php?id=BORME-A-2026-163-08
20260825,A,BARCELONA,390692,ELITE CLASS 28 SL,"Otros conceptos: CON EFECTO A 16/09/2026 SE CESA COMO ADM.UNICO A ESTOYFI SL Y SE NOMBRA COMO ADM.MANCOMUNADOS A ESTOYFI SL Y ELS COSTA DAURADA BUS SL Y COMO SUS REPRESENTANTES A RAMON SAGALES ORTEU Y ANNA SAGALES ORTEU,RESPECTIVAMENTE.  Datos registrales. S 8 , H B 378680, I/A 10 (18.08.26).",https://www.boe.es/diario_borme/xml.php?id=BORME-A-2026-163-08
20260825,A,BARCELONA,390693,SEID SA,"Revocaciones. PRESIDENTE: VILA TORRAS PABLO. Nombramientos. PRESIDENTE: SOLER ROIG DUALDE NICOLAS.  Datos registrales. S 8 , H B 50478, I/A 97 (18.08.26).",https://www.boe.es/diario_borme/xml.php?id=BORME-A-2026-163-08
20260825,A,BARCELONA,390694,TRAYCCO PUBLICITAT SL,"Nombramientos. AUDIT.CUENT.: ENCO AUDITORES SL.  Datos registrales. S 8 , H B 142805, I/A 18 (18.08.26).",https://www.boe.es/diario_borme/xml.php?id=BORME-A-2026-163-08
20260825,A,BARCELONA,390695,ALBINTERIOR S.L,"Constitución. Comienzo de operaciones: 30.07.26. Objeto social: MONTAJE DE TABIQUES, TECHOS Y TRASDOSADOS DE PLADUR Y TRABAJOS DE ESCAYOLA. Domicilio: CL MARE ETERNA NUM.22 P.SA PTA.2 (BARCELONA). Capital: 8.000,00 Euros. Nombramientos. ADM.SOLIDAR.: ARMAND FERHATI;KARIMA FAKIRI EL HADDOUCHI.  Datos registrales. S 8 , H B 662422, I/A 1 (18.08.26).",https://www.boe.es/diario_borme/xml.php?id=BORME-A-2026-163-08
20260825,A,BARCELONA,390696,D'ALEPH INICIATIVAS Y ORGANIZACION SA,"Nombramientos. CONSEJERO: CASCANTE PEREZ GREGORIO JUAN. PRESIDENTE: CASCANTE PEREZ GREGORIO JUAN. CONSEJERO: AMILL MIRALLES JAUME;TRIAS PUIG SUREDA FRANCESC ANTONI;RUE CABRE EMMA;SALA JOFRE ALBERT.  Datos registrales. S 8 , H B 270820, I/A 30 (18.08.26).",https://www.boe.es/diario_borme/xml.php?id=BORME-A-2026-163-08
20260825,A,BARCELONA,390697,BRAIMEX AUTOMATIC SOLUTIONS S.L,"Constitución. Comienzo de operaciones: 29.07.26. Objeto social: CNAE 4664 COMERCIO AL POR MAYOR DE OTRA MAQUINARIA Y EQUIPO. Domicilio: CL SEU D'URGELL, 1, LOCAL 1 (BADALONA). Capital: 4.000,00 Euros. Nombramientos. ADM.UNICO: MIÑANO COSTA PAULA.  Datos registrales. S 8 , H B 662423, I/A 1 (18.08.26).",https://www.boe.es/diario_borme/xml.php?id=BORME-A-2026-163-08
20260825,A,BARCELONA,390698,REFORMAS Y DECORACIONES DELIA MARIA S.L,"Constitución. Comienzo de operaciones: 31.07.26. Objeto social: CONSTRUCCION Y REFORMAS DE TODO TIPO DE INMUEBLES CNAE 4399 OTRAS ACTIVIDADES DE CONSTRUCCION ESPECIALIZADA NCOP. COMPRA VENTA DE INMUEBLES POR CUENTA PROPIA Y AJENA CNAE 6811 Y 6831, ETC. Domicilio: AV DELS QUINZE NUM.70 P.1 PTA.4 (BARCELONA). Capital: 3.000,00 Euros. Nombramientos. ADM.UNICO: SAUL MARTIN ALAVA CANTOS. Otros conceptos: DECLARACION DE SOCIEDAD UNIPERSONAL, SIENDO SOCIO UNICO SAUL MARTIN ALAVA CANTOS Datos registrales. S 8 , H B 662443, I/A 1 (18.08.26).",https://www.boe.es/diario_borme/xml.php?id=BORME-A-2026-163-08
20260825,A,BARCELONA,390699,OTUS GEAR S.L,"Constitución. Comienzo de operaciones: 16.07.26. Objeto social: ACTIVIDAD PRINCIPAL: CNAE: 47.78: COMERCIO AL POR MENOR DE OTROS PRODUCTOS NUEVOS. OTRAS ACTIVIDADES: COMERCIO AL POR MENOR POR CORRESPONDENCIA O INTERNET. EL COMERCIO AL POR MENOR Y AL POR MAYOR, DISEÑO, ETC. Domicilio: PS MARITIMO NUM.66 P.4 (VILANOVA I LA GELTRU). Capital: 3.000,00 Euros. Nombramientos. ADM.UNICO: GARCIA PUJOL VICTOR. Otros conceptos: DECLARACION DE SOCIEDAD UNIPERSONAL, SIENDO SOCIO UNICO TALASSA HORIZON HOLDINGS S.L.  Datos registrales. S 8 , H B 662441, I/A 1 (18.08.26).",https://www.boe.es/diario_borme/xml.php?id=BORME-A-2026-163-08
20260825,A,BARCELONA,390700,HOLDING GROUP EMAN CLUB S.L,"Constitución. Comienzo de operaciones: 9.07.26. Objeto social: ACTIVIDAD PRINCIPAL: CNAE 6421.- ACTIVIDADES DE SOCIEDAES HOLDING. ACTIVIDADES SECUNDARIAS: CNAE 4642.- COMERCIO AL POR MAYOR DE PRENDAS DE VESTIR Y CALZADO. CNAE 4616.- ACTIVIDADES DE INTERMEDIARIOS DEL COMERCIO, ETC. Domicilio: CL ARAGON, 40-42, LOCAL 2 (MALGRAT DE MAR). Capital: 5.000,00 Euros. Nombramientos. ADM.UNICO: MANRESA MARTINEZ MIGUEL.  Datos registrales. S 8 , H B 662431, I/A 1 (18.08.26).",https://www.boe.es/diario_borme/xml.php?id=BORME-A-2026-163-08
20260825,A,BARCELONA,390701,GESTIONS RENTAVALLES IMMOBLES S.L,"Constitución. Comienzo de operaciones: 30.07.26. Objeto social: LA EJECUCION DE TODA CLASE DE OPERACIONES INMOBILIARIAS; LA COMPRAVENTA Y ADMINISTRACION DE FINCAS RUSTICAS Y URBANAS; LA URBANIZACION, PARCELACION Y REPARCELACION DE TERRENOS Y EJECUCION DE TODA CLASE DE OBRAS; ETC. Domicilio: CL MAYOR, NUMERO 60, LOCAL 1 (PARETS DEL VALLES). Capital: 3.000,00 Euros. Nombramientos. ADM.SOLIDAR.: MORENO MELLADO JESUS;MORENO MELLADO FRANCISCO.  Datos registrales. S 8 , H B 662451, I/A 1 (18.08.26).",https://www.boe.es/diario_borme/xml.php?id=BORME-A-2026-163-08
20260825,A,BARCELONA,390702,PRATS MESTRE SL,"Reducción de capital. Importe reducción: 630.000,00 Euros. Resultante Suscrito: 3.640.000,00 Euros.  Datos registrales. S 8 , H B 315641, I/A 14 (18.08.26).",https://www.boe.es/diario_borme/xml.php?id=BORME-A-2026-163-08
20260825,A,BARCELONA,390703,PROCOR BROS S.L,"Cambio de domicilio social. AV SARRIA Num.125 P.5 PTA.2 (BARCELONA).  Datos registrales. S 8 , H B 543688, I/A 4 (18.08.26).",https://www.boe.es/diario_borme/xml.php?id=BORME-A-2026-163-08
20260825,A,BARCELONA,390704,CINICROM SL,"Revocaciones. APODERAD.SOL: LOPEZ OBIOL CARLOS.  Datos registrales. S 8 , H B 66235, I/A 12 (18.08.26).",https://www.boe.es/diario_borme/xml.php?id=BORME-A-2026-163-08
20260825,A,BARCELONA,390705,JORDAN MARTORELL SL,"Revocaciones. APODERAD.SOL: LOPEZ OBIOL CARLOS.  Datos registrales. S 8 , H B 186498, I/A 20 (18.08.26).",https://www.boe.es/diario_borme/xml.php?id=BORME-A-2026-163-08
20260825,A,BARCELONA,390706,J-TOOLING BARCELONA SL,"Revocaciones. APODERAD.SOL: LOPEZ OBIOL CARLOS.  Datos registrales. S 8 , H B 485448, I/A 4 (18.08.26).",https://www.boe.es/diario_borme/xml.php?id=BORME-A-2026-163-08
20260825,A,BARCELONA,390707,DIMECO EGARA S.L,"Revocaciones. ADM.UNICO: ROIG IBAÑEZ LORENZO. Nombramientos. ADM.CONCURS.: DOMENECH MORRAL JOAN. Otros conceptos: JUZGADO DE LO MERCANTIL NUMERO 4 DE BARCELONA, PROCEDIMIENTO CONCURSO VOLUNTARIO 97/2024, AUTO FIRME DE FECHA 12/03/2024, DECLARACION DE CONCURSO VOLUNTARIO DE LA SOCIEDAD Y APERTURA DE LA FASE DE LIQUIDACION DE LA MISMA. Disolución. Judicial.  Datos registrales. S 8 , H B 522355, I/A 2 (18.08.26).",https://www.boe.es/diario_borme/xml.php?id=BORME-A-2026-163-08
20260825,A,BARCELONA,390708,TOPPRESS TECH S.L,"Constitución. Comienzo de operaciones: 28.07.26. Objeto social: COMPRA, VENTA, REPARACION Y MANTENIMIENTO DE TODO TIPO DE MAQUINARIA INDUSTRIAL.Domicilio: RD EUROPA NUM.60 P.4 PTA.4 (VILANOVA I LA GELTRU). Capital: 3.000,00 Euros. Nombramientos. ADM.UNICO: SOLE BOLDU NIL.  Datos registrales. S 8 , H B 662425, I/A 1 (18.08.26).",https://www.boe.es/diario_borme/xml.php?id=BORME-A-2026-163-08
20260825,A,BARCELONA,390709,BRUNO GALAN STUDIO S.L,"Cambio de domicilio social. CL DE LLULL Num.159 P.2 PTA.3 (BARCELONA).  Datos registrales. S 8 , H B 662455, I/A 3 (18.08.26).",https://www.boe.es/diario_borme/xml.php?id=BORME-A-2026-163-08
20260825,A,BARCELONA,390710,SIVI 2019 S.L,"Revocaciones. ADM.UNICO: HEMERSON VIEIRA. Otros conceptos: SECCION DE LO MERCANTIL DEL TI DE BARCELONA, PLAZA NUMERO 12, PROCEDIMIENTO ESPECIAL LIQUIDACION 708/2023, AUTO FIRME DE FECHA 28/05/2026, CONCLUSION DEL PROCEDIMIENTO ESPECIAL DE LIQUIDACION PARA MICROEMPRESAS PREVISTO EN LA LEY CONCURSAL.Extinción.  Datos registrales. S 8 , H B 544212, I/A 3 (18.08.26).",https://www.boe.es/diario_borme/xml.php?id=BORME-A-2026-163-08
20260825,A,BARCELONA,390711,PEGI ENGINEERING SL,"Revocaciones. APODERAD.SOL: ORDUÑA HERRERA DANIEL.  Datos registrales. S 8 , H B 376370, I/A 37 (18.08.26).",https://www.boe.es/diario_borme/xml.php?id=BORME-A-2026-163-08
20260825,A,BARCELONA,390712,PGI ENERGY ENGINEERING 2006 S.L,"Revocaciones. APODERAD.SOL: ORDUÑA HERRERA DANIEL.  Datos registrales. S 8 , H B 590692, I/A 23 (18.08.26).",https://www.boe.es/diario_borme/xml.php?id=BORME-A-2026-163-08
20260825,A,BARCELONA,390713,PEGI ENGINEERING SL,"Nombramientos. APODERAD.SOL: CRESPO MORALES GASPAR.  Datos registrales. S 8 , H B 376370, I/A 38 (18.08.26).",https://www.boe.es/diario_borme/xml.php?id=BORME-A-2026-163-08
20260825,A,BARCELONA,390714,PEGI ENGINEERING SL,"Nombramientos. APODERAD.SOL: MORET SOLER JOAN.  Datos registrales. S 8 , H B 376370, I/A 39 (18.08.26).",https://www.boe.es/diario_borme/xml.php?id=BORME-A-2026-163-08
20260825,A,BARCELONA,390715,PGI ENERGY ENGINEERING 2006 S.L,"Nombramientos. APODERAD.SOL: MORET SOLER JOAN.  Datos registrales. S 8 , H B 590692, I/A 25 (18.08.26).",https://www.boe.es/diario_borme/xml.php?id=BORME-A-2026-163-08
20260825,A,BARCELONA,390716,PEGI ENGINEERING SL,"Nombramientos. APOD.SOL/MAN: GUIXENS DURAN DANIEL.  Datos registrales. S 8 , H B 376370, I/A 40 (18.08.26).",https://www.boe.es/diario_borme/xml.php?id=BORME-A-2026-163-08
20260825,A,BARCELONA,390717,GABINETE DE RECUPERACION FUNCIONAL SOCIEDAD CIVIL PROFESIONAL,"Modificaciones estatutarias. ARTICULO 7.- ADMINISTRADORES. Otros conceptos: SEPARACION DE EDGAR GONZALEZ SANZ COMO SOCIO PROFESIONAL Y RAFAEL GONZALEZ MARROCO COMO NO PROFESIONAL,ADMISION DE ARNAU PORTET PUJADAS COMO SOCIO PROFESIONAL Y JOSE MARIA PORTET RIEROLA COMO NO PROFESIONAL Y CAMBIOS TITULARIDAD DE CUOTAS.  Datos registrales. S 8 , H B 405672, I/A 4 (18.08.26).",https://www.boe.es/diario_borme/xml.php?id=BORME-A-2026-163-08
20260825,A,BARCELONA,390718,GABINETE DE RECUPERACION FUNCIONAL SOCIEDAD CIVIL PROFESIONAL,"Revocaciones. ADM.UNICO: GONZALEZ SANZ EDGAR. Nombramientos. ADM.UNICO: PORTET PUJADAS ARNAU.  Datos registrales. S 8 , H B 405672, I/A 5 (18.08.26).",https://www.boe.es/diario_borme/xml.php?id=BORME-A-2026-163-08
20260825,A,BARCELONA,390719,CLUTCH TECHNOLOGIES S.L,"Revocaciones. ADM.UNICO: REIXACH MATAMOROS GUILLEM. Nombramientos. ADM.UNICO: MARTIN PANNIER.  Datos registrales. S 8 , H B 661487, I/A 2 (18.08.26).",https://www.boe.es/diario_borme/xml.php?id=BORME-A-2026-163-08
20260825,A,BARCELONA,390720,TRANSPORTS LA MUNTANYESA SL,"Otros conceptos: CON EFECTOS A 16/09/2026 SE CESA COMO ADM.UNICO A ESTYOFI SLY SE NOMBRA COMO ADM.MANCOMUNADOS A ESTYOFI SL Y ELS COSTA DAURADA BUS SL Y COMO SUS REPRESENTANTES A RAMON SAGALES ORTEU Y ANNA SAGALES ORTEU,RESPECTIVAMENTE.  Datos registrales. S 8 , H B 56235, I/A 19 (18.08.26).",https://www.boe.es/diario_borme/xml.php?id=BORME-A-2026-163-08
20260825,A,BARCELONA,390721,EMD BUCAL S.L,"Revocaciones. ADM.UNICO: CORONADO GARCIA FAVIOLA ROSARIO. Nombramientos. ADM.SOLIDAR.: CORONADO OJEDA FAVIO RODRIGO;ROSARIO ANA GARCIA CUENCA.  Datos registrales. S 8 , H B 597978, I/A 6 (18.08.26).",https://www.boe.es/diario_borme/xml.php?id=BORME-A-2026-163-08
20260825,A,BARCELONA,390722,MITHYCO EUROPE S.L,"Nombramientos. ADM.CONJUNTO: ARRONDO PEREZ THIERRY;ARRONDO PEREZ OLIVIER.  Datos registrales. S 8 , H B 625584, I/A 3 (18.08.26).",https://www.boe.es/diario_borme/xml.php?id=BORME-A-2026-163-08
20260825,A,BARCELONA,390723,SKY INFINITE S.L,"Revocaciones. ADM.UNICO: DARIA PORUBOVA. Nombramientos. ADM.UNICO: GOAR AGADZHANIAN.  Datos registrales. S 8 , H B 607053, I/A 7 (18.08.26).",https://www.boe.es/diario_borme/xml.php?id=BORME-A-2026-163-08
20260825,A,BARCELONA,390724,PUBLITESACOMUNICACIO SL,"Revocaciones. ADM.SOLIDAR.: LEON LOPEZ ANDRES;PORTA MASCARILL JOSE. Nombramientos. ADM.UNICO: LEON LOPEZ ANDRES.  Datos registrales. S 8 , H B 275265, I/A 4 (18.08.26).",https://www.boe.es/diario_borme/xml.php?id=BORME-A-2026-163-08
20260825,A,BARCELONA,390725,TEAMBPLUS EUROPE S.L,"Revocaciones. ADM.CONJUNTO: MORERA ARGEMI SANDRA.  Datos registrales. S 8 , H B 505702, I/A 3 (18.08.26).",https://www.boe.es/diario_borme/xml.php?id=BORME-A-2026-163-08
20260825,A,BARCELONA,390726,TAOL INVERSIONES S.L,"Nombramientos. CONSEJERO: RELINVEST2000 SL. REPR.143 RRM: RELAT VIDAL PAU.  Datos registrales. S 8 , H B 19667, I/A 56 (18.08.26).",https://www.boe.es/diario_borme/xml.php?id=BORME-A-2026-163-08
20260825,A,BARCELONA,390727,FRIGICOLL SA,"Nombramientos. CONSEJERO: RELINVEST2000 SL. REPR.143 RRM: RELAT VIDAL PAU.  Datos registrales. S 8 , H B 51132, I/A 187 (18.08.26).",https://www.boe.es/diario_borme/xml.php?id=BORME-A-2026-163-08
20260825,A,BARCELONA,390728,EQUACAT SA,"Revocaciones. CONSEJERO: INGLES YUBA EDUARD. Nombramientos. CONSEJERO: SERRA SEBASTIAN JORDI;TERRASSA CUSI RAMON.  Datos registrales. S 8 , H B 93737, I/A 71 (18.08.26).",https://www.boe.es/diario_borme/xml.php?id=BORME-A-2026-163-08
20260825,A,BARCELONA,390729,NICHE BEAUTY LAB S.L,"Revocaciones. SECR.NO CONS: KAI CHRISTIAN FISCHER. APODERAD.SOL: CHORRERO ORTEGA SERGIO. Nombramientos. SECR.NO CONS: MORENO VAZQUEZ PEDRO CARLOS. V-SEC NO CON: SOLANA FONTANALS JOAQUIM. APOD.SOL/MAN: CHORRERO ORTEGA SERGIO;SOLANA FONTANALS JOAQUIM;GATIUS RODRIGUEZ ALICIA;CORTES SEGURA SILVIA;MAXIMILIAN OBERLOHER;LOPEZ MAYAN SEBASTIAN;LOPEZ GIL ALFONSO;AMAT MAAS INES.  Datos registrales. S 8 , H B 600486, I/A 7 (18.08.26).",https://www.boe.es/diario_borme/xml.php?id=BORME-A-2026-163-08
20260825,A,BARCELONA,390730,LONGEVIT GRUP SL,"Revocaciones. ADM.UNICO: CORONADO GARCIA FAVIOLA ROSARIO. Nombramientos. ADM.SOLIDAR.: CORONADO OJEDA FAVIO RODRIGO;ROSARIO ANA GARCIA CUENCA.  Datos registrales. S 8 , H B 465380, I/A 4 (18.08.26).",https://www.boe.es/diario_borme/xml.php?id=BORME-A-2026-163-08
20260825,A,BARCELONA,390731,JUAN ROQUETA E HIJOS SA,"Nombramientos. ADM.UNICO: MURIYIN INVERSIONES SL. REPR.143 RRM: GARRIGA VAZ DE CONCICAO PABLO.  Datos registrales. S 8 , H B 24726, I/A 47 (18.08.26).",https://www.boe.es/diario_borme/xml.php?id=BORME-A-2026-163-08
20260825,A,BARCELONA,390732,JUAN ROQUETA E HIJOS SA,"Nombramientos. AUDIT.CUENT.: COMPTES I CONTROL AUDITORS SL.  Datos registrales. S 8 , H B 24726, I/A 48 (18.08.26).",https://www.boe.es/diario_borme/xml.php?id=BORME-A-2026-163-08
20260825,A,BARCELONA,390733,GO4CLIC GROUP S.L,"Otros conceptos: SECCION MERCANTIL DEL TI DE BARCELONA, PLAZA NUMERO 4, PROC. CONC. VOLUNTARIO 115/2026, AUTOS FIRMES DE FECHA 13/02/2026: DECLARACION DE CONCURSO VOLUNTARIO; Y 15/07/2026: CONCLUSION DEL CONCURSO Y CIERRE PROVISIONAL DE LA HOJA REGISTRAL.  Datos registrales. S 8 , H B 552328, I/A 8 (19.08.26).",https://www.boe.es/diario_borme/xml.php?id=BORME-A-2026-163-08
20260825,A,BARCELONA,390734,CURRAHEE HOLDING S.L,"Revocaciones. CONSEJERO: PEDRET VENTOSA RAMON.  Datos registrales. S 8 , H B 505061, I/A 8 (18.08.26).",https://www.boe.es/diario_borme/xml.php?id=BORME-A-2026-163-08
20260825,A,BARCELONA,390735,EQUIPO SINGULAR SL,"Nombramientos. AUDIT.CUENT.: AUDITY SPAIN SLP.  Datos registrales. S 8 , H B 144394, I/A 28 (18.08.26).",https://www.boe.es/diario_borme/xml.php?id=BORME-A-2026-163-08
20260825,A,BARCELONA,390736,NAD LLANSA S.L,"Revocaciones. ADM.SOLIDAR.: PAUL CHRISTIAAN PETERMEIJER;JEFFREY TODD KAYE. Nombramientos. ADM.SOLIDAR.: VALTERS DUREVSKIS;VLADIMIR DRONOV.  Datos registrales. S 8 , H B 600058, I/A 3 (18.08.26).",https://www.boe.es/diario_borme/xml.php?id=BORME-A-2026-163-08
20260825,A,BARCELONA,390737,TEISAMONT TRES SL,"Revocaciones. ADM.SOLIDAR.: PAUL CHRISTIAAN PETERMEIJER;JEFFREY TODD KAYE. Nombramientos. ADM.SOLIDAR.: SANCHEZ PEREZ ANTONIO FELIX;VLADIMIR DRONOV.  Datos registrales. S 8 , H B 210234, I/A 14 (18.08.26).",https://www.boe.es/diario_borme/xml.php?id=BORME-A-2026-163-08
20260825,A,BARCELONA,390738,RV HOTELS TURISTICS SL,"Nombramientos. AUDIT.CUENT.: DESPATX D'AUDITORIA MARTINEZ RIBAS SLP.  Datos registrales. S 8 , H B 265150, I/A 21 (18.08.26).",https://www.boe.es/diario_borme/xml.php?id=BORME-A-2026-163-08
20260825,A,BARCELONA,390739,ARCOIRIS LIGHTING SYSTEMS S.L,"Revocaciones. ADM.UNICO: JUNCOSA VIVES ANTONIO. Nombramientos. ADM.SOLIDAR.: JUNCOSA ORTUBIA RUTH;JUNCOSA ORTUBIA RUBEN MARIO.  Datos registrales. S 8 , H B 94661, I/A 32 (18.08.26).",https://www.boe.es/diario_borme/xml.php?id=BORME-A-2026-163-08
20260825,A,BARCELONA,390740,SANTA ISCLA UNION SA,"Nombramientos. ADM.UNICO: NAVARRO CODINA JOSEP MARIA.  Datos registrales. S 8 , H B 119532, I/A 25 (18.08.26).",https://www.boe.es/diario_borme/xml.php?id=BORME-A-2026-163-08
20260825,A,BARCELONA,390741,RECULL B SL,"Revocaciones. ADM.UNICO: BOU ESPIGARES JAVIER. Nombramientos. ADM.SOLIDAR.: BOU ESPIGARES JAVIER;BOU ESPIGARES DAVID.  Datos registrales. S 8 , H B 289329, I/A 3 (18.08.26).",https://www.boe.es/diario_borme/xml.php?id=BORME-A-2026-163-08
20260825,A,BARCELONA,390742,BITDEFENDER ESPAÑA SL,"Nombramientos. AUDIT.CUENT.: PROAUDIT SLP.  Datos registrales. S 8 , H B 230363, I/A 29 (18.08.26).",https://www.boe.es/diario_borme/xml.php?id=BORME-A-2026-163-08
20260825,A,BARCELONA,390743,DISTRIBUCIONES SALVADOR PAEZ SL,"Revocaciones. ADMINISTR.: PAEZ GALLARDO SALVADOR;CASANOVAS PEREZ ANTONIA. LIQUIDADOR: PAEZ GALLARDO SALVADOR;CASANOVAS PEREZ ANTONIA. Nombramientos. LIQUIDADOR: PAEZ GALLARDO SALVADOR;CASANOVAS PEREZ ANTONIA. Extinción.  Datos registrales. S 8 , H B 4082, I/A 3 (18.08.26).",https://www.boe.es/diario_borme/xml.php?id=BORME-A-2026-163-08
20260825,A,BARCELONA,390744,SPLICEBIO S.L,"Ampliación de capital. Capital: 2.380.951,00 Euros. Resultante Suscrito: 6.958.829,00 Euros.  Datos registrales. S 8 , H B 430532, I/A 42 (18.08.26).",https://www.boe.es/diario_borme/xml.php?id=BORME-A-2026-163-08
20260825,A,BARCELONA,390745,SALAR SA,"Nombramientos. ADM.UNICO: SALETA BUSSE MARIA DEL CARME.  Datos registrales. S 8 , H B 29755, I/A 19 (18.08.26).",https://www.boe.es/diario_borme/xml.php?id=BORME-A-2026-163-08
20260825,A,BARCELONA,390746,BARRADO IMPORT EXPORT SL,"Ampliación de capital. Capital: 131.580,00 Euros. Resultante Suscrito: 376.940,00 Euros.  Datos registrales. S 8 , H B 309816, I/A 7 (18.08.26).",https://www.boe.es/diario_borme/xml.php?id=BORME-A-2026-163-08
20260825,A,BARCELONA,390747,MOALI FRUIT SL,"Nombramientos. ADM.UNICO: IMAD MOALI. Otros conceptos: DECLARACION DE LA CONDICION DE SOCIEDAD UNIPERSONAL SIENDO EL SOCIO UNICO DON IMAD MOALI.  Datos registrales. S 8 , H B 455138, I/A 6 (18.08.26).",https://www.boe.es/diario_borme/xml.php?id=BORME-A-2026-163-08
20260825,A,BARCELONA,390748,HUMIPRO DESINFECPRO O3 S.L,"Revocaciones. ADM.UNICO: HOLGUERA DE LA ROSA MANUEL. LIQUIDADOR: HOLGUERA DE LA ROSA MANUEL. Nombramientos. LIQUIDADOR: HOLGUERA DE LA ROSA MANUEL. Extinción.  Datos registrales. S 8 , H B 549083, I/A 5 (18.08.26).",https://www.boe.es/diario_borme/xml.php?id=BORME-A-2026-163-08
20260825,A,BARCELONA,390749,HUSTAC 7 SL,"Reducción de capital. Importe reducción: 1.502,53 Euros. Resultante Suscrito: 1.502,53 Euros. Ampliación de capital. Capital: 1.502,53 Euros. Resultante Suscrito: 3.005,06 Euros. Otros conceptos: DECLARACION DE UNIPERSONAL SIENDO EL SOCIO UNICO AJEJO COSTA RIBALTA.  Datos registrales. S 8 , H B 102135, I/A 9 (18.08.26).",https://www.boe.es/diario_borme/xml.php?id=BORME-A-2026-163-08
20260825,A,BARCELONA,390750,GREENWORLD SOLUTIONS SL,"Modificaciones estatutarias. ADICION DEL ARTICULO 2 BIS A LOS ESTATUTOS SOCIALES. ADQUISICION DE LA CONDICION DE SOCIEDAD DE BENEFICIO E INTERES COMUN. Otros conceptos: DECLARACION DE LA UNIPERSONALIDAD. SOCIO UNICO, DON FRANCISCO JAVIER DEL AGUILA ESPEJO. Cambio de objeto social. EL DISEÑO, DESARROLLO, IMPLEMENTACION Y COMERCIALIZACION DE PROGRAMAS, SERVICIOS Y SOLUCIONES BASADOS EN METODOLOGIAS DE COCREACION DE VIDEOJUEGOS, PARA PROMOVR LA INCLUSION SOCIAL, EL BIENESTAR Y LA SALUD MENTAL. ETC.  Datos registrales. S 8 , H B 396216, I/A 4 (18.08.26).",https://www.boe.es/diario_borme/xml.php?id=BORME-A-2026-163-08
20260825,A,BARCELONA,390751,NESAI SMART TECHNOLOGY S.L,"Modificaciones estatutarias. ARTICULO 13: CONVOCATORIA. ARTICULO 14: ASISTENCIA Y REPRESENTACION. ADICION A LOS ESTATUTOS SOCIALES, DEL ARTICULO 20.TER: CELEBRACION TELEMATICA DEL CONSEJO DE ADMINISTRACION.  Datos registrales. S 8 , H B 612909, I/A 8 (18.08.26).",https://www.boe.es/diario_borme/xml.php?id=BORME-A-2026-163-08
20260825,A,BARCELONA,390752,VECIFY TECH S.L,"Revocaciones. ADM.UNICO: CABOT COSTA ELISABETH. LIQUIDADOR: CABOT COSTA ELISABETH. Nombramientos. LIQUIDADOR: CABOT COSTA ELISABETH. Extinción.  Datos registrales. S 8 , H B 648708, I/A 2 (18.08.26).",https://www.boe.es/diario_borme/xml.php?id=BORME-A-2026-163-08
20260825,A,BARCELONA,390753,MI ESPACIO SELF STORAGE S.L,"Reducción de capital. Importe reducción: 132.034,53 Euros. Resultante Suscrito: 1.017.965,47 Euros. Reducción de capital. Importe reducción: 1.004.165,47 Euros. Resultante Suscrito: 13.800,00 Euros.  Datos registrales. S 8 , H B 661537, I/A 12 (18.08.26).",https://www.boe.es/diario_borme/xml.php?id=BORME-A-2026-163-08
20260825,A,BARCELONA,390754,ACCESORIOS Y RUEDAS SL,"Revocaciones. ADM.CONCURS.: ADVECON LAW & ECONOMICS SLP. REP.ADM.CONC: POCH MADRID FRANCESC. Otros conceptos: SECCION MERCANTIL DEL TI DE BARCELONA, PLAZA NUMERO 9, PROCEDIMIENTO CONCURSO VOLUNTARIO 867/2025, AUTO FIRME DE FECHA 09/07/2026, CONCLUSION DEL CONCURSO VOLUNTARIO DE LA SOCIEDAD Y CIERRE PROVISIONAL DE LA HOJA REGISTRAL.  Datos registrales. S 8 , H B 19997, I/A 38 (18.08.26).",https://www.boe.es/diario_borme/xml.php?id=BORME-A-2026-163-08
20260825,A,BARCELONA,390755,CARO IMPORT SL,"Nombramientos. AUDIT.CUENT.: ZENIT AUDITORES Y CONSULTORES SLP.  Datos registrales. S 8 , H B 14096, I/A 19 (18.08.26).",https://www.boe.es/diario_borme/xml.php?id=BORME-A-2026-163-08
20260825,A,BARCELONA,390756,PROYECTO EMPRESARIAL VOLUIT SL,"Revocaciones. ADM.UNICO: ANA MARIA PEDROSA NEGRETE. Nombramientos. ADM.UNICO: PEDROSA NEGRETE EDUARDO.  Datos registrales. S 8 , H B 264276, I/A 4 (18.08.26).",https://www.boe.es/diario_borme/xml.php?id=BORME-A-2026-163-08
20260825,A,BARCELONA,390757,REFIPRE SL,"Reducción de capital. Importe reducción: 46.550,00 Euros. Resultante Suscrito: 46.550,00 Euros. Otros conceptos: DECLARACION DE UNIPERSONAL SIENDO EL SOCIO UNICO XENIA LOPEZ SANCHEZ.-  Datos registrales. S 8 , H B 245472, I/A 8 (18.08.26).",https://www.boe.es/diario_borme/xml.php?id=BORME-A-2026-163-08
20260825,A,BARCELONA,390758,CREACIO D'ESDEVENIMENTS I ESPAIS TECNICS S.L,"Otros conceptos: SECCION MERCANTIL DEL TI DE BARCELONA, PLAZA NUMERO 3, PROC. CONC. VOLUNTARIO 591/2026, AUTOS FIRMES DE FECHA 27/05/2026: DECLARACION DE CONCURSO VOLUNTARIO; Y 21/07/2026: CONCLUSION DEL CONCURSO Y CIERRE PROVISIONAL DE LA HOJA REGISTRAL.  Datos registrales. S 8 , H B 594327, I/A 2 (18.08.26).",https://www.boe.es/diario_borme/xml.php?id=BORME-A-2026-163-08
20260825,A,BARCELONA,390759,INDUSTRIAL VETERINARIA SA,"Revocaciones. CONSEJERO: SABORIT SANCLIMENT ROBERT. Nombramientos. CONSEJERO: MICHAEL WEBER.  Datos registrales. S 8 , H B 44282, I/A 69 (18.08.26).",https://www.boe.es/diario_borme/xml.php?id=BORME-A-2026-163-08
20260825,A,BARCELONA,390760,EDUTECH COMMUNITY S.L,"Ampliación de capital. Capital: 388,00 Euros. Resultante Suscrito: 6.913,00 Euros. Ampliación de capital. Capital: 364,00 Euros. Resultante Suscrito: 7.277,00 Euros.  Datos registrales. S 8 , H B 555354, I/A 9 (18.08.26).",https://www.boe.es/diario_borme/xml.php?id=BORME-A-2026-163-08
20260825,A,BARCELONA,390761,QUANTITATIVE GENOMIC MEDICINE LABORATORIES SL,"Disolución. Fusion.  Datos registrales. S 8 , H B 370504, I/A 17 (18.08.26).",https://www.boe.es/diario_borme/xml.php?id=BORME-A-2026-163-08
20260825,A,BARCELONA,390762,UNIO CELLERS DEL NOYA SA,"Revocaciones. CONSEJERO: FERRER NOGUER PEDRO. PRESIDENTE: FERRER NOGUER PEDRO. CONSEJERO: ANDREAS BROKEMPER;EBERHARD ERWIN BENZ. Nombramientos. CONSEJERO: ABEL LLUCH JOSE LUIS;PALAU CASELLAS JOSEP. PRESIDENTE: PALAU CASELLAS JOSEP. CONSEJERO: COSTA CENTENA JOAQUIN.  Datos registrales. S 8 , H B 83481, I/A 95 (18.08.26).",https://www.boe.es/diario_borme/xml.php?id=BORME-A-2026-163-08
20260825,A,BARCELONA,390763,EVENTS FIRADISSENY S.L,"Otros conceptos: SECCION MERCANTIL DEL TI DE BARCELONA, PLAZA NUMERO 6, PROC. CONC. VOLUNTARIO 573/2026, AUTOS FIRMES DE FECHA 15/05/2026: DECLARACION DE CONCURSO VOLUNTARIO; Y 27/07/2026: CONCLUSION DEL CONCURSO Y CIERRE PROVISIONAL DE LA HOJA REGISTRAL.  Datos registrales. S 8 , H B 594194, I/A 2 (18.08.26).",https://www.boe.es/diario_borme/xml.php?id=BORME-A-2026-163-08
20260825,A,BARCELONA,390764,AFRICA HUB SERVICES S.L,"Revocaciones. CONSEJERO: LOPEZ ROMAN JOSEP ANTONI. PRESIDENTE: LOPEZ ROMAN JOSEP ANTONI. CONS.DEL.SOL: LOPEZ ROMAN JOSEP ANTONI. CONSEJERO: GRAU CORTINA ADRIA. CONS.DEL.SOL: GRAU CORTINA ADRIA. CONSEJERO: WILFRED JOHN MMARI. CONS.DEL.SOL: WILFRED JOHN MMARI. SECRETARIO: GRAU CORTINA ADRIA. Nombramientos. ADM.CONJUNTO: LOPEZ ROMAN JOSEP ANTONI;GRAU CORTINA ADRIA;WILFRED JOHN MMARI;FREDRICK MARK KATO. Ampliación de capital. Capital: 1.000,00 Euros. Resultante Suscrito: 4.000,00 Euros. Modificaciones estatutarias. ARTICULO 14.- ESTRUCTURA DEL ORGANO DE ADMINISTRACION SOCIAL.  Datos registrales. S 8 , H B 627012, I/A 2 (18.08.26).",https://www.boe.es/diario_borme/xml.php?id=BORME-A-2026-163-08
20260825,A,BARCELONA,390765,BRULITEX 2016 SL,"Revocaciones. ADM.UNICO: BRUNET SABATER JAIME. LIQUIDADOR: BRUNET SABATER JAIME. Nombramientos. LIQUIDADOR: BRUNET SABATER JAIME. Extinción.  Datos registrales. S 8 , H B 490407, I/A 3 (18.08.26).",https://www.boe.es/diario_borme/xml.php?id=BORME-A-2026-163-08
20260825,A,BARCELONA,390766,LUPUS VITAE S.L,"Ampliación de capital. Capital: 350.600,00 Euros. Resultante Suscrito: 435.600,00 Euros.  Datos registrales. S 8 , H B 529966, I/A 4 (17.08.26).",https://www.boe.es/diario_borme/xml.php?id=BORME-A-2026-163-08
20260825,A,BARCELONA,390767,TORRASPAPEL ZARAGOZA S.L,"Otros conceptos: CAMBIO DE SOCIO UNICO PASANDO A SER EL NUEVO SOCIO LA COMPAÑIA ""ZARAGOZA HOLDCO SARL"".  Datos registrales. S 8 , H B 655394, I/A 24 (18.08.26).",https://www.boe.es/diario_borme/xml.php?id=BORME-A-2026-163-08
20260825,A,BARCELONA,390768,DELEITO Y AMIGOS S.L,"Ampliación de capital. Capital: 1.123,00 Euros. Resultante Suscrito: 12.353,00 Euros. Modificaciones estatutarias. MODIFICACION Y REFUNDICION DE LOS ESTATUTOS SOCIALES.  Datos registrales. S 8 , H B 565984, I/A 6 (18.08.26).",https://www.boe.es/diario_borme/xml.php?id=BORME-A-2026-163-08
20260825,A,BARCELONA,390769,DELEITO Y AMIGOS S.L,"Nombramientos. CONSEJERO: OCEAN POND VENTURES LIMITED. REPR.143 RRM: MATTEO LANFRANCO.  Datos registrales. S 8 , H B 565984, I/A 7 (18.08.26).",https://www.boe.es/diario_borme/xml.php?id=BORME-A-2026-163-08
20260825,A,BARCELONA,390770,TORRASPAPEL SANT JOAN S.L,"Otros conceptos: CAMBIO DE SOCIO UNICO PASANDO A SER EL NUEVO SOCIO LA COMPAÑIA ""SANT JOAN HOLDCO SARL"".  Datos registrales. S 8 , H B 655393, I/A 18 (18.08.26).",https://www.boe.es/diario_borme/xml.php?id=BORME-A-2026-163-08
20260825,A,BARCELONA,390771,DELEITO Y AMIGOS S.L,"Revocaciones. SECRETARIO: MORENO VIVO GERARD. Nombramientos. SECR.NO CONS: SEGURA GARCIA PAULA. V-SEC NO CON: FERNANDEZ CUELLAS FERNANDEZ RODOLFO.  Datos registrales. S 8 , H B 565984, I/A 8 (18.08.26).",https://www.boe.es/diario_borme/xml.php?id=BORME-A-2026-163-08
20260825,A,BARCELONA,390772,TORRASPAPEL MOTRIL S.L,"Otros conceptos: CAMBIO DE SOCIO UNICO PASANDO A SER EL NUEVO SOCIO LA COMPAÑIA ""MOTRIL HOLDCO SARL"".  Datos registrales. S 8 , H B 655395, I/A 19 (18.08.26).",https://www.boe.es/diario_borme/xml.php?id=BORME-A-2026-163-08
20260825,A,BARCELONA,390773,ESDEMERCADO ONLINE SL,"Cambio de domicilio social. PZ AUSIAS MARCH Num.9 (SANT CUGAT DEL VALLES).  Datos registrales. S 8 , H B 408186, I/A 13 (18.08.26).",https://www.boe.es/diario_borme/xml.php?id=BORME-A-2026-163-08
20260825,A,BARCELONA,390774,PROMOCION MONCADA BARCELONA S.L,"Constitución. Comienzo de operaciones: 22.06.26. Objeto social: PROMOCION INMOBILIARIA. 4110. Domicilio: CL AGRICULTURA, OFICINA 4 NUM.16 P.2 (MASNOU (EL)). Capital: 3.000,00 Euros. Nombramientos. ADM.SOLIDAR.: DAVID PARADA PEREZ;ANDRES CARRO AGUDO.  Datos registrales. S 8 , H B 662255, I/A 1 (18.08.26).",https://www.boe.es/diario_borme/xml.php?id=BORME-A-2026-163-08
20260825,A,BARCELONA,390775,SOMOS LIQUIDO S.L,"Cambio de domicilio social. CL BOLIVIA,NUM.340,LOCAL 46-55D (BARCELONA).  Datos registrales. S 8 , H B 643648, I/A 2 (18.08.26).",https://www.boe.es/diario_borme/xml.php?id=BORME-A-2026-163-08
20260825,A,BARCELONA,390776,KELPA EXPANSION S.L,"Ampliación de capital. Capital: 220,00 Euros. Resultante Suscrito: 11.800,00 Euros. Modificaciones estatutarias. MODIFICACION DEL ARTICULO 6 DE LOS ESTATUTOS SOCIALES.  Datos registrales. S 8 , H B 556296, I/A 14 (18.08.26).",https://www.boe.es/diario_borme/xml.php?id=BORME-A-2026-163-08
20260825,A,BARCELONA,390777,HERLER S.L,"Modificaciones estatutarias. MODIFICACION DEL ARTICULO 7 DE LOS ESTATUTOS SOCIALES Y ADICION A LOS MISMOS DEL ARTICULO 7 BIS.  Datos registrales. S 8 , H B 37596, I/A 30 (18.08.26).",https://www.boe.es/diario_borme/xml.php?id=BORME-A-2026-163-08
20260825,A,BARCELONA,390778,SIROD SKIN INSTITUTE S.L.P,"Constitución. Comienzo de operaciones: 11.06.26. Objeto social: LA ACTIVIDAD PROPIA DE LOS PROFESIONALES DE LA SANIDAD, EN CONCRETO, DE LA MEDICINA GENERAL Y ESPECIALIZADA, SIENDO LOS CNAE EL 8621 ACTIVIDADES DE MEDICINA GENERAL Y 8622 ACTIVIDADES DE MEDICINA ESPECIALIZADA. Domicilio: CL PAU CLARIS NUM.173 P.5 PTA.2 (BARCELONA). Capital: 3.000,00 Euros. Nombramientos. ADM.UNICO: ARIAS LIZARAZO CRISTIAN HERNANDO. Otros conceptos: DECLARACION DE SOCIEDAD UNIPERSONAL, SIENDO SOCIO UNICO EL SOCIO PROFESIONAL CRISTIAN HERNANDO ARIAS LIZARAZO.  Datos registrales. S 8 , H B 662409, I/A 1 (18.08.26).",https://www.boe.es/diario_borme/xml.php?id=BORME-A-2026-163-08
20260825,A,BARCELONA,390779,HOTELES MIAMI SL,"Revocaciones. LIQUIDADOR: BLAY GIRABEL MANUEL. Nombramientos. LIQUID.MANC.: RAMON RAMON JUAN;RAMON RAMON JOSE FRANCISCO. Modificaciones estatutarias. MODIFICACION DEL ARTICULO 13 DE LOS ESTATUTOS SOCIALES.  Datos registrales. S 8 , H B 111534, I/A 14 (18.08.26).",https://www.boe.es/diario_borme/xml.php?id=BORME-A-2026-163-08
20260825,A,BARCELONA,390780,TOP SPORTS MANAGEMENT S.L,"Revocaciones. ADM.UNICO: LLUIS PONS ORIOL. Nombramientos. ADM.SOLIDAR.: VELU HAWK SL. REPR.143 RRM: ALCON SALLES MIQUEL. ADM.SOLIDAR.: LP HORIZON CAPITAL SL. REPR.143 RRM: LLUIS PONS ORIOL. Modificaciones estatutarias. ARTICULO 9.- MODIFICACION DEL PLAZO DE DURACION DEL ORGANO DE ADMINISTRACION SOCIAL. Cambio de domicilio social. CL ARISTIDES MALLOL Num.9 P.BJ PTA.1 (BARCELONA).  Datos registrales. S 8 , H B 580772, I/A 3 (18.08.26).",https://www.boe.es/diario_borme/xml.php?id=BORME-A-2026-163-08
20260825,A,BARCELONA,390781,ALCURA HEALTH ESPAÑA SA,"Revocaciones. ADM.CONJUNTO: CASAS CANTERO FRANCISCO JAVIER;LAURENT BENDAVID. Nombramientos. CONSEJERO: CASAS CANTERO FRANCISCO JAVIER. PRESIDENTE: CASAS CANTERO FRANCISCO JAVIER. CONSEJERO: LAURENT BENDAVID;RIVAS CORTES PABLO;GONZALEZ OLIVERA MARIA AZUCENA. SECRETARIO: GONZALEZ OLIVERA MARIA AZUCENA. Modificaciones estatutarias. MODIFICACION DEL ARTICULO 29 DE LOS ESTATUTOS SOCIALES. CAMBIO DE REGIMEN ADMINISTRATIVO.  Datos registrales. S 8 , H B 67280, I/A 128 (18.08.26).",https://www.boe.es/diario_borme/xml.php?id=BORME-A-2026-163-08
20260825,A,BARCELONA,390782,LUALIA TRADE S.L,"Constitución. Comienzo de operaciones: 11.08.26. Objeto social: LA PRESTACION DE SERVICIOS DE INTERMEDIACION PARA ACTIVIDADES INMOBILIARIAS. CNAE 6831. Domicilio: CL AVENIR NUM.35 P.6 PTA.2 (BARCELONA). Capital: 3.000,00 Euros. Nombramientos. ADM.UNICO: SOCIQUICK SL. REPR.143 RRM: OLIVE GORGUES ALFONSO. Otros conceptos: DECLARACION DE SOCIEDAD UNIPERSONAL, SIENDO SOCIO UNICO SOCIQUICK S.L.  Datos registrales. S 8 , H B 662417, I/A 1 (18.08.26).",https://www.boe.es/diario_borme/xml.php?id=BORME-A-2026-163-08
20260825,A,BARCELONA,390783,POMERIA PARK S.L,"Constitución. Comienzo de operaciones: 11.08.26. Objeto social: LA PRESTACION DE SERVICIOS DE INTERMEDIACION PARA ACTIVIDADES INMOBILIARIAS. CNAE 6831. Domicilio: CL AVENIR NUM.35 P.6 PTA.2 (BARCELONA). Capital: 3.000,00 Euros. Nombramientos. ADM.UNICO: SOCIQUICK SL. REPR.143 RRM: OLIVE GORGUES ALFONSO. Otros conceptos: DECLARACION DE SOCIEDAD UNIPERSONAL, SIENDO SOCIO UNICO SOCIQUICK S.L.  Datos registrales. S 8 , H B 662418, I/A 1 (18.08.26).",https://www.boe.es/diario_borme/xml.php?id=BORME-A-2026-163-08
20260825,A,BARCELONA,390784,GLOBAL BUSINESS FORUM SL,"Nombramientos. APODERAD.SOL: CASEY LEANNE SEWELL.  Datos registrales. S 8 , H B 237239, I/A 7 (18.08.26).",https://www.boe.es/diario_borme/xml.php?id=BORME-A-2026-163-08
20260825,A,BARCELONA,390785,EMPRESA CASAS SA,"Nombramientos. APOD.SOL/MAN: LLUNELL MARTIN SANDRA. APOD.MANCOMU: PALAU CORBELLA RAMON;MATIAS HERNANDEZ MIRYAM;MARTI PIERRE VICTOR.  Datos registrales. S 8 , H B 75387, I/A 60 (18.08.26).",https://www.boe.es/diario_borme/xml.php?id=BORME-A-2026-163-08
20260825,A,BARCELONA,390786,GIRNA ESPACIOS S.L,"Constitución. Comienzo de operaciones: 11.08.26. Objeto social: LA PRESTACION DE SERVICIOS DE INTERMEDIACION PARA ACTIVIDADES INMOBILIARIAS. CNAE 6831. Domicilio: CL AVENIR NUM.35 P.6 PTA.2 (BARCELONA). Capital: 3.000,00 Euros. Nombramientos. ADM.UNICO: SOCIQUICK SL. REPR.143 RRM: OLIVE GORGUES ALFONSO. Otros conceptos: DECLARACION DE SOCIEDAD UNIPERSONAL, SIENDO SOCIO UNICO SOCIQUICK S.L.  Datos registrales. S 8 , H B 662419, I/A 1 (18.08.26).",https://www.boe.es/diario_borme/xml.php?id=BORME-A-2026-163-08
20260825,A,BARCELONA,390787,SALUT GRUP TUFET S.L,"Nombramientos. APODERAD.SOL: DOROTA ANNA SMOLEN.  Datos registrales. S 8 , H B 572111, I/A 7 (18.08.26).",https://www.boe.es/diario_borme/xml.php?id=BORME-A-2026-163-08
20260825,A,BARCELONA,390788,AMILIA TRADE S.L,"Constitución. Comienzo de operaciones: 11.08.26. Objeto social: LA PRESTACION DE SERVICIOS DE INTERMEDIACION PARA ACTIVIDADES INMOBILIARIAS. CNAE 6831. Domicilio: CL AVENIR NUM.35 P.6 PTA.2 (BARCELONA). Capital: 3.000,00 Euros. Nombramientos. ADM.UNICO: SOCIQUICK SL. REPR.143 RRM: OLIVE GORGUES ALFONSO. Otros conceptos: DECLARACION DE SOCIEDAD UNIPERSONAL, SIENDO SOCIO UNICO SOCIQUICK S.L.  Datos registrales. S 8 , H B 662420, I/A 1 (18.08.26).",https://www.boe.es/diario_borme/xml.php?id=BORME-A-2026-163-08
20260825,A,BARCELONA,390789,ADMAS MEDICAL S.L,"Nombramientos. APODERAD.SOL: GARCIA GARCIA ANTONIO.  Datos registrales. S 8 , H B 630901, I/A 4 (18.08.26).",https://www.boe.es/diario_borme/xml.php?id=BORME-A-2026-163-08
20260825,A,BARCELONA,390790,IDAHO PARK S.L,"Constitución. Comienzo de operaciones: 11.08.26. Objeto social: LA PRESTACION DE SERVICIOS DE INTERMEDIACION PARA ACTIVIDADES INMOBILIARIAS. CNAE 6831. Domicilio: CL AVENIR NUM.35 P.6 PTA.2 (BARCELONA). Capital: 3.000,00 Euros. Nombramientos. ADM.UNICO: SOCIQUICK SL. REPR.143 RRM: OLIVE GORGUES ALFONSO. Otros conceptos: DECLARACION DE SOCIEDAD UNIPERSONAL, SIENDO SOCIO UNICO SOCIQUICK S.L.  Datos registrales. S 8 , H B 662421, I/A 1 (18.08.26).",https://www.boe.es/diario_borme/xml.php?id=BORME-A-2026-163-08
20260825,A,BARCELONA,390791,SERVICIOS Y MERCANCIAS EXCLUSIVAS SL,"Revocaciones. APODERADO: PUIG CASAS JORDI.  Datos registrales. S 8 , H B 152247, I/A 4 (18.08.26).",https://www.boe.es/diario_borme/xml.php?id=BORME-A-2026-163-08
20260825,A,BARCELONA,390792,PROWASH ROBOTICS S.L,"Nombramientos. APODERAD.SOL: TATYANA DEGTYAR.  Datos registrales. S 8 , H B 569527, I/A 4 (18.08.26).",https://www.boe.es/diario_borme/xml.php?id=BORME-A-2026-163-08
20260825,A,BARCELONA,390793,UIXLAN PROMOCIONES S.L,"Constitución. Comienzo de operaciones: 11.08.26. Objeto social: LA PRESTACION DE SERVICIOS DE INTERMEDIACION PARA ACTIVIDADES INMOBILIARIAS. CNAE 6831. Domicilio: CL AVENIR NUM.35 P.6 PTA.2 (BARCELONA). Capital: 3.000,00 Euros. Nombramientos. ADM.UNICO: SOCIQUICK SL. REPR.143 RRM: OLIVE GORGUES ALFONSO. Otros conceptos: DECLARACION DE SOCIEDAD UNIPERSONAL, SIENDO SOCIO UNICO SOCIQUICK S.L.  Datos registrales. S 8 , H B 662430, I/A 1 (18.08.26).",https://www.boe.es/diario_borme/xml.php?id=BORME-A-2026-163-08
20260825,A,BARCELONA,390794,TOT NET SERVICIOS DE LIMPIEZA GRUPO NETTO S.A,"Nombramientos. APODERAD.SOL: CORRAL MARTINEZ GINES.  Datos registrales. S 8 , H B 44030, I/A 64 (18.08.26).",https://www.boe.es/diario_borme/xml.php?id=BORME-A-2026-163-08
20260825,A,BARCELONA,390795,ALCURA HEALTH ESPAÑA SA,"Cambio de objeto social. AMPLIAR A: LA PRESTACION, ORGANIZACION, GESTION, COORDINACION Y EJECUCION DE SERVICIOS DE TRANSPORTE Y DISTRIBUCION DE TODO TIPO DE PRODUCTOS Y MERCANCIAS Y, EN ESPECIAL LAS RELACIONADAS CON LA ACTIVIDAD FARMACEUTICA ...  Datos registrales. S 8 , H B 67280, I/A 129 (18.08.26).",https://www.boe.es/diario_borme/xml.php?id=BORME-A-2026-163-08
20260825,A,BARCELONA,390796,SISBAY TRADE S.L,"Constitución. Comienzo de operaciones: 11.08.26. Objeto social: LA PRESTACION DE SERVICIOS DE INTERMEDIACION PARA ACTIVIDADES INMOBILIARIAS. CNAE 6831. Domicilio: CL AVENIR NUM.35 P.6 PTA.2 (BARCELONA). Capital: 3.000,00 Euros. Nombramientos. ADM.UNICO: SOCIQUICK SL. REPR.143 RRM: OLIVE GORGUES ALFONSO. Otros conceptos: DECLARACION DE SOCIEDAD UNIPERSONAL, SIENDO SOCIO UNICO SOCIQUICK S.L.  Datos registrales. S 8 , H B 662432, I/A 1 (18.08.26).",https://www.boe.es/diario_borme/xml.php?id=BORME-A-2026-163-08
20260825,A,BARCELONA,390797,EFEKTA CORPORATE LEARNING S.L,"Revocaciones. APOD.SOL/MAN: SCOTT SIEBENALER. APOD.MANCOMU: SANDRA BRITA MARIA ERIKSSON. APOD.SOL/MAN: COSTA BARBERA ELENA;MORENO PERA CIRIAC. APOD.MANCOMU: GARCIA CALERO IVAN. APOD.SOL/MAN: ALVAREZ PEREZ JOSE LUIS;BAÑOS YAGUE JULIAN. Nombramientos. APOD.SOL/MAN: FRANCIS SCOTT SIEBENALER;SANDRA BRITA MARIA ERIKSSON;MORENO PERA CIRIAC;COSTA BARBERA ELENA;ALVAREZ PEREZ JOSE LUIS;MATTHIEU PIERRE JEAN DROUET;BRENDAN CANTY. APODERAD.SOL: BAÑOS YAGUE JULIAN.  Datos registrales. S 8 , H B 646048, I/A 5 (18.08.26).",https://www.boe.es/diario_borme/xml.php?id=BORME-A-2026-163-08
20260825,A,BARCELONA,390798,SF INTEGRALS GIRONA SL,"Nombramientos. APODERAD.SOL: GALDO OURO ALFONSO.  Datos registrales. S 8 , H B 389242, I/A 22 (18.08.26).",https://www.boe.es/diario_borme/xml.php?id=BORME-A-2026-163-08
20260825,A,BARCELONA,390799,SIARET TRADE S.L,"Constitución. Comienzo de operaciones: 11.08.26. Objeto social: LA PRESTACION DE SERVICIOS DE INTERMEDIACION PARA ACTIVIDADES INMOBILIARIAS. CNAE 6831. Domicilio: CL AVENIR NUM.35 P.6 PTA.2 (BARCELONA). Capital: 3.000,00 Euros. Nombramientos. ADM.UNICO: SOCIQUICK SL. REPR.143 RRM: OLIVE GORGUES ALFONSO. Otros conceptos: DECLARACION DE SOCIEDAD UNIPERSONAL, SIENDO SOCIO UNICO SOCIQUICK S.L.  Datos registrales. S 8 , H B 662434, I/A 1 (18.08.26).",https://www.boe.es/diario_borme/xml.php?id=BORME-A-2026-163-08
20260825,A,BARCELONA,390800,SF INTEGRALS GIRONA SL,"Nombramientos. APOD.SOL/MAN: BRUSTENGA MARTINEZ LUIS.  Datos registrales. S 8 , H B 389242, I/A 23 (18.08.26).",https://www.boe.es/diario_borme/xml.php?id=BORME-A-2026-163-08
20260825,A,BARCELONA,390801,CAPE CAT SL,"Revocaciones. ADM.SOLIDAR.: CAPELLAS SEGARRA JOSE;CAPELLAS GISPETS MERCE. Nombramientos. ADM.UNICO: CAPELLAS GISPETS MERCE. Modificaciones estatutarias. ARTICULO 21.- SISTEMA RETRIBUTIVO DEL ORGANO DE ADMINISTRACION SOCIAL. Cambio de objeto social. LA COMPRAVENTA, ALQUILER Y REPARACION DE TODO TIPO DE MAQUINARIA INDUSTRIAL, MAQUINARIA AGRICOLA, MAQUINARIA PARA LA CONSTRUCCION Y EXCAVACIONES Y MOVIMIENTOS DE TIERRAS, TURISMOS Y OTROS ELEMENTOS DE TRANSPORTE; ...  Datos registrales. S 8 , H B 322028, I/A 3 (18.08.26).",https://www.boe.es/diario_borme/xml.php?id=BORME-A-2026-163-08
20260825,A,BARCELONA,390802,SF INTEGRALS GIRONA SL,"Nombramientos. APOD.SOL/MAN: MILLET GARCIA JAVIER.  Datos registrales. S 8 , H B 389242, I/A 24 (18.08.26).",https://www.boe.es/diario_borme/xml.php?id=BORME-A-2026-163-08
20260825,A,BARCELONA,390803,UKS 5000 S.L,"Constitución. Comienzo de operaciones: 11.08.26. Objeto social: LA PRESTACION DE SERVICIOS DE INTERMEDIACION PARA ACTIVIDADES INMOBILIARIAS. CNAE 6831. Domicilio: CL AVENIR NUM.35 P.6 PTA.2 (BARCELONA). Capital: 3.000,00 Euros. Nombramientos. ADM.UNICO: SOCIQUICK SL. REPR.143 RRM: OLIVE GORGUES ALFONSO. Otros conceptos: DECLARACION DE SOCIEDAD UNIPERSONAL, SIENDO SOCIO UNICO SOCIQUICK S.L.  Datos registrales. S 8 , H B 662435, I/A 1 (18.08.26).",https://www.boe.es/diario_borme/xml.php?id=BORME-A-2026-163-08
20260825,A,BARCELONA,390804,SF INTEGRALS GIRONA SL,"Nombramientos. APOD.SOL/MAN: LAMATA DEL VALLE JAVIER.  Datos registrales. S 8 , H B 389242, I/A 25 (18.08.26).",https://www.boe.es/diario_borme/xml.php?id=BORME-A-2026-163-08
20260825,A,BARCELONA,390805,A CONTRACORRIENTE FILMS SL,"Cambio de objeto social. AMPLIAR EN: LA EDICION DE OBRAS MUSICALES.  Datos registrales. S 8 , H B 379505, I/A 29 (18.08.26).",https://www.boe.es/diario_borme/xml.php?id=BORME-A-2026-163-08
20260825,A,BARCELONA,390806,PARATER IBERIA S.L,"Constitución. Comienzo de operaciones: 11.08.26. Objeto social: LA PRESTACION DE SERVICIOS DE INTERMEDIACION PARA ACTIVIDADES INMOBILIARIAS. CNAE 6831. Domicilio: CL AVENIR NUM.35 P.6 PTA.2 (BARCELONA). Capital: 3.000,00 Euros. Nombramientos. ADM.UNICO: SOCIQUICK SL. REPR.143 RRM: OLIVE GORGUES ALFONSO. Otros conceptos: DECLARACION DE SOCIEDAD UNIPERSONAL, SIENDO SOCIO UNICO SOCIQUICK S.L.  Datos registrales. S 8 , H B 662436, I/A 1 (18.08.26).",https://www.boe.es/diario_borme/xml.php?id=BORME-A-2026-163-08
20260825,A,BARCELONA,390807,SF INTEGRALS GIRONA SL,"Nombramientos. APOD.SOL/MAN: HERRERA SANCHEZ LAIA.  Datos registrales. S 8 , H B 389242, I/A 26 (18.08.26).",https://www.boe.es/diario_borme/xml.php?id=BORME-A-2026-163-08
20260825,A,BARCELONA,390808,SF INTEGRALS GIRONA SL,"Nombramientos. APOD.SOL/MAN: MORLANES ARGUDO MARTA.  Datos registrales. S 8 , H B 389242, I/A 27 (18.08.26).",https://www.boe.es/diario_borme/xml.php?id=BORME-A-2026-163-08
20260825,A,BARCELONA,390809,BIOSORRA CARBON REMOVAL S.L,"Nombramientos. APODERAD.SOL: FERNANDEZ USON ELENA;JOHANSSON MORENO MIRIAM;RIERA FERRER JOAN;MARTINEZ LOZANO ORIOL.  Datos registrales. S 8 , H B 659790, I/A 2 (18.08.26).",https://www.boe.es/diario_borme/xml.php?id=BORME-A-2026-163-08
20260825,A,BARCELONA,390810,BUFET COLLS SOCIEDAD CIVIL PROFESIONAL,"Revocaciones. ADM.SOLIDAR.: COLLS ALSIUS JOSEP;COLLS PEYRA MARTA. Otros conceptos: BAJA DE LOS SOCIOS PROFESIONALES:JOSE COLLS ALSIUS Y MARTA COLLS PEYRA.  Datos registrales. S 8 , H B 486151, I/A 2 (18.08.26).",https://www.boe.es/diario_borme/xml.php?id=BORME-A-2026-163-08
20260825,A,BARCELONA,390811,EPLAN SOFTWARE S.A,"Revocaciones. APODERADO: CHACON JIMENEZ FRANCISCO;CAIROL RODRIGUEZ DAVID. APOD.MANCOMU: CHACON JIMENEZ FRANCISCO;CAIROL RODRIGUEZ DAVID;CHACON JIMENEZ FRANCISCO;CAIROL RODRIGUEZ DAVID. Nombramientos. APOD.MANCOMU: CHACON JIMENEZ FRANCISCO;CAIROL RODRIGUEZ DAVID;ALEGRIA SANCHEZ EDUARDO.  Datos registrales. S 8 , H B 348358, I/A 27 (18.08.26).",https://www.boe.es/diario_borme/xml.php?id=BORME-A-2026-163-08
20260825,A,BARCELONA,390812,BLESSED AND GRATEFUL S.L,"Nombramientos. APODERAD.SOL: ESTEBEN COLL PEDRO.  Datos registrales. S 8 , H B 657584, I/A 2 (18.08.26).",https://www.boe.es/diario_borme/xml.php?id=BORME-A-2026-163-08
20260825,A,BARCELONA,390813,UNISERMON S.L,"Cambio de domicilio social. AV DE POMPEU FABRA NUM.1 POLIGONO PLA DEL MAS (SALLENT).  Datos registrales. S 8 , H B 518417, I/A 8 (18.08.26).",https://www.boe.es/diario_borme/xml.php?id=BORME-A-2026-163-08
20260825,A,BARCELONA,390814,BLUECRUX IBERIA S.L,"Nombramientos. APODERAD.SOL: MARJOLEIN INGEBORG BLOEMHOF.  Datos registrales. S 8 , H B 623222, I/A 5 (18.08.26).",https://www.boe.es/diario_borme/xml.php?id=BORME-A-2026-163-08
20260825,A,BARCELONA,390815,BMP INNOVACION S.L,"Cambio de domicilio social. PS BONANOVA Num.4 P.BJ (BARCELONA).  Datos registrales. S 8 , H B 578794, I/A 5 (18.08.26).",https://www.boe.es/diario_borme/xml.php?id=BORME-A-2026-163-08
20260825,A,BARCELONA,390816,PLATA DIGITAL DEVELOPMENT S.L,"Nombramientos. APODERAD.SOL: ANASTASIA NEVEYKINA.  Datos registrales. S 8 , H B 653611, I/A 3 (18.08.26).",https://www.boe.es/diario_borme/xml.php?id=BORME-A-2026-163-08
20260825,A,BARCELONA,390817,AMURAN GLOBAL GROUP S.L,"Nombramientos. APODERAD.SOL: CARRANZA RAMOS RAMON.  Datos registrales. S 8 , H B 509731, I/A 10 (18.08.26).",https://www.boe.es/diario_borme/xml.php?id=BORME-A-2026-163-08
20260825,A,BARCELONA,390818,BEATWORKS CO S.L,"Cambio de domicilio social. PS BONANOVA Num.4 P.BJ (BARCELONA).  Datos registrales. S 8 , H B 649877, I/A 2 (18.08.26).",https://www.boe.es/diario_borme/xml.php?id=BORME-A-2026-163-08
20260825,A,BARCELONA,390819,RITTAL S.A,"Revocaciones. APODERADO: CAIROL RODRIGUEZ DAVID;CAIROL RODRIGUEZ DAVID;THOMAS WOLFGANG EHRICH. APOD.MANCOMU: BORDONADA SALAS JOSEP;CAIROL RODRIGUEZ DAVID. Nombramientos. APOD.MANCOMU: BORDONADA SALAS JOSEP;CAIROL RODRIGUEZ DAVID;GIMENO GONZALEZ IVAN.  Datos registrales. S 8 , H B 14987, I/A 62 (18.08.26).",https://www.boe.es/diario_borme/xml.php?id=BORME-A-2026-163-08
20260825,A,BARCELONA,390820,MERGARBOR S.L,"Nombramientos. APODERAD.SOL: GARDES BORRAS MERCEDES.  Datos registrales. S 8 , H B 627842, I/A 3 (18.08.26).",https://www.boe.es/diario_borme/xml.php?id=BORME-A-2026-163-08
20260825,A,BARCELONA,390821,MARCO PARIS 121 SL,"Revocaciones. ADMINISTR.: MARCO GRACIA JORGE. Nombramientos. ADM.CONJUNTO: MARCO MAS GEORGINA;MARCO MAS BARBARA;MARCO MAS MARIA ANDREA. Modificaciones estatutarias. MODIFICACION DEL ARTICULO 15 DE LOS ESTATUTOS SOCIALES. CAMBIO DE REGIMEN ADMINISTRATIVO.  Datos registrales. S 8 , H B 184699, I/A 5 (18.08.26).",https://www.boe.es/diario_borme/xml.php?id=BORME-A-2026-163-08
20260825,A,BARCELONA,390822,EF SERVICIOS DE SOPORTE SA,"Revocaciones. APOD.SOL/MAN: FRANCIS SCOTT SIEBENALER;MORENO PERA CIRIAC;GARCIA CALERO IVAN;ALVAREZ PEREZ JOSE LUIS;SANDRA BRITA MARIA ERIKSSON;COSTA BARBERA ELENA;NUÑEZ SANCHEZ CAROLINA;LOPEZ LOPEZ ALBERTO ALBA. Nombramientos. APOD.SOL/MAN: FRANCIS SCOTT SIEBENALER;MORENO PERA CIRIAC;ALVAREZ PEREZ JOSE LUIS;SANDRA BRITA MARIA ERIKSSON;COSTA BARBERA ELENA;NUÑEZ SANCHEZ CAROLINA;ALBA LOPEZ ALBERTO;MATTHIEU PIERRE JEAN DROUET;BRENDAN CANTY.  Datos registrales. S 8 , H B 217447, I/A 64 (18.08.26).",https://www.boe.es/diario_borme/xml.php?id=BORME-A-2026-163-08
20260825,A,BARCELONA,390823,EFEKTA SUPPORT SERVICES S.L,"Revocaciones. APOD.SOL/MAN: FRANCIS SCOTT SIEBENALER;MORENO PERA CIRIAC;GARCIA CALERO IVAN;ALVAREZ PEREZ JOSE LUIS;SANDRA BRITA MARIA ERIKSSON;COSTA BARBERA ELENA. Nombramientos. APOD.SOL/MAN: FRANCIS SCOTT SIEBENALER;MORENO PERA CIRIAC;ALVAREZ PEREZ JOSE LUIS;SANDRA BRITA MARIA ERIKSSON;MATTHIEU PIERRE JEAN DROUET;BRENDAN CANTY;COSTA BARBERA ELENA.  Datos registrales. S 8 , H B 583868, I/A 10 (18.08.26).",https://www.boe.es/diario_borme/xml.php?id=BORME-A-2026-163-08
20260825,A,BARCELONA,390824,SERVECAVE SL,"Nombramientos. APOD.SOL/MAN: FERNANDEZ ARIMANY JOSE IGNACIO;GONZALEZ RODRIGUEZ ROSANA;RUIZ LOPEZ MIGUEL ANGEL Datos registrales. S 8 , H B 373901, I/A 40 (18.08.26).",https://www.boe.es/diario_borme/xml.php?id=BORME-A-2026-163-08
20260825,A,BARCELONA,390825,VOLKSWAGEN GROUP ESPAÑA DISTRIBUCION SA,"Nombramientos. APOD.SOL/MAN: GARCIA RIOS JAVIER. APODERAD.SOL: MARTIN VAZQUEZ CRISTINA.  Datos registrales. S 8 , H B 80744, I/A 350 (18.08.26).",https://www.boe.es/diario_borme/xml.php?id=BORME-A-2026-163-08
20260825,A,BARCELONA,390826,VOLKSWAGEN GROUP ESPAÑA DISTRIBUCION SA,"Revocaciones. APOD.SOL/MAN: SALVADOR MASSO ISAAC. APODERAD.SOL: SALVADOR MASSO ISAAC;CUARTERO POSTIGO CARLOS. Otros conceptos: REVOCADO EL PODER CON EFECTOS DE IGNACIO FATJO CAMERO (INS.281 Y 334), EL 01/09/2026, EL PODER CON EFECTOS DE CARMEN MONTSERRAT PULIDO (INS.255 Y 281), JORDI CLAVERA CALVET (INS.243 Y 290) Y MANUEL ANGEL CHAO POY (INS.330), EL 01/10/2026.  Datos registrales. S 8 , H B 80744, I/A 351 (18.08.26).",https://www.boe.es/diario_borme/xml.php?id=BORME-A-2026-163-08
20260825,A,BARCELONA,390827,TSH MADRID OPCO S.L,"Nombramientos. APODERAD.SOL: RODRIGUEZ AGRA ABIGAIL.  Datos registrales. S 8 , H B 539411, I/A 20 (18.08.26).",https://www.boe.es/diario_borme/xml.php?id=BORME-A-2026-163-08
20260825,A,BARCELONA,390828,EZETI SL,"Nombramientos. APODERAD.SOL: SILVIA CORBELLA.  Datos registrales. S 8 , H B 122568, I/A 66 (18.08.26).",https://www.boe.es/diario_borme/xml.php?id=BORME-A-2026-163-08
20260825,A,BARCELONA,390829,EZETI SL,"Nombramientos. APODERAD.SOL: ALESSIA AMBROSIO.  Datos registrales. S 8 , H B 122568, I/A 67 (18.08.26).",https://www.boe.es/diario_borme/xml.php?id=BORME-A-2026-163-08
20260825,A,BARCELONA,390830,SERVI COURIER GARRAF SL,"Otros conceptos: ANOTACION PREVENTIVA DE DECLARACION DE FALLIDO.  Datos registrales. S 8 , H B 235844, I/A A (18.08.26).",https://www.boe.es/diario_borme/xml.php?id=BORME-A-2026-163-08
20260825,A,BARCELONA,390831,SINELEC CALABRIA S.L,"Nombramientos. APODERAD.SOL: CUADROS BARREDA XAVIER.  Datos registrales. S 8 , H B 614813, I/A 4 (18.08.26).",https://www.boe.es/diario_borme/xml.php?id=BORME-A-2026-163-08
20260825,A,BARCELONA,390832,ALTER ORTO SL,"Nombramientos. APODERAD.SOL: STEPHANIE ANNE GAELLE DERID EP RAGA.  Datos registrales. S 8 , H B 315067, I/A 4 (18.08.26).",https://www.boe.es/diario_borme/xml.php?id=BORME-A-2026-163-08
20260825,A,BARCELONA,390833,ATECHBCN SL,"Otros conceptos: SEGREGACION DE LA SOCIEDAD ATECHBCN SL, SIENDO BENEFICIARIA LA SOCIEDAD ""ATECH BMU ENGINEERING S.L.""(SOCIEDAD UNIPERSONAL). Escisión total. Sociedades beneficiarias de la escisión: ATECH CORPORATE SERVICES S.L. R2B PROP INV S.L. Extinción.  Datos registrales. S 8 , H B 417238, I/A 18 (18.08.26).",https://www.boe.es/diario_borme/xml.php?id=BORME-A-2026-163-08
20260825,A,BARCELONA,390834,HOSPITAL 97 SL,"Nombramientos. APODERAD.SOL: STEPHANIE ANNE GAELLE DERID EP RAGA.  Datos registrales. S 8 , H B 193025, I/A 7 (18.08.26).",https://www.boe.es/diario_borme/xml.php?id=BORME-A-2026-163-08
20260825,A,BARCELONA,390835,ATECH BMU ENGINEERING S.L,"Constitución. Comienzo de operaciones: 5.06.26. Objeto social: FABRICACION DE MAQUINARIA DE ELEVACION Y MANIPULACION. Domicilio: CL TOMAS VILADOMIU 29-35, POL.IND. ILLA (SALLENT). Capital: 489.900,00 Euros. Nombramientos. ADM.UNICO: RIERA AGUILA JOSEP. Otros conceptos: DECLARACION DE SOCIEDAD UNIPERSONAL, SIENDO SOCIO UNICO ATECHBCN S.L.  Datos registrales. S 8 , H B 662389, I/A 1 (18.08.26).",https://www.boe.es/diario_borme/xml.php?id=BORME-A-2026-163-08
20260825,A,BARCELONA,390836,ATECH CORPORATE SERVICES S.L,"Constitución. Comienzo de operaciones: 5.06.26. Objeto social: REALIZACION DE ACTIVIDADES DE LAS REDES CENTRALES. Domicilio: CL CONSELL DE CENT P.3 (BARCELONA). Capital: 435.900,00 Euros. Nombramientos. ADM.UNICO: RIERA AGUILA JOSEP.  Datos registrales. S 8 , H B 662390, I/A 1 (18.08.26).",https://www.boe.es/diario_borme/xml.php?id=BORME-A-2026-163-08
20260825,A,BARCELONA,390837,R2B PROP INV S.L,"Constitución. Comienzo de operaciones: 5.06.26. Objeto social: EL ALQUILER DE BIENES INMOBILIARIOS POR CUENTA PROPIA. Domicilio: CL TOMAS VILADOMIU 29-35,POL.IND. ILLA (SALLENT). Capital: 54.000,00 Euros. Nombramientos. ADM.UNICO: RIERA AGUILA JOSEP.  Datos registrales. S 8 , H B 662391, I/A 1 (18.08.26).",https://www.boe.es/diario_borme/xml.php?id=BORME-A-2026-163-08
20260825,A,BARCELONA,390838,FRIGAZ ESPACIOS S.L,"Constitución. Comienzo de operaciones: 11.08.26. Objeto social: LA PRESTACION DE SERVICIOS DE INTERMEDIACION PARA ACTIVIDADES INMOBILIARIAS. CNAE 6831. Domicilio: CL AVENIR NUM.35 P.6 PTA.2 (BARCELONA). Capital: 3.000,00 Euros. Nombramientos. ADM.UNICO: SOCIQUICK SL. REPR.143 RRM: OLIVE GORGUES ALFONSO. Otros conceptos: DECLARACION DE SOCIEDAD UNIPERSONAL, SIENDO SOCIO UNICO SOCIQUICK S.L.  Datos registrales. S 8 , H B 662438, I/A 1 (18.08.26).",https://www.boe.es/diario_borme/xml.php?id=BORME-A-2026-163-08
20260825,A,BARCELONA,390839,SIMAS 5000 S.L,"Constitución. Comienzo de operaciones: 11.08.26. Objeto social: LA PRESTACION DE SERVICIOS DE INTERMEDIACION PARA ACTIVIDADES INMOBILIARIAS. CNAE 6831. Domicilio: CL AVENIR NUM.35 P.6 PTA.2 (BARCELONA). Capital: 3.000,00 Euros. Nombramientos. ADM.UNICO: SOCIQUICK SL. REPR.143 RRM: OLIVE GORGUES ALFONSO. Otros conceptos: DECLARACION DE SOCIEDAD UNIPERSONAL, SIENDO SOCIO UNICO SOCIQUICK S.L.  Datos registrales. S 8 , H B 662440, I/A 1 (18.08.26).",https://www.boe.es/diario_borme/xml.php?id=BORME-A-2026-163-08
20260825,A,BARCELONA,390840,GARBAU INVEST S.L,"Constitución. Comienzo de operaciones: 11.08.26. Objeto social: LA PRESTACION DE SERVICIOS DE INTERMEDIACION PARA ACTIVIDADES INMOBILIARIAS. CNAE 6831. Domicilio: CL AVENIR NUM.35 P.6 PTA.2 (BARCELONA). Capital: 3.000,00 Euros. Nombramientos. ADM.UNICO: SOCIQUICK SL. REPR.143 RRM: OLIVE GORGUES ALFONSO. Otros conceptos: DECLARACION DE SOCIEDAD UNIPERSONAL, SIENDO SOCIO UNICO SOCIQUICK S.L.  Datos registrales. S 8 , H B 662442, I/A 1 (18.08.26).",https://www.boe.es/diario_borme/xml.php?id=BORME-A-2026-163-08
20260825,A,BARCELONA,390841,CARTER PROMOCIONAL S.L,"Constitución. Comienzo de operaciones: 11.08.26. Objeto social: LA PRESTACION DE SERVICIOS DE INTERMEDIACION PARA ACTIVIDADES INMOBILIARIAS. CNAE 6831. Domicilio: CL AVENIR NUM.35 P.6 PTA.2 (BARCELONA). Capital: 3.000,00 Euros. Nombramientos. ADM.UNICO: SOCIQUICK SL. REPR.143 RRM: OLIVE GORGUES ALFONSO. Otros conceptos: DECLARACION DE SOCIEDAD UNIPERSONAL, SIENDO SOCIO UNICO SOCIQUICK S.L.  Datos registrales. S 8 , H B 662444, I/A 1 (18.08.26).",https://www.boe.es/diario_borme/xml.php?id=BORME-A-2026-163-08
20260825,A,BARCELONA,390842,BOKATEROS S.L,"Constitución. Comienzo de operaciones: 3.07.26. Objeto social: LA EXPLOTACION DE BARES, RESTAURANTES Y HOTELES. EL CNAE DE LA ACTIVIDAD PRINCIPAL ES EL 5611. Domicilio: CL TORRENT DE L'OLLA NUMERO 89, LOCAL BAJOS (BARCELONA). Capital: 30.000,00 Euros. Nombramientos. ADM.UNICO: SABATA PUJOL RICARD.  Datos registrales. S 8 , H B 662247, I/A 1 (18.08.26).",https://www.boe.es/diario_borme/xml.php?id=BORME-A-2026-163-08
20260825,A,BARCELONA,390843,MADRID TRADERS GLOBAL S.L,"Constitución. Comienzo de operaciones: 22.07.26. Objeto social: LA COMPRA, VENTA, FABRICACION, IMPORTACION, EXPORTACION, EXPLOTACION, PROMOCION, DISTRIBUCION Y COMERCIALIZACION DE PRODUCTOS ALIMENTICIOS, BEBIDAS Y TODO TIPO DE ARTICULOS RELACIONADOS CON LOS TEJIDOS, LA INFORMATICA, ETC. Domicilio: CL ANTONIO MACHADO NUM. 1 LOCAL (SANT ADRIA DE BESOS). Capital: 3.000,00 Euros. Nombramientos. ADM.SOLIDAR.: SHAHAR YAR AKRAM;MOAZAM SHAHZAD AHMED.  Datos registrales. S 8 , H B 662464, I/A 1 (18.08.26).",https://www.boe.es/diario_borme/xml.php?id=BORME-A-2026-163-08
20260825,A,BARCELONA,390844,GREENVIA LIFE SCIENCES S.L,"Constitución. Comienzo de operaciones: 28.07.26. Objeto social: PROMOCION, EXPLOTACION, GESTION, ADMINISTRACION, ARRENDAMIENTO, SUBARRENDAMIENTO, CESION DE USO Y PUESTA A DISPOSICION DE ESPACIOS, INSTALACIONES, LABORATORIOS, OFICINAS, SALAS TECNICAS, ESPACIOS DE COWORKING CIENTIFICO, ETC. Domicilio: CL FRANCESC MACIA NUM.125 P.BJ (SANT BOI DE LLOBREGAT). Capital: 3.000,00 Euros. Nombramientos. ADM.UNICO: FORNESA SALA INGRID. Otros conceptos: DECLARACION DE SOCIEDAD UNIPERSONAL, SIENDO SOCIO UNICO, FONAVI S.L.  Datos registrales. S 8 , H B 662452, I/A 1 (18.08.26).",https://www.boe.es/diario_borme/xml.php?id=BORME-A-2026-163-08
20260825,A,BARCELONA,390845,LIFECOLE S.L,"Nombramientos. ADM.CONCURS.: ESTRUCH CONSULTORES MERCANTILES SLP. REP.ADM.CONC: ESTRUCH ESCRIVA JUAN JOSE. Otros conceptos: SECCION DE LO MERCANTIL DEL TI DE BARCELONA, PLAZA NUMERO 6, PROCEDIMIENTO CONCURSO VOLUNTARIO 1662/2025, AUTO FIRME DE FECHA 17/12/2025, DECLARACION DE CONCURSO VOLUNTARIO DE LA SOCIEDAD.  Datos registrales. S 8 , H B 551858, I/A 13 (18.08.26).",https://www.boe.es/diario_borme/xml.php?id=BORME-A-2026-163-08
20260825,A,BARCELONA,390846,CONSTRUCCIONES TECNOLOGICAS INOXIDABLES SL,"Extinción.  Datos registrales. S 8 , H B 184344, I/A 8 (18.08.26).",https://www.boe.es/diario_borme/xml.php?id=BORME-A-2026-163-08
20260825,A,BARCELONA,390847,CEBE WOOD-STEEL S.L,"Fusión por absorción. Sociedades absorbidas: ANEMPARATS SL. CONSTRUCCIONES TECNOLOGICAS INOXIDABLES SL.  Datos registrales. S 8 , H B 250021, I/A 9 (18.08.26).",https://www.boe.es/diario_borme/xml.php?id=BORME-A-2026-163-08
20260825,A,BARCELONA,390848,AJI MIRASOL S.L,"Constitución. Comienzo de operaciones: 6.07.26. Objeto social: LA EXPLOTACION, GESTION Y ADMINISTRACION, POR CUENTA PROPIA O DE TERCEROS, DE NEGOCIOS DE HOSTELERIA Y RESTAURACION, TALES COMO RESTAURANTES, CAFETERIAS, BARES, TABERNAS, LOCALES DE COMIDA RAPIDA, PIZZERIAS, ETC. Domicilio: CL SEPULVEDA, 151, LOCAL 2 (BARCELONA). Capital: 65.750,00 Euros. Nombramientos. ADM.UNICO: ORTEGA BUIZA JUAN PABLO. Otros conceptos: DECLARACION DE SOCIEDAD UNIPERSONAL, SIENDO SOCIO UNICO JUAN PABLO ORTEGA BUIZA. Datos registrales. S 8 , H B 662385, I/A 1 (17.08.26).",https://www.boe.es/diario_borme/xml.php?id=BORME-A-2026-163-08
20260825,A,BARCELONA,390849,ANEMPARATS SL,"Extinción.  Datos registrales. S 8 , H B 469368, I/A 3 (18.08.26).",https://www.boe.es/diario_borme/xml.php?id=BORME-A-2026-163-08
20260825,A,BARCELONA,390850,V8 SMASH BURGER S.L,"Constitución. Comienzo de operaciones: 29.07.26. Objeto social: LA ACTIVIDAD DE RESTAURACION. EN PARTICULAR, LA ELABORACION, PREPRARACION, VENTA Y SERVICIO DE HAMBURGUESAS Y OTROS PRODUCTOS ALIMENTICIOS, ASI COMO BEBIDAS, ETC. Domicilio: CL PARLAMENT NUM.2 P.LC PTA.1 (BARCELONA). Capital: 3.000,00 Euros. Nombramientos. ADM.CONJUNTO: MARTINEZ HERNANDEZ DANIEL;PEREZ DELGADO ORIOL.  Datos registrales. S 8 , H B 662445, I/A 1 (18.08.26).",https://www.boe.es/diario_borme/xml.php?id=BORME-A-2026-163-08
20260825,A,BARCELONA,390851,STUDI360 ESPAI DE DESENVOLUPAMENT I FORMACIO S.L,"Constitución. Comienzo de operaciones: 1.09.26. Objeto social: LA ORGANIZACION, DISEÑO, IMPARTICION Y EVALUACION DE ACCIONES, PLANES Y PROGRAMAS DE FORMACION, CAPACITACION Y DESARROLLO PROFESIONAL, EN MODALIDAD PRESENCIAL, A DISTANCIA, SEMIPRESENCIAL Y DIGITAL, ETC. Domicilio: CL COLL I VEHI, N- 60, LOCAL 1 (BARCELONA). Capital: 3.000,00 Euros. Nombramientos. ADM.UNICO: MORILLAS GARCIA MIREIA CARMEN.  Datos registrales. S 8 , H B 662447, I/A 1 (18.08.26).",https://www.boe.es/diario_borme/xml.php?id=BORME-A-2026-163-08
20260825,A,BARCELONA,390852,BRETECH & GREBLER S.L,"Constitución. Comienzo de operaciones: 30.07.26. Objeto social: EL DESARROLLO, PROGRAMACION, IMPLANTACION, INTEGRACION, MANTENIMIENTO Y EXPLOTACION DE PROGRAMAS DE ORDENADOR, APLICACIONES INFORMATICAS, SISTEMAS DE INTELIGENCIA ARTIFICIAL Y MODELOS DE APRENDIZAJE UTOMATICO CNAE 6210. ETC. Domicilio: AV DIAGONAL NUM.520 P.1 PTA.4 (BARCELONA). Capital: 3.000,00 Euros. Nombramientos. ADM.UNICO: BRETAUDEAU MERCE DANIEL.  Datos registrales. S 8 , H B 662424, I/A 1 (18.08.26).",https://www.boe.es/diario_borme/xml.php?id=BORME-A-2026-163-08
20260825,A,BARCELONA,390853,ZANIA SPACE INVEX S.L,"Constitución. Comienzo de operaciones: 29.07.26. Objeto social: CONSTRUCCION Y REHABILITACION DE TODO TIPO DE INMUEBLES. COMERCIO AL POR MAYOR Y AL POR MENOR. ACTIVIDADES INMOBILIARIAS. TURISMO, HOSTELERIA Y RESTAURACION. INTERMEDIARIOS DEL COMERCIO DE PRODUCTOS DIVERSOS, ETC. Domicilio: CL JOSEP TARRADELLAS NUM.1 P.BJ PTA.1 (SANT JOAN DESPI). Capital: 3.000,00 Euros. Nombramientos. ADM.UNICO: COLLS PEYRA JOSE LUIS.  Datos registrales. S 8 , H B 662433, I/A 1 (18.08.26).",https://www.boe.es/diario_borme/xml.php?id=BORME-A-2026-163-08
20260825,A,BARCELONA,390854,CARMAR INVESTMENTS 2026 S.L,"Constitución. Comienzo de operaciones: 30.07.26. Objeto social: LA ACTIVIDAD DE GESTION Y ADMINISTRACION DE VALORES REPRESENTATIVOS DE LOS FONDOS PROPIOS DE ENTIDADES NO RESIDENTES EN TERRITORIO ESPAÑOL, MEDIANTE LA CORRESPONDIENTE ORGANIZACION DE MEDIOS MATERIALES Y PERSONALES, ETC. Domicilio: RB CATALUNYA NUM. 53-55 P.AT (BARCELONA). Capital: 3.000,00 Euros. Nombramientos. ADM.UNICO: VISTRA ADMINISTRATION SERVICES S.L. REPR.143 RRM: NUET BLANCH FRANCISCO JAVIER. Otros conceptos: DECLARACION DE SOCIEDAD UNIPERSONAL, SIENDO SOCIO UNICO VISTRA ADMINISTRATION SERVICES S.L.  Datos registrales. S 8 , H B 662405, I/A 1 (18.08.26).",https://www.boe.es/diario_borme/xml.php?id=BORME-A-2026-163-08
20260825,A,BARCELONA,390855,ELOCAST S.L,"Constitución. Comienzo de operaciones: 30.07.26. Objeto social: LA ACTIVIDAD DE GESTION Y ADMINISTRACION DE VALORES REPRESENTATIVOS DE LOS FONDOS PROPIOS DE ENTIDADES NO RESIDENTES EN TERRITORIO ESPAÑOL, MEDIANTE LA CORRESPONDIENTE ORGANIZACION DE MEDIOS MATERIALES Y PERSONALES, ETC. Domicilio: RB CATALUNYA 53-55 P.AT (BARCELONA). Capital: 3.000,00 Euros. Nombramientos. ADM.UNICO: VISTRA ADMINISTRATION SERVICES SL. REPR.143 RRM: NUET BLANCH FRANCISCO JAVIER. Otros conceptos: DECLARACION DE SOCIEDAD UNIPERSONAL, SIENDO SOCIO UNICO VISTRA ADMINISTRATION SERVICES S.L.  Datos registrales. S 8 , H B 662415, I/A 1 (18.08.26).",https://www.boe.es/diario_borme/xml.php?id=BORME-A-2026-163-08
20260825,A,BARCELONA,390856,GARCIA ARNAU INVESTMENT GROUP S.L,"Constitución. Comienzo de operaciones: 31.07.26. Objeto social: COMO ACTIVIDAD PRINCIPAL Y CON CNAE (6420): ACTIVIDADES DE LAS SOCIEDADES HOLDING. Domicilio: CL LLOBREGAT, NUM. 7, NAVE 31 D (TERRASSA). Capital: 1.088.652,00 Euros. Nombramientos. ADM.UNICO: GARCIA ARNAU EDGAR. Otros conceptos: DECLARACION DE SOCIEDAD UNIPERSONAL, SIENDO SOCIO UNICO EDGAR GARCIA ARNAU.  Datos registrales. S 8 , H B 662453, I/A 1 (18.08.26).",https://www.boe.es/diario_borme/xml.php?id=BORME-A-2026-163-08
20260825,A,BARCELONA,390857,ELEVATE BUSINESS PARTNERS S.L,"Constitución. Comienzo de operaciones: 24.07.26. Objeto social: CONSTRUCCION, INSTALACIONES Y MANTENIMIENTO. IMPORTACION, EXPORTACION, COMERCIO AL POR MENOR Y MAYOR, INCLUYENDO EL COMERCIO POR INTERNET, FABRICACION, DISTRIBUCION, E INTERMEDIACION COMERCIAL DE EQUIPOS INFORMATICOS, ETC. Domicilio: CL BALUARD NUM.6 P.2 PTA.3 (SANT PERE DE RIBES). Capital: 3.000,00 Euros. Nombramientos. ADM.UNICO: ESMORIS LLORCA ALBERTO.  Datos registrales. S 8 , H B 662462, I/A 1 (18.08.26).",https://www.boe.es/diario_borme/xml.php?id=BORME-A-2026-163-08
20260825,A,BARCELONA,390858,FONOSERVICE SA,"Revocaciones. APODERAD.SOL: SANTOCILDES CASTAÑON ANTONIO.  Datos registrales. S 8 , H B 119947, I/A 89 (18.08.26).",https://www.boe.es/diario_borme/xml.php?id=BORME-A-2026-163-08
20260825,A,BARCELONA,390859,LITERAL VIA XXI S.L,"Constitución. Comienzo de operaciones: 31.07.26. Objeto social: LA COMPRA, VENTA Y REFORMA DE TODA CLASE DE BIENES INMUEBLES (CNAE6811). Domicilio: CL CAMI CAN MAJO NUM.82 (SANT CUGAT DEL VALLES). Capital: 50.000,00 Euros. Nombramientos. ADM.UNICO: MURTRA FLOREZ CARINA. Otros conceptos: DECLARACION DE SOCIEDAD UNIPERSONAL, SIENDO SOCIO UNICO CARINA MURTRA FLOREZ.  Datos registrales. S 8 , H B 662458, I/A 1 (18.08.26).",https://www.boe.es/diario_borme/xml.php?id=BORME-A-2026-163-08
20260825,A,BARCELONA,390860,LUMEXORA BUSINESS S.L,"Constitución. Comienzo de operaciones: 24.07.26. Objeto social: CONSTRUCCION, INSTALACIONES Y MANTENIMIENTO. IMPORTACION, EXPORTACION, COMERCIO AL POR MENOR Y MAYOR, INCLUYENDO EL COMERCIO POR INTERNET, FABRICACION, DISTRIBUCION E INTERMEDIACION COMERCIAL DE EQUIPOS INFORMATICOS, ETC. Domicilio: CL BALUARD NUM.6 P.2 PTA.3 (SANT PERE DE RIBES). Capital: 3.000,00 Euros. Nombramientos. ADM.UNICO: ESMORIS LLORCA ALBERTO.  Datos registrales. S 8 , H B 662460, I/A 1 (18.08.26).",https://www.boe.es/diario_borme/xml.php?id=BORME-A-2026-163-08
20260825,A,BARCELONA,390861,FONOSERVICE SA,"Revocaciones. APODERAD.SOL: ESTEBAN SANZ MARTA.  Datos registrales. S 8 , H B 119947, I/A 90 (18.08.26).",https://www.boe.es/diario_borme/xml.php?id=BORME-A-2026-163-08
20260825,A,BARCELONA,390862,POR SIEMPRE JAMAS INVERSIONES S.L,"Otros conceptos: RECTIFICACION DE LA INSCRIPCION 1 EN CUANTO LA SEGUNDO APELLIDO DEL SOCIO Y ADMINISTRADOR DE LA SOCIEDAD, SIENDO EL CORRECTO: DON DAVID GONZALEZ CADENAS. PUBLICADO EN EL BORME 146/2026, REF. 358348.  Datos registrales. S 8 , H B 661349, I/A 2 (18.08.26).",https://www.boe.es/diario_borme/xml.php?id=BORME-A-2026-163-08
20260825,A,BARCELONA,390863,FONOSERVICE SA,"Nombramientos. APOD.SOL/MAN: GUTIERREZ FERNANDEZ JOSE ANGEL.  Datos registrales. S 8 , H B 119947, I/A 93 (18.08.26).",https://www.boe.es/diario_borme/xml.php?id=BORME-A-2026-163-08
20260825,A,BARCELONA,390864,THE SWINE HUB S.L,"Constitución. Comienzo de operaciones: 28.07.26. Objeto social: EL DESARROLLO DE LAS OPERACIONES SOBRE INMUEBLES EN GENERAL, TANTO RUSTICOS COMO URBANOS Y SU EXPLOTACION BAJO CUALQUIER MODALIDAD JURIDICA Y ECONOMICA, INCLUYENDO OBRAS DE CONSTARUCCION Y REFORMAS, ETC. Domicilio: CL MATARO 1 POL IND SOT DELS PRADALS (VIC). Capital: 3.000,00 Euros. Nombramientos. ADM.SOLIDAR.: SANILAND IBERICA SL. REPR.143 RRM: FONT COMAS JORDI. ADM.SOLIDAR.: INDUW SL. REPR.143 RRM: WUST ACEDO OTTO CHRISTOF. ADM.SOLIDAR.: MOTSU VENTURES SL. REPR.143 RRM: ELENA SOLER MARC.  Datos registrales. S 8 , H B 662454, I/A 1 (18.08.26).",https://www.boe.es/diario_borme/xml.php?id=BORME-A-2026-163-08
20260825,A,BARCELONA,390865,FONOSERVICE SA,"Revocaciones. APOD.SOL/MAN: SERRANO CEBALLOS MONICA;BARRIOS ALCONADA PEDRO.  Datos registrales. S 8 , H B 119947, I/A 91 (18.08.26).",https://www.boe.es/diario_borme/xml.php?id=BORME-A-2026-163-08
20260825,A,BARCELONA,390866,GATSAN ACADEMY S.L,"Constitución. Comienzo de operaciones: 31.07.26. Objeto social: LA PRESTACION DE SERVICIOS DE ENSEÑANZA, FORMACION Y PERFECCIONAMIENTO DE IDIOMAS EXTRANJEROS, MEDIANTE LA IMPARTICION DE CLASES, CURSOS, TALLERES, CAMPAMENTOS, ACTIVIDADES EXTRAESCOLARES Y PROGRAMAS EDUCATIVOS, ETC. Domicilio: PZ MARAGALL NUM.18 P.BJ (BARCELONA). Capital: 10.000,00 Euros. Nombramientos. ADM.SOLIDAR.: SANESCO 2021 S.L. REPR.143 RRM: SANCHEZ BURGUES ROBERTO MIGUEL. ADM.SOLIDAR.: XANOA 22 S.L. REPR.143 RRM: GATIUS PERERA JOAN.  Datos registrales. S 8 , H B 662404, I/A 1 (18.08.26).",https://www.boe.es/diario_borme/xml.php?id=BORME-A-2026-163-08
20260825,A,BARCELONA,390867,INVESTMENTS PREMASPRE S.L,"Revocaciones. ADM.SOLIDAR.: LOPEZ SANCHEZ CARLOS ELIAS;LOPEZ SANCHEZ XENIA. Nombramientos. ADM.UNICO: LOPEZ SANCHEZ CARLOS ELIAS.  Datos registrales. S 8 , H B 521501, I/A 5 (18.08.26).",https://www.boe.es/diario_borme/xml.php?id=BORME-A-2026-163-08
20260825,A,BARCELONA,390868,FONOSERVICE SA,"Revocaciones. APODERAD.SOL: GALINDO SANCHEZ DAVID. APOD.SOL/MAN: DEL RIO REGIDOR JORGE;ALCOCER SIERRA ANDRES.  Datos registrales. S 8 , H B 119947, I/A 92 (18.08.26).",https://www.boe.es/diario_borme/xml.php?id=BORME-A-2026-163-08
20260825,A,BARCELONA,390869,BRICK & BEYOND CONSTRUMAT S.L,"Constitución. Comienzo de operaciones: 24.07.26. Objeto social: CONSTRUCCION, INSTALACIONES Y MANTENIMIENTO. IMPORTACION Y EXPORTACION AL POR MENOR Y MAYOR, INCLUYENDO EL COMERCIO POR INTERNET, FABRICACION, DISTRIBUCION E INTERMEDIACION COMERCIAL DE EQUIPOS INFORMATICOS, ETC. Domicilio: CL BALUARD NUM.6 P.2 PTA.3 (SANT PERE DE RIBES). Capital: 3.000,00 Euros. Nombramientos. ADM.UNICO: ESMORIS LLORCA ALBERTO.  Datos registrales. S 8 , H B 662406, I/A 1 (18.08.26).",https://www.boe.es/diario_borme/xml.php?id=BORME-A-2026-163-08
20260825,A,BARCELONA,390870,GOLDEN MANOR S.L,"Constitución. Comienzo de operaciones: 24.07.26. Objeto social: CONSTRUCCION, INSTALACIONES Y MANTENIMIENTO. IMPORTACION Y EXPORTACION AL POR MENOR Y MAYOR, INCLUYENDO EL COMERCIO POR INTERNET, FABRICACION, DISTRIBUCION E INTERMEDIACION COMERCIAL DE EQUIPOS INFORMATICOS, ETC. Domicilio: CL BALUARD NUM.6 P.2 PTA.3 (SANT PERE DE RIBES). Capital: 3.000,00 Euros. Nombramientos. ADM.UNICO: ESMORIS LLORCA ALBERTO.  Datos registrales. S 8 , H B 662402, I/A 1 (18.08.26).",https://www.boe.es/diario_borme/xml.php?id=BORME-A-2026-163-08
20260825,A,BARCELONA,390871,DIMORA PROPERTIES 2 S.L,"Cambio de domicilio social. CL LLEO XIII Num.7 P.BJ PTA.2 (BARCELONA).  Datos registrales. S 8 , H B 662439, I/A 3 (18.08.26).",https://www.boe.es/diario_borme/xml.php?id=BORME-A-2026-163-08
20260825,A,BARCELONA,390872,EUROAZTECA SL,"Revocaciones. ADM.CONCURS.: RUSIÑOL & ASSOCIATS CONSULTORS SL. REP.ADM.CONC: CASTRO SARDA SILVIA. Otros conceptos: SECCION MERCANTIL DEL TI DE BARCELONA, PLAZA NUMERO 4, PROCEDIMIENTO CONCURSO VOLUNTARIO 183/2018, AUTO FIRME DE FECHA 01/07/2026, CONCLUSION DEL CONCURSO VOLUNTARIO DE LA SOCIEDAD Y CIERRE PROVISIONAL DE LA HOJA REGISTRAL.  Datos registrales. S 8 , H B 101845, I/A 10 (19.08.26).",https://www.boe.es/diario_borme/xml.php?id=BORME-A-2026-163-08
